ISO-10303-21;
HEADER;
FILE_DESCRIPTION (( 'STEP AP214' ),
    '1' );
FILE_NAME ('VIC0250B.STEP',
    '2025-03-11T08:55:08',
    ( 'Owner' ),
    ( 'Organization' ),
    'SwSTEP 2.0',
    'SolidWorks 2020',
    '' );
FILE_SCHEMA (( 'AUTOMOTIVE_DESIGN' ));
ENDSEC;

DATA;
#1 = CARTESIAN_POINT ( 'NONE',  ( -3.001123811401384955, 5.000000000000000000, 1.699999999999999734 ) ) ;
#2 = DIRECTION ( 'NONE',  ( 0.0000000000000000000, 1.000000000000000000, -0.0000000000000000000 ) ) ;
#3 = ORIENTED_EDGE ( 'NONE', *, *, #3196, .T. ) ;
#4 = FACE_OUTER_BOUND ( 'NONE', #710, .T. ) ;
#5 = ORIENTED_EDGE ( 'NONE', *, *, #1569, .T. ) ;
#6 = CYLINDRICAL_SURFACE ( 'NONE', #375, 0.4000000000000000222 ) ;
#7 = ADVANCED_FACE ( 'NONE', ( #586 ), #296, .T. ) ;
#8 = ORIENTED_EDGE ( 'NONE', *, *, #2619, .F. ) ;
#9 = CARTESIAN_POINT ( 'NONE',  ( 4.000000000000001776, -6.349999999999997868, 2.199999999999999734 ) ) ;
#10 = STYLED_ITEM ( 'NONE', ( #82 ), #1992 ) ;
#11 = CARTESIAN_POINT ( 'NONE',  ( 3.000384657911015863E-16, -2.450000000000000178, 4.400000000000000355 ) ) ;
#12 = EDGE_CURVE ( 'NONE', #1233, #2567, #3793, .T. ) ;
#13 = AXIS2_PLACEMENT_3D ( 'NONE', #19, #1187, #2374 ) ;
#14 =( LENGTH_UNIT ( ) NAMED_UNIT ( * ) SI_UNIT ( .MILLI., .METRE. ) );
#15 = AXIS2_PLACEMENT_3D ( 'NONE', #3752, #2589, #1412 ) ;
#16 = ORIENTED_EDGE ( 'NONE', *, *, #1658, .F. ) ;
#17 = CYLINDRICAL_SURFACE ( 'NONE', #332, 2.500000000000000888 ) ;
#18 = AXIS2_PLACEMENT_3D ( 'NONE', #162, #1340, #2528 ) ;
#19 = CARTESIAN_POINT ( 'NONE',  ( 3.001123811401384955, 5.000000000000000000, 3.780783809238926541 ) ) ;
#20 = ADVANCED_FACE ( 'NONE', ( #862 ), #3738, .T. ) ;
#21 = VERTEX_POINT ( 'NONE', #1137 ) ;
#22 = ORIENTED_EDGE ( 'NONE', *, *, #302, .F. ) ;
#23 = CIRCLE ( 'NONE', #519, 0.4000000000000000222 ) ;
#24 = DIRECTION ( 'NONE',  ( 0.0000000000000000000, 0.0000000000000000000, 1.000000000000000000 ) ) ;
#25 = DIRECTION ( 'NONE',  ( -0.0000000000000000000, -0.0000000000000000000, -1.000000000000000000 ) ) ;
#26 = AXIS2_PLACEMENT_3D ( 'NONE', #3084, #441, #1610 ) ;
#27 = ORIENTED_EDGE ( 'NONE', *, *, #1705, .F. ) ;
#28 = CARTESIAN_POINT ( 'NONE',  ( 3.000000000000001776, -6.349999999999997868, 1.699999999999999734 ) ) ;
#29 = ORIENTED_EDGE ( 'NONE', *, *, #2269, .F. ) ;
#30 = ORIENTED_EDGE ( 'NONE', *, *, #3426, .F. ) ;
#31 = EDGE_CURVE ( 'NONE', #3745, #3182, #2613, .T. ) ;
#32 = PLANE ( 'NONE',  #3132 ) ;
#33 = FACE_OUTER_BOUND ( 'NONE', #1713, .T. ) ;
#34 = ORIENTED_EDGE ( 'NONE', *, *, #1089, .F. ) ;
#35 = EDGE_LOOP ( 'NONE', ( #2764, #107, #1034, #2103 ) ) ;
#36 = DIRECTION ( 'NONE',  ( 1.000000000000000000, -0.0000000000000000000, -0.0000000000000000000 ) ) ;
#37 = ORIENTED_EDGE ( 'NONE', *, *, #302, .T. ) ;
#38 = VECTOR ( 'NONE', #3011, 1000.000000000000000 ) ;
#39 = LINE ( 'NONE', #1203, #311 ) ;
#40 = EDGE_LOOP ( 'NONE', ( #2646, #3551, #2079, #1796 ) ) ;
#41 = CARTESIAN_POINT ( 'NONE',  ( 1.010908467008164724, -2.929245101670591822, -1.000000000000000000 ) ) ;
#42 = CARTESIAN_POINT ( 'NONE',  ( -1.189543075285680818, -3.074856693080863401, -0.8245582694128860135 ) ) ;
#43 = ORIENTED_EDGE ( 'NONE', *, *, #2928, .F. ) ;
#44 = PLANE ( 'NONE',  #3512 ) ;
#45 = ORIENTED_EDGE ( 'NONE', *, *, #3761, .T. ) ;
#46 = ADVANCED_FACE ( 'NONE', ( #261 ), #1726, .T. ) ;
#47 = PLANE ( 'NONE',  #1336 ) ;
#48 = DIRECTION ( 'NONE',  ( 1.000000000000000000, 1.024442997624099200E-16, 0.0000000000000000000 ) ) ;
#49 = LINE ( 'NONE', #1213, #2577 ) ;
#50 = EDGE_CURVE ( 'NONE', #988, #1543, #2032, .T. ) ;
#51 = ORIENTED_EDGE ( 'NONE', *, *, #767, .T. ) ;
#52 = DIRECTION ( 'NONE',  ( 1.000000000000000000, 0.0000000000000000000, 0.0000000000000000000 ) ) ;
#53 = DIRECTION ( 'NONE',  ( 1.770125995894700463E-16, -1.000000000000000000, -0.0000000000000000000 ) ) ;
#54 = ORIENTED_EDGE ( 'NONE', *, *, #3168, .T. ) ;
#55 = DIRECTION ( 'NONE',  ( 0.0000000000000000000, 0.0000000000000000000, 1.000000000000000000 ) ) ;
#56 = VERTEX_POINT ( 'NONE', #2305 ) ;
#57 = AXIS2_PLACEMENT_3D ( 'NONE', #2868, #220, #1399 ) ;
#58 = EDGE_CURVE ( 'NONE', #1779, #2311, #2964, .T. ) ;
#59 = CARTESIAN_POINT ( 'NONE',  ( 1.424128161849073759, 1.894510873067209777, -0.8672190783717361739 ) ) ;
#60 = LINE ( 'NONE', #3318, #3312 ) ;
#61 = EDGE_LOOP ( 'NONE', ( #2308, #1822, #1255, #3180 ) ) ;
#62 = DIRECTION ( 'NONE',  ( -0.0000000000000000000, -0.0000000000000000000, -1.000000000000000000 ) ) ;
#63 = EDGE_LOOP ( 'NONE', ( #160, #2857, #1551, #1353 ) ) ;
#64 = ORIENTED_EDGE ( 'NONE', *, *, #1491, .F. ) ;
#65 = FACE_OUTER_BOUND ( 'NONE', #3780, .T. ) ;
#66 = DIRECTION ( 'NONE',  ( 1.000000000000000000, 0.0000000000000000000, -0.0000000000000000000 ) ) ;
#67 = VECTOR ( 'NONE', #297, 1000.000000000000000 ) ;
#68 = ORIENTED_EDGE ( 'NONE', *, *, #451, .F. ) ;
#69 = AXIS2_PLACEMENT_3D ( 'NONE', #3691, #2443, #3610 ) ;
#70 = AXIS2_PLACEMENT_3D ( 'NONE', #283, #1461, #2645 ) ;
#71 = ORIENTED_EDGE ( 'NONE', *, *, #1418, .T. ) ;
#72 = CARTESIAN_POINT ( 'NONE',  ( 0.9000000000000000222, 1.399999999994816280, -0.6000000000000000888 ) ) ;
#73 = ORIENTED_EDGE ( 'NONE', *, *, #50, .T. ) ;
#74 = ADVANCED_FACE ( 'NONE', ( #3475 ), #537, .F. ) ;
#75 = LINE ( 'NONE', #1245, #628 ) ;
#76 = FACE_OUTER_BOUND ( 'NONE', #807, .T. ) ;
#77 = VERTEX_POINT ( 'NONE', #824 ) ;
#78 = CARTESIAN_POINT ( 'NONE',  ( -2.449999999999999734, -2.449999999975159604, 0.2500000000000002220 ) ) ;
#79 = DIRECTION ( 'NONE',  ( -0.0000000000000000000, -0.0000000000000000000, -1.000000000000000000 ) ) ;
#80 = CIRCLE ( 'NONE', #2243, 2.500000000000000888 ) ;
#81 = ADVANCED_FACE ( 'NONE', ( #2018 ), #3453, .F. ) ;
#82 = PRESENTATION_STYLE_ASSIGNMENT (( #1252 ) ) ;
#83 = CIRCLE ( 'NONE', #2245, 0.2500000000000000000 ) ;
#84 = ORIENTED_EDGE ( 'NONE', *, *, #899, .T. ) ;
#85 = ORIENTED_EDGE ( 'NONE', *, *, #2996, .T. ) ;
#86 = ORIENTED_EDGE ( 'NONE', *, *, #715, .F. ) ;
#87 = CARTESIAN_POINT ( 'NONE',  ( 4.000000000000001776, -6.349999999999997868, 2.199999999999999734 ) ) ;
#88 = PLANE ( 'NONE',  #3014 ) ;
#89 = DIRECTION ( 'NONE',  ( 1.000000000000000000, 0.0000000000000000000, -0.0000000000000000000 ) ) ;
#90 = EDGE_CURVE ( 'NONE', #1931, #3298, #1650, .T. ) ;
#91 = EDGE_LOOP ( 'NONE', ( #1884, #557, #1086, #3533 ) ) ;
#92 = LINE ( 'NONE', #1261, #1171 ) ;
#93 = VERTEX_POINT ( 'NONE', #484 ) ;
#94 = ADVANCED_FACE ( 'NONE', ( #1957 ), #1103, .T. ) ;
#95 = DIRECTION ( 'NONE',  ( -0.0000000000000000000, -0.0000000000000000000, -1.000000000000000000 ) ) ;
#96 = CARTESIAN_POINT ( 'NONE',  ( 0.0000000000000000000, -1.399999999994816058, -0.6000000000000000888 ) ) ;
#97 = DIRECTION ( 'NONE',  ( -0.0000000000000000000, -0.0000000000000000000, 1.000000000000000000 ) ) ;
#98 = CARTESIAN_POINT ( 'NONE',  ( -2.450000000000000178, -5.299999999975160137, 0.0000000000000000000 ) ) ;
#99 = ORIENTED_EDGE ( 'NONE', *, *, #3541, .T. ) ;
#100 = ORIENTED_EDGE ( 'NONE', *, *, #467, .T. ) ;
#101 = DIRECTION ( 'NONE',  ( 0.0000000000000000000, 0.0000000000000000000, 1.000000000000000000 ) ) ;
#102 = CARTESIAN_POINT ( 'NONE',  ( -3.001123811401384955, -5.000000000000000000, 2.199999999999999734 ) ) ;
#103 = CARTESIAN_POINT ( 'NONE',  ( 0.4000000000000000222, 4.898587196589413075E-17, 7.699999999999998401 ) ) ;
#104 = CARTESIAN_POINT ( 'NONE',  ( -1.428087394452464132, -2.761524179107072818, -0.8219648426361857441 ) ) ;
#105 = VECTOR ( 'NONE', #3164, 1000.000000000000000 ) ;
#106 = ORIENTED_EDGE ( 'NONE', *, *, #1823, .T. ) ;
#107 = ORIENTED_EDGE ( 'NONE', *, *, #3089, .F. ) ;
#108 = DIRECTION ( 'NONE',  ( -1.000000000000000000, 0.0000000000000000000, 0.0000000000000000000 ) ) ;
#109 = EDGE_LOOP ( 'NONE', ( #474, #1004, #2840, #327 ) ) ;
#110 = DIRECTION ( 'NONE',  ( -0.0000000000000000000, -0.0000000000000000000, 1.000000000000000000 ) ) ;
#111 = DIRECTION ( 'NONE',  ( -1.000000000000000000, 0.0000000000000000000, 0.0000000000000000000 ) ) ;
#112 = CYLINDRICAL_SURFACE ( 'NONE', #3396, 0.9000000000000000222 ) ;
#113 = VECTOR ( 'NONE', #396, 1000.000000000000000 ) ;
#114 = PRODUCT_DEFINITION_SHAPE ( 'NONE', 'NONE',  #3716 ) ;
#115 = ORIENTED_EDGE ( 'NONE', *, *, #1459, .F. ) ;
#116 = CARTESIAN_POINT ( 'NONE',  ( 2.450000000000001066, -5.299999999975159248, 4.150000000000000355 ) ) ;
#117 = CARTESIAN_POINT ( 'NONE',  ( 0.0000000000000000000, -1.399999999994816058, -1.000000000000000000 ) ) ;
#118 = LINE ( 'NONE', #1294, #3515 ) ;
#119 = CARTESIAN_POINT ( 'NONE',  ( 0.0000000000000000000, -6.349999999999998757, 1.199999999999999956 ) ) ;
#120 = EDGE_CURVE ( 'NONE', #1853, #2271, #1787, .T. ) ;
#121 = CARTESIAN_POINT ( 'NONE',  ( 3.500000000000002220, 6.349999999999997868, 1.699999999999999734 ) ) ;
#122 = EDGE_CURVE ( 'NONE', #1386, #1192, #1760, .T. ) ;
#123 = VERTEX_POINT ( 'NONE', #747 ) ;
#124 = DIRECTION ( 'NONE',  ( 0.0000000000000000000, 0.0000000000000000000, 1.000000000000000000 ) ) ;
#125 = ORIENTED_EDGE ( 'NONE', *, *, #1927, .F. ) ;
#126 = CARTESIAN_POINT ( 'NONE',  ( -1.229245101670591422, -2.630386692243066982, -1.000000000000000000 ) ) ;
#127 = AXIS2_PLACEMENT_3D ( 'NONE', #3292, #653, #1842 ) ;
#128 = CARTESIAN_POINT ( 'NONE',  ( -0.9000000000000000222, 1.399999999994816058, -1.000000000000000000 ) ) ;
#129 = CARTESIAN_POINT ( 'NONE',  ( -2.500000000000001332, -3.450000000000000178, 0.3999999999999993006 ) ) ;
#130 = DIRECTION ( 'NONE',  ( -0.0000000000000000000, -1.000000000000000000, -0.0000000000000000000 ) ) ;
#131 = FACE_OUTER_BOUND ( 'NONE', #831, .T. ) ;
#132 = CIRCLE ( 'NONE', #2293, 4.000000000000001776 ) ;
#133 = CYLINDRICAL_SURFACE ( 'NONE', #3765, 0.5000000000000000000 ) ;
#134 = ORIENTED_EDGE ( 'NONE', *, *, #923, .F. ) ;
#135 = DIRECTION ( 'NONE',  ( -1.000000000000000000, 0.0000000000000000000, 0.0000000000000000000 ) ) ;
#136 = EDGE_CURVE ( 'NONE', #2081, #3154, #2336, .T. ) ;
#137 = DIRECTION ( 'NONE',  ( -0.0000000000000000000, -0.0000000000000000000, 1.000000000000000000 ) ) ;
#138 = AXIS2_PLACEMENT_3D ( 'NONE', #1968, #959, #1861 ) ;
#139 = LINE ( 'NONE', #1315, #2189 ) ;
#140 = ADVANCED_FACE ( 'NONE', ( #1242 ), #3405, .T. ) ;
#141 = DIRECTION ( 'NONE',  ( 1.000000000000000000, 1.110223024625156294E-16, 0.0000000000000000000 ) ) ;
#142 = DIRECTION ( 'NONE',  ( 0.0000000000000000000, 0.0000000000000000000, 1.000000000000000000 ) ) ;
#143 = DIRECTION ( 'NONE',  ( 1.000000000000000000, 0.0000000000000000000, -0.0000000000000000000 ) ) ;
#144 = ORIENTED_EDGE ( 'NONE', *, *, #2503, .F. ) ;
#145 = SURFACE_STYLE_FILL_AREA ( #1319 ) ;
#146 = CARTESIAN_POINT ( 'NONE',  ( -1.000000000000000222, 2.950000000000000178, 4.799999999999999822 ) ) ;
#147 = LINE ( 'NONE', #1325, #1100 ) ;
#148 = CARTESIAN_POINT ( 'NONE',  ( 0.0000000000000000000, 0.0000000000000000000, 5.000000000000000000 ) ) ;
#149 = CARTESIAN_POINT ( 'NONE',  ( -2.000000000000001332, -2.450000000000000178, 4.799999999999999822 ) ) ;
#150 = ORIENTED_EDGE ( 'NONE', *, *, #3150, .F. ) ;
#151 = ORIENTED_EDGE ( 'NONE', *, *, #3367, .T. ) ;
#152 = DIRECTION ( 'NONE',  ( 0.0000000000000000000, 0.0000000000000000000, 1.000000000000000000 ) ) ;
#153 = VECTOR ( 'NONE', #3193, 1000.000000000000114 ) ;
#154 = DIRECTION ( 'NONE',  ( 1.000000000000000000, 0.0000000000000000000, 0.0000000000000000000 ) ) ;
#155 = EDGE_CURVE ( 'NONE', #3201, #2311, #299, .T. ) ;
#156 = AXIS2_PLACEMENT_3D ( 'NONE', #1316, #2508, #3673 ) ;
#157 = CARTESIAN_POINT ( 'NONE',  ( 0.0000000000000000000, 0.0000000000000000000, 5.299999999999999822 ) ) ;
#158 = DIRECTION ( 'NONE',  ( -0.7071067811865469066, 0.7071067811865480168, 0.0000000000000000000 ) ) ;
#159 = EDGE_CURVE ( 'NONE', #1008, #1188, #1334, .T. ) ;
#160 = ORIENTED_EDGE ( 'NONE', *, *, #3581, .F. ) ;
#161 = VERTEX_POINT ( 'NONE', #2721 ) ;
#162 = CARTESIAN_POINT ( 'NONE',  ( -2.500000000000000000, -6.349999999999999645, 0.3999999999999993006 ) ) ;
#163 = ORIENTED_EDGE ( 'NONE', *, *, #2657, .F. ) ;
#164 = ORIENTED_EDGE ( 'NONE', *, *, #1012, .T. ) ;
#165 = DIRECTION ( 'NONE',  ( 1.000000000000000000, 9.462128050782575008E-16, 0.0000000000000000000 ) ) ;
#166 = EDGE_CURVE ( 'NONE', #802, #3251, #1542, .T. ) ;
#167 = ORIENTED_EDGE ( 'NONE', *, *, #223, .F. ) ;
#168 = FACE_BOUND ( 'NONE', #2310, .T. ) ;
#169 = CIRCLE ( 'NONE', #1848, 0.9000000000000000222 ) ;
#170 = EDGE_CURVE ( 'NONE', #1684, #2495, #2575, .T. ) ;
#171 = LINE ( 'NONE', #1349, #300 ) ;
#172 = EDGE_CURVE ( 'NONE', #3298, #2547, #3101, .T. ) ;
#173 = ORIENTED_EDGE ( 'NONE', *, *, #2372, .T. ) ;
#174 = AXIS2_PLACEMENT_3D ( 'NONE', #517, #222, #1293 ) ;
#175 = AXIS2_PLACEMENT_3D ( 'NONE', #2430, #3602, #958 ) ;
#176 = PLANE ( 'NONE',  #2213 ) ;
#177 = VECTOR ( 'NONE', #2672, 1000.000000000000000 ) ;
#178 = DIRECTION ( 'NONE',  ( 0.0000000000000000000, -1.000000000000000000, 0.0000000000000000000 ) ) ;
#179 = DIRECTION ( 'NONE',  ( -0.0000000000000000000, 0.0000000000000000000, -1.000000000000000000 ) ) ;
#180 = APPLICATION_PROTOCOL_DEFINITION ( 'draft international standard', 'automotive_design', 1998, #1476 ) ;
#181 = CARTESIAN_POINT ( 'NONE',  ( -3.001123811401384955, 5.000000000000000000, 2.199999999999999734 ) ) ;
#182 = EDGE_LOOP ( 'NONE', ( #115, #1940, #981, #920 ) ) ;
#183 = ORIENTED_EDGE ( 'NONE', *, *, #2421, .F. ) ;
#184 = DIRECTION ( 'NONE',  ( 0.0000000000000000000, 0.0000000000000000000, 1.000000000000000000 ) ) ;
#185 = ORIENTED_EDGE ( 'NONE', *, *, #1664, .T. ) ;
#186 = APPLICATION_CONTEXT ( 'automotive_design' ) ;
#187 = CYLINDRICAL_SURFACE ( 'NONE', #3161, 2.500000000000002220 ) ;
#188 = EDGE_CURVE ( 'NONE', #3430, #3727, #2330, .T. ) ;
#189 = PRODUCT ( 'VIC0250B', 'VIC0250B', '', ( #2830 ) ) ;
#190 = ORIENTED_EDGE ( 'NONE', *, *, #1268, .F. ) ;
#191 = VECTOR ( 'NONE', #1256, 1000.000000000000000 ) ;
#192 = DIRECTION ( 'NONE',  ( 0.0000000000000000000, 0.0000000000000000000, 1.000000000000000000 ) ) ;
#193 = VECTOR ( 'NONE', #3785, 1000.000000000000000 ) ;
#194 = EDGE_CURVE ( 'NONE', #3699, #3468, #169, .T. ) ;
#195 = EDGE_CURVE ( 'NONE', #21, #2804, #3600, .T. ) ;
#196 = VERTEX_POINT ( 'NONE', #3690 ) ;
#197 = DIRECTION ( 'NONE',  ( -1.000000000000000000, 0.0000000000000000000, 0.0000000000000000000 ) ) ;
#198 = DIRECTION ( 'NONE',  ( 1.000000000000000000, 0.0000000000000000000, 0.0000000000000000000 ) ) ;
#199 = DIRECTION ( 'NONE',  ( 0.0000000000000000000, 0.0000000000000000000, 1.000000000000000000 ) ) ;
#200 = CARTESIAN_POINT ( 'NONE',  ( 0.0000000000000000000, 0.0000000000000000000, 0.4000000000000000222 ) ) ;
#201 = VECTOR ( 'NONE', #731, 1000.000000000000000 ) ;
#202 = ORIENTED_EDGE ( 'NONE', *, *, #976, .F. ) ;
#203 = SHAPE_DEFINITION_REPRESENTATION ( #3320, #2870 ) ;
#204 = AXIS2_PLACEMENT_3D ( 'NONE', #3481, #2312, #1125 ) ;
#205 = CARTESIAN_POINT ( 'NONE',  ( 1.000000000000000000, 3.457717923282643824, 4.799999999999999822 ) ) ;
#206 = ORIENTED_EDGE ( 'NONE', *, *, #782, .F. ) ;
#207 = VECTOR ( 'NONE', #817, 1000.000000000000000 ) ;
#208 = CARTESIAN_POINT ( 'NONE',  ( -0.5000000000000000000, -1.399999999994816058, 3.299999999999999378 ) ) ;
#209 = ORIENTED_EDGE ( 'NONE', *, *, #58, .T. ) ;
#210 = VERTEX_POINT ( 'NONE', #2692 ) ;
#211 = DIRECTION ( 'NONE',  ( 1.000000000000000000, 0.0000000000000000000, -0.0000000000000000000 ) ) ;
#212 = ADVANCED_FACE ( 'NONE', ( #65 ), #47, .F. ) ;
#213 = ORIENTED_EDGE ( 'NONE', *, *, #3582, .T. ) ;
#214 = CARTESIAN_POINT ( 'NONE',  ( 0.9000000000000000222, 1.102182119232617788E-16, 0.0000000000000000000 ) ) ;
#215 = CARTESIAN_POINT ( 'NONE',  ( -2.750000000000003109, 6.349999999999996980, 0.2500000000000002220 ) ) ;
#216 = ADVANCED_FACE ( 'NONE', ( #935 ), #1211, .T. ) ;
#217 = CARTESIAN_POINT ( 'NONE',  ( -3.000000000000002665, 6.349999999999996092, 4.799999999999999822 ) ) ;
#218 = VERTEX_POINT ( 'NONE', #1631 ) ;
#219 = DIRECTION ( 'NONE',  ( -0.0000000000000000000, -0.0000000000000000000, -1.000000000000000000 ) ) ;
#220 = DIRECTION ( 'NONE',  ( 0.0000000000000000000, 0.0000000000000000000, -1.000000000000000000 ) ) ;
#221 = CIRCLE ( 'NONE', #2358, 0.9000000000000000222 ) ;
#222 = DIRECTION ( 'NONE',  ( -1.013945871708442777E-11, -1.000000000000000000, -1.013945871708441000E-11 ) ) ;
#223 = EDGE_CURVE ( 'NONE', #3323, #3540, #2713, .T. ) ;
#224 = ITEM_DEFINED_TRANSFORMATION ( 'NONE', 'NONE', #156,  #594 ) ;
#225 = STYLED_ITEM ( 'NONE', ( #3288 ), #2661 ) ;
#226 = ORIENTED_EDGE ( 'NONE', *, *, #1158, .F. ) ;
#227 = CARTESIAN_POINT ( 'NONE',  ( -3.500000000000002665, -6.349999999999998757, 1.699999999999999734 ) ) ;
#228 = ORIENTED_EDGE ( 'NONE', *, *, #1031, .F. ) ;
#229 = ORIENTED_EDGE ( 'NONE', *, *, #851, .F. ) ;
#230 = DIRECTION ( 'NONE',  ( -0.0000000000000000000, -0.0000000000000000000, -1.000000000000000000 ) ) ;
#231 = ORIENTED_EDGE ( 'NONE', *, *, #1609, .T. ) ;
#232 = LINE ( 'NONE', #1408, #3517 ) ;
#233 = ORIENTED_EDGE ( 'NONE', *, *, #3592, .T. ) ;
#234 = CARTESIAN_POINT ( 'NONE',  ( -1.229245101670591422, -2.630386692243066982, -1.000000000000000000 ) ) ;
#235 = EDGE_CURVE ( 'NONE', #736, #3209, #2034, .T. ) ;
#236 = LINE ( 'NONE', #2883, #2176 ) ;
#237 = CIRCLE ( 'NONE', #2395, 0.5000000000000000000 ) ;
#238 = DIRECTION ( 'NONE',  ( -0.0000000000000000000, -0.0000000000000000000, 1.000000000000000000 ) ) ;
#239 = AXIS2_PLACEMENT_3D ( 'NONE', #1331, #2521, #3684 ) ;
#240 = CARTESIAN_POINT ( 'NONE',  ( 1.198571197891291407, -2.785126267658035726, -1.000000000000000000 ) ) ;
#241 = EDGE_CURVE ( 'NONE', #3545, #1733, #2154, .T. ) ;
#242 = AXIS2_PLACEMENT_3D ( 'NONE', #291, #1469, #2653 ) ;
#243 = CARTESIAN_POINT ( 'NONE',  ( 3.001123811401384955, 5.000000000000000000, 1.699999999999999734 ) ) ;
#244 = ADVANCED_FACE ( 'NONE', ( #3127 ), #489, .F. ) ;
#245 = ADVANCED_FACE ( 'NONE', ( #1365 ), #1465, .T. ) ;
#246 = CARTESIAN_POINT ( 'NONE',  ( 0.0000000000000000000, 0.0000000000000000000, 0.4000000000000000222 ) ) ;
#247 = DIRECTION ( 'NONE',  ( 1.000000000000000000, 0.0000000000000000000, 0.0000000000000000000 ) ) ;
#248 = ORIENTED_EDGE ( 'NONE', *, *, #2503, .T. ) ;
#249 = DIRECTION ( 'NONE',  ( -0.0000000000000000000, -0.0000000000000000000, 1.000000000000000000 ) ) ;
#250 = VECTOR ( 'NONE', #2345, 1000.000000000000000 ) ;
#251 = ORIENTED_EDGE ( 'NONE', *, *, #545, .F. ) ;
#252 = DIRECTION ( 'NONE',  ( 1.000000000000000000, -1.521687259628777768E-16, 0.0000000000000000000 ) ) ;
#253 = DIRECTION ( 'NONE',  ( -1.000000000000000000, -0.0000000000000000000, -0.0000000000000000000 ) ) ;
#254 = AXIS2_PLACEMENT_3D ( 'NONE', #1321, #2511, #3676 ) ;
#255 = DIRECTION ( 'NONE',  ( 0.0000000000000000000, 0.0000000000000000000, 1.000000000000000000 ) ) ;
#256 = CARTESIAN_POINT ( 'NONE',  ( 2.450000000000000622, -2.449999999975159160, 0.2500000000000002220 ) ) ;
#257 = DIRECTION ( 'NONE',  ( -1.000000000000000000, 0.0000000000000000000, 0.0000000000000000000 ) ) ;
#258 = CIRCLE ( 'NONE', #2907, 0.2500000000000002220 ) ;
#259 = EDGE_CURVE ( 'NONE', #3352, #1386, #1975, .T. ) ;
#260 = VERTEX_POINT ( 'NONE', #3144 ) ;
#261 = FACE_OUTER_BOUND ( 'NONE', #2744, .T. ) ;
#262 = DIRECTION ( 'NONE',  ( -0.0000000000000000000, -0.0000000000000000000, -1.000000000000000000 ) ) ;
#263 = EDGE_LOOP ( 'NONE', ( #1488, #3130, #2394, #3488 ) ) ;
#264 = VECTOR ( 'NONE', #3056, 1000.000000000000000 ) ;
#265 = DIRECTION ( 'NONE',  ( 0.0000000000000000000, 0.0000000000000000000, 1.000000000000000000 ) ) ;
#266 = VECTOR ( 'NONE', #230, 1000.000000000000000 ) ;
#267 = ORIENTED_EDGE ( 'NONE', *, *, #3485, .T. ) ;
#268 = CARTESIAN_POINT ( 'NONE',  ( 1.009309150500235619, -2.929245100948058678, -1.000000000000000000 ) ) ;
#269 = AXIS2_PLACEMENT_3D ( 'NONE', #2411, #1519, #52 ) ;
#270 = DIRECTION ( 'NONE',  ( 1.000000000000000000, 0.0000000000000000000, 0.0000000000000000000 ) ) ;
#271 = DIRECTION ( 'NONE',  ( 0.0000000000000000000, 0.0000000000000000000, -1.000000000000000000 ) ) ;
#272 = DIRECTION ( 'NONE',  ( 0.0000000000000000000, 0.0000000000000000000, -1.000000000000000000 ) ) ;
#273 = CARTESIAN_POINT ( 'NONE',  ( 0.0000000000000000000, 6.349999999999998757, 2.199999999999999734 ) ) ;
#274 = CARTESIAN_POINT ( 'NONE',  ( 1.229245101670591200, -2.630386692243067870, -1.000000000000000000 ) ) ;
#275 = LINE ( 'NONE', #217, #280 ) ;
#276 = CARTESIAN_POINT ( 'NONE',  ( 2.981555974335137194E-16, 1.684615384615384404, 0.0000000000000000000 ) ) ;
#277 = CARTESIAN_POINT ( 'NONE',  ( 0.0000000000000000000, 6.349999999999998757, 1.199999999999999956 ) ) ;
#278 = DIRECTION ( 'NONE',  ( 0.0000000000000000000, 1.000000000000000000, -0.0000000000000000000 ) ) ;
#279 = DIRECTION ( 'NONE',  ( -1.000000000000000000, 0.0000000000000000000, -0.0000000000000000000 ) ) ;
#280 = VECTOR ( 'NONE', #2864, 1000.000000000000000 ) ;
#281 = DIRECTION ( 'NONE',  ( -0.0000000000000000000, -0.0000000000000000000, -1.000000000000000000 ) ) ;
#282 = EDGE_CURVE ( 'NONE', #786, #1781, #506, .T. ) ;
#283 = CARTESIAN_POINT ( 'NONE',  ( 0.0000000000000000000, 6.349999999999998757, 0.2500000000000002220 ) ) ;
#284 = ORIENTED_EDGE ( 'NONE', *, *, #1491, .T. ) ;
#285 = DIRECTION ( 'NONE',  ( 0.0000000000000000000, 0.0000000000000000000, 1.000000000000000000 ) ) ;
#286 = VERTEX_POINT ( 'NONE', #208 ) ;
#287 = CARTESIAN_POINT ( 'NONE',  ( 2.981555974335137194E-16, 1.684615384615384404, 0.0000000000000000000 ) ) ;
#288 = DIRECTION ( 'NONE',  ( 0.0000000000000000000, 1.013945871708443747E-11, 1.000000000000000000 ) ) ;
#289 = EDGE_CURVE ( 'NONE', #2096, #3251, #1387, .T. ) ;
#290 = ORIENTED_EDGE ( 'NONE', *, *, #1983, .F. ) ;
#291 = CARTESIAN_POINT ( 'NONE',  ( 0.9303866922430672481, -2.929245101670591378, -0.8000000000000000444 ) ) ;
#292 = ORIENTED_EDGE ( 'NONE', *, *, #2186, .T. ) ;
#293 = CARTESIAN_POINT ( 'NONE',  ( 3.001123811401384955, -3.499999999999999556, 3.780783809238926541 ) ) ;
#294 =( REPRESENTATION_RELATIONSHIP ('NONE','NONE', #749, #2843 ) REPRESENTATION_RELATIONSHIP_WITH_TRANSFORMATION ( #2272 )SHAPE_REPRESENTATION_RELATIONSHIP( ) );
#295 = AXIS2_PLACEMENT_3D ( 'NONE', #3711, #790, #1980 ) ;
#296 = CYLINDRICAL_SURFACE ( 'NONE', #2580, 0.2500000000000000000 ) ;
#297 = DIRECTION ( 'NONE',  ( 0.0000000000000000000, 0.0000000000000000000, -1.000000000000000000 ) ) ;
#298 = DIRECTION ( 'NONE',  ( -1.000000000000000000, 0.0000000000000000000, 0.0000000000000000000 ) ) ;
#299 = CIRCLE ( 'NONE', #1155, 0.2000000000000001221 ) ;
#300 = VECTOR ( 'NONE', #2536, 1000.000000000000000 ) ;
#301 = PRESENTATION_STYLE_ASSIGNMENT (( #2947 ) ) ;
#302 = EDGE_CURVE ( 'NONE', #2731, #2856, #1091, .T. ) ;
#303 = ORIENTED_EDGE ( 'NONE', *, *, #2135, .F. ) ;
#304 = DIRECTION ( 'NONE',  ( 1.000000000000000000, 0.0000000000000000000, 0.0000000000000000000 ) ) ;
#305 = CARTESIAN_POINT ( 'NONE',  ( -3.000000000000002665, 6.349999999999996092, 4.799999999999999822 ) ) ;
#306 = PRODUCT_RELATED_PRODUCT_CATEGORY ( 'part', '', ( #3015 ) ) ;
#307 = ORIENTED_EDGE ( 'NONE', *, *, #3652, .T. ) ;
#308 = ORIENTED_EDGE ( 'NONE', *, *, #1379, .F. ) ;
#309 = EDGE_CURVE ( 'NONE', #3564, #1539, #810, .T. ) ;
#310 = DIRECTION ( 'NONE',  ( 1.000000000000000000, 0.0000000000000000000, 0.0000000000000000000 ) ) ;
#311 = VECTOR ( 'NONE', #2393, 1000.000000000000000 ) ;
#312 = EDGE_LOOP ( 'NONE', ( #999, #316, #2814, #2866, #1149, #209, #1270, #307 ) ) ;
#313 = FACE_OUTER_BOUND ( 'NONE', #775, .T. ) ;
#314 = ORIENTED_EDGE ( 'NONE', *, *, #3505, .T. ) ;
#315 = LINE ( 'NONE', #1489, #177 ) ;
#316 = ORIENTED_EDGE ( 'NONE', *, *, #1747, .T. ) ;
#317 = VERTEX_POINT ( 'NONE', #524 ) ;
#318 = CARTESIAN_POINT ( 'NONE',  ( 3.500000000000002220, 6.349999999999997868, 2.199999999999999734 ) ) ;
#319 = CARTESIAN_POINT ( 'NONE',  ( -3.500000000001252332, -5.000000000000000000, 3.780783809238926541 ) ) ;
#320 = SHAPE_REPRESENTATION_RELATIONSHIP ( 'NONE' , 'NONE' ,  #2870, #1981 ) ;
#321 = ORIENTED_EDGE ( 'NONE', *, *, #1700, .T. ) ;
#322 = VECTOR ( 'NONE', #1348, 1000.000000000000000 ) ;
#323 = EDGE_CURVE ( 'NONE', #1370, #1123, #1750, .T. ) ;
#324 = ORIENTED_EDGE ( 'NONE', *, *, #1169, .F. ) ;
#325 = CARTESIAN_POINT ( 'NONE',  ( 3.001123811401384955, -5.000000000000000000, 3.780783809238926541 ) ) ;
#326 = AXIS2_PLACEMENT_3D ( 'NONE', #3142, #503, #1673 ) ;
#327 = ORIENTED_EDGE ( 'NONE', *, *, #2535, .T. ) ;
#328 = CARTESIAN_POINT ( 'NONE',  ( -2.200000000000000178, -5.299999999975160137, 0.2500000000000002220 ) ) ;
#329 = ORIENTED_EDGE ( 'NONE', *, *, #1727, .F. ) ;
#330 =( BOUNDED_CURVE ( )  B_SPLINE_CURVE ( 3, ( #2540, #3701, #1063, #2251 ),
 .UNSPECIFIED., .F., .F. ) 
 B_SPLINE_CURVE_WITH_KNOTS ( ( 4, 4 ),
 ( 3.262830950974471826E-16, 0.7816000651241670205 ),
 .UNSPECIFIED. ) 
 CURVE ( )  GEOMETRIC_REPRESENTATION_ITEM ( )  RATIONAL_B_SPLINE_CURVE ( ( 1.000000000000000000, 0.9497364005219712801, 0.9497364005219712801, 1.000000000000000000 ) ) 
 REPRESENTATION_ITEM ( '' )  );
#331 = ORIENTED_EDGE ( 'NONE', *, *, #3218, .T. ) ;
#332 = AXIS2_PLACEMENT_3D ( 'NONE', #2664, #1478, #304 ) ;
#333 = EDGE_CURVE ( 'NONE', #2401, #2761, #1456, .T. ) ;
#334 = CARTESIAN_POINT ( 'NONE',  ( -1.000000000000000222, 3.457717923282643824, 4.299999999999999822 ) ) ;
#335 = CARTESIAN_POINT ( 'NONE',  ( -1.061524179107073529, -3.128087394452463421, -0.8219648426361861882 ) ) ;
#336 = AXIS2_PLACEMENT_3D ( 'NONE', #769, #1956, #3119 ) ;
#337 = ORIENTED_EDGE ( 'NONE', *, *, #1322, .T. ) ;
#338 = CARTESIAN_POINT ( 'NONE',  ( 2.200000000000000622, -2.449999999975159160, 4.400000000000000355 ) ) ;
#339 = ADVANCED_FACE ( 'NONE', ( #1162 ), #2346, .T. ) ;
#340 = ORIENTED_EDGE ( 'NONE', *, *, #2152, .F. ) ;
#341 = ORIENTED_EDGE ( 'NONE', *, *, #3629, .F. ) ;
#342 = ORIENTED_EDGE ( 'NONE', *, *, #566, .T. ) ;
#343 = CARTESIAN_POINT ( 'NONE',  ( -3.001123811401384955, 5.000000000000000000, 1.699999999999999734 ) ) ;
#344 = CARTESIAN_POINT ( 'NONE',  ( -0.5000000000000000000, 1.399999999994816058, 3.299999999999999378 ) ) ;
#345 = ADVANCED_FACE ( 'NONE', ( #3234 ), #588, .T. ) ;
#346 = ORIENTED_EDGE ( 'NONE', *, *, #1711, .T. ) ;
#347 = CYLINDRICAL_SURFACE ( 'NONE', #1062, 0.1499999999999999667 ) ;
#348 = EDGE_LOOP ( 'NONE', ( #3762, #1260 ) ) ;
#349 = VECTOR ( 'NONE', #1602, 1000.000000000000000 ) ;
#350 = ADVANCED_FACE ( 'NONE', ( #1475 ), #2660, .T. ) ;
#351 = CARTESIAN_POINT ( 'NONE',  ( -3.500000000001252332, -5.000000000000000000, 2.199999999999999734 ) ) ;
#352 = VERTEX_POINT ( 'NONE', #3535 ) ;
#353 = DIRECTION ( 'NONE',  ( 0.0000000000000000000, 0.0000000000000000000, 1.000000000000000000 ) ) ;
#354 = ADVANCED_FACE ( 'NONE', ( #901 ), #2086, .F. ) ;
#355 = LINE ( 'NONE', #1525, #610 ) ;
#356 =( BOUNDED_SURFACE ( )  B_SPLINE_SURFACE ( 3, 2, ( 
 ( #691, #1882, #3049 ),
 ( #406, #1578, #2758 ),
 ( #104, #1280, #2471 ),
 ( #3637, #994, #2181 ) ),
 .UNSPECIFIED., .F., .F., .F. ) 
 B_SPLINE_SURFACE_WITH_KNOTS ( ( 4, 4 ),
 ( 3, 3 ),
 ( -8.881784197001252323E-16, 0.7816000651241692410 ),
 ( 0.0000000000000000000, 1.000000000000000000 ),
 .UNSPECIFIED. ) 
 GEOMETRIC_REPRESENTATION_ITEM ( )  RATIONAL_B_SPLINE_SURFACE ( (
 ( 1.000000000000000000, 0.7492634205062600472, 1.000000000000000000),
 ( 1.000000000000000000, 0.7493005499708284001, 1.000000000000000000),
 ( 1.000000000000000000, 0.7449550586513147277, 1.000000000000000000),
 ( 1.000000000000000000, 0.7372773368101240843, 1.000000000000000000) ) ) 
 REPRESENTATION_ITEM ( '' )  SURFACE ( )  );
#357 = EDGE_LOOP ( 'NONE', ( #2658, #85, #3566, #794 ) ) ;
#358 = DIRECTION ( 'NONE',  ( -0.0000000000000000000, -0.0000000000000000000, 1.000000000000000000 ) ) ;
#359 = ORIENTED_EDGE ( 'NONE', *, *, #811, .F. ) ;
#360 = DIRECTION ( 'NONE',  ( -0.0000000000000000000, -1.000000000000000000, -0.0000000000000000000 ) ) ;
#361 = DIRECTION ( 'NONE',  ( -0.0000000000000000000, -0.0000000000000000000, -1.000000000000000000 ) ) ;
#362 = DIRECTION ( 'NONE',  ( 0.0000000000000000000, -1.000000000000000000, 0.0000000000000000000 ) ) ;
#363 = EDGE_LOOP ( 'NONE', ( #2001, #367, #2716, #1993 ) ) ;
#364 = AXIS2_PLACEMENT_3D ( 'NONE', #2344, #2999, #1830 ) ;
#365 = EDGE_CURVE ( 'NONE', #1661, #3560, #2963, .T. ) ;
#366 = AXIS2_PLACEMENT_3D ( 'NONE', #3191, #547, #1722 ) ;
#367 = ORIENTED_EDGE ( 'NONE', *, *, #1500, .T. ) ;
#368 = VERTEX_POINT ( 'NONE', #2678 ) ;
#369 = ADVANCED_FACE ( 'NONE', ( #33 ), #1197, .F. ) ;
#370 = LINE ( 'NONE', #1541, #1557 ) ;
#371 = VECTOR ( 'NONE', #1272, 1000.000000000000000 ) ;
#372 = EDGE_LOOP ( 'NONE', ( #2933, #1346, #2266, #2407 ) ) ;
#373 = LINE ( 'NONE', #1544, #2288 ) ;
#374 = ORIENTED_EDGE ( 'NONE', *, *, #2368, .T. ) ;
#375 = AXIS2_PLACEMENT_3D ( 'NONE', #1176, #2363, #3532 ) ;
#376 = CARTESIAN_POINT ( 'NONE',  ( -3.500000000000002665, -5.000000000000000888, 1.699999999999999734 ) ) ;
#377 = FACE_OUTER_BOUND ( 'NONE', #1606, .T. ) ;
#378 = PLANE ( 'NONE',  #3692 ) ;
#379 = VERTEX_POINT ( 'NONE', #2101 ) ;
#380 = ORIENTED_EDGE ( 'NONE', *, *, #530, .F. ) ;
#381 = VERTEX_POINT ( 'NONE', #3270 ) ;
#382 = DIRECTION ( 'NONE',  ( -0.0000000000000000000, -0.0000000000000000000, 1.000000000000000000 ) ) ;
#383 = CARTESIAN_POINT ( 'NONE',  ( 3.001123811401384955, 3.499999999999999556, 3.780783809238926541 ) ) ;
#384 = VECTOR ( 'NONE', #3595, 1000.000000000000000 ) ;
#385 = EDGE_CURVE ( 'NONE', #1123, #2277, #2092, .T. ) ;
#386 = VECTOR ( 'NONE', #2242, 1000.000000000000000 ) ;
#387 = VECTOR ( 'NONE', #2931, 1000.000000000000000 ) ;
#388 = PLANE ( 'NONE',  #2548 ) ;
#389 = VERTEX_POINT ( 'NONE', #344 ) ;
#390 = VERTEX_POINT ( 'NONE', #1516 ) ;
#391 = LINE ( 'NONE', #1563, #2050 ) ;
#392 = EDGE_LOOP ( 'NONE', ( #3283, #5, #938, #2732 ) ) ;
#393 = DIRECTION ( 'NONE',  ( -0.0000000000000000000, -0.0000000000000000000, 1.000000000000000000 ) ) ;
#394 = CARTESIAN_POINT ( 'NONE',  ( 0.0000000000000000000, -6.349999999999998757, 4.799999999999999822 ) ) ;
#395 = VECTOR ( 'NONE', #1862, 1000.000000000000000 ) ;
#396 = DIRECTION ( 'NONE',  ( -1.024442997624099077E-16, 1.000000000000000000, -0.0000000000000000000 ) ) ;
#397 = CARTESIAN_POINT ( 'NONE',  ( 3.000384657911015863E-16, -2.450000000000000178, 4.150000000000000355 ) ) ;
#398 = AXIS2_PLACEMENT_3D ( 'NONE', #2376, #1190, #24 ) ;
#399 = CIRCLE ( 'NONE', #2554, 3.000000000000002220 ) ;
#400 = ORIENTED_EDGE ( 'NONE', *, *, #1611, .T. ) ;
#401 = VERTEX_POINT ( 'NONE', #2694 ) ;
#402 = FACE_OUTER_BOUND ( 'NONE', #1142, .T. ) ;
#403 = CARTESIAN_POINT ( 'NONE',  ( 1.499999999999999556, -3.200000000000000178, -0.0000000000000000000 ) ) ;
#404 = PRODUCT ( 'J0062C-00', 'J0062C-00', '', ( #3706 ) ) ;
#405 = SURFACE_SIDE_STYLE ('',( #3046 ) ) ;
#406 = CARTESIAN_POINT ( 'NONE',  ( -1.374856693080865000, -2.889543075285680107, -0.8245582694128777979 ) ) ;
#407 = EDGE_CURVE ( 'NONE', #1600, #1579, #49, .T. ) ;
#408 = ORIENTED_EDGE ( 'NONE', *, *, #1075, .F. ) ;
#409 = EDGE_LOOP ( 'NONE', ( #2340, #3456, #3219, #2231 ) ) ;
#410 = PLANE ( 'NONE',  #444 ) ;
#411 = ORIENTED_EDGE ( 'NONE', *, *, #2222, .T. ) ;
#412 = CARTESIAN_POINT ( 'NONE',  ( 0.0000000000000000000, 1.399999999994816058, 0.0000000000000000000 ) ) ;
#413 = CARTESIAN_POINT ( 'NONE',  ( 3.500000000001252332, 3.499999999999999556, 2.199999999999999734 ) ) ;
#414 = EDGE_CURVE ( 'NONE', #3105, #3545, #3362, .T. ) ;
#415 = DIRECTION ( 'NONE',  ( -1.000000000000000000, 0.0000000000000000000, 0.0000000000000000000 ) ) ;
#416 = ORIENTED_EDGE ( 'NONE', *, *, #3184, .T. ) ;
#417 = LINE ( 'NONE', #1588, #3215 ) ;
#418 = ADVANCED_FACE ( 'NONE', ( #3080 ), #439, .F. ) ;
#419 = EDGE_LOOP ( 'NONE', ( #1614, #150, #3443, #776 ) ) ;
#420 = CARTESIAN_POINT ( 'NONE',  ( -2.200000000000000178, -5.299999999975160137, 4.400000000000000355 ) ) ;
#421 = DIRECTION ( 'NONE',  ( 6.829619984160660511E-17, -1.000000000000000000, -0.0000000000000000000 ) ) ;
#422 = CARTESIAN_POINT ( 'NONE',  ( 3.000000000000000888, -6.349999999999998757, 1.199999999999999956 ) ) ;
#423 = EDGE_LOOP ( 'NONE', ( #2183, #1073, #2192, #2249 ) ) ;
#424 = ORIENTED_EDGE ( 'NONE', *, *, #655, .F. ) ;
#425 = DIRECTION ( 'NONE',  ( 6.829619984160660511E-17, -1.000000000000000000, 0.0000000000000000000 ) ) ;
#426 = EDGE_CURVE ( 'NONE', #3262, #2642, #1311, .T. ) ;
#427 = VECTOR ( 'NONE', #1495, 1000.000000000000000 ) ;
#428 = CARTESIAN_POINT ( 'NONE',  ( -1.141848732774663810, -2.841848732774663766, -1.000000000000000000 ) ) ;
#429 = ADVANCED_FACE ( 'NONE', ( #1029 ), #2211, .F. ) ;
#430 = CARTESIAN_POINT ( 'NONE',  ( -1.500000000000000888, -2.950000000000000178, 3.299999999999999378 ) ) ;
#431 = CARTESIAN_POINT ( 'NONE',  ( 0.0000000000000000000, -6.349999999999998757, 0.3999999999999993006 ) ) ;
#432 = DIRECTION ( 'NONE',  ( -0.0000000000000000000, -0.0000000000000000000, -1.000000000000000000 ) ) ;
#433 = CIRCLE ( 'NONE', #2774, 0.5000000000000000000 ) ;
#434 = PRODUCT ( 'M0062B-00', 'M0062B-00', '', ( #787 ) ) ;
#435 = ORIENTED_EDGE ( 'NONE', *, *, #122, .F. ) ;
#436 = LINE ( 'NONE', #1055, #386 ) ;
#437 =( NAMED_UNIT ( * ) PLANE_ANGLE_UNIT ( ) SI_UNIT ( $, .RADIAN. ) );
#438 = ORIENTED_EDGE ( 'NONE', *, *, #2087, .T. ) ;
#439 = PLANE ( 'NONE',  #1918 ) ;
#440 = FACE_OUTER_BOUND ( 'NONE', #1646, .T. ) ;
#441 = DIRECTION ( 'NONE',  ( 0.0000000000000000000, 0.0000000000000000000, 1.000000000000000000 ) ) ;
#442 = CIRCLE ( 'NONE', #2104, 0.4000000000000000222 ) ;
#443 = DIRECTION ( 'NONE',  ( 1.000000000000000000, 0.0000000000000000000, 0.0000000000000000000 ) ) ;
#444 = AXIS2_PLACEMENT_3D ( 'NONE', #1583, #2762, #108 ) ;
#445 = DIRECTION ( 'NONE',  ( -0.0000000000000000000, -0.0000000000000000000, -1.000000000000000000 ) ) ;
#446 = PLANE ( 'NONE',  #3579 ) ;
#447 = CARTESIAN_POINT ( 'NONE',  ( 2.200000000000001066, -2.449999999975159160, 4.400000000000000355 ) ) ;
#448 = DIRECTION ( 'NONE',  ( -1.000000000000000000, 0.0000000000000000000, 0.0000000000000000000 ) ) ;
#449 = DIRECTION ( 'NONE',  ( -1.000000000000000000, 0.0000000000000000000, 0.0000000000000000000 ) ) ;
#450 = CARTESIAN_POINT ( 'NONE',  ( -3.000000000000003553, 6.349999999999996980, 4.799999999999999822 ) ) ;
#451 = EDGE_CURVE ( 'NONE', #1633, #1914, #3096, .T. ) ;
#452 = VECTOR ( 'NONE', #3035, 1000.000000000000000 ) ;
#453 = EDGE_CURVE ( 'NONE', #2081, #1008, #237, .T. ) ;
#454 = CARTESIAN_POINT ( 'NONE',  ( -1.500000000000000222, -2.701902650954127960, 0.0000000000000000000 ) ) ;
#455 = VERTEX_POINT ( 'NONE', #2519 ) ;
#456 = ORIENTED_EDGE ( 'NONE', *, *, #3698, .F. ) ;
#457 = CARTESIAN_POINT ( 'NONE',  ( -0.4000000000000000222, 0.0000000000000000000, 7.799999999999999822 ) ) ;
#458 = AXIS2_PLACEMENT_3D ( 'NONE', #2326, #3496, #865 ) ;
#459 = CYLINDRICAL_SURFACE ( 'NONE', #2398, 0.4999999999999997780 ) ;
#460 = VECTOR ( 'NONE', #3129, 1000.000000000000000 ) ;
#461 = CARTESIAN_POINT ( 'NONE',  ( 0.0000000000000000000, 1.399999999994816058, -0.6000000000000000888 ) ) ;
#462 = ADVANCED_FACE ( 'NONE', ( #3683 ), #1046, .F. ) ;
#463 = DIRECTION ( 'NONE',  ( -1.000000000000000000, 0.0000000000000000000, 0.0000000000000000000 ) ) ;
#464 = ORIENTED_EDGE ( 'NONE', *, *, #3720, .F. ) ;
#465 = ORIENTED_EDGE ( 'NONE', *, *, #3145, .F. ) ;
#466 = DIRECTION ( 'NONE',  ( 0.0000000000000000000, 0.0000000000000000000, -1.000000000000000000 ) ) ;
#467 = EDGE_CURVE ( 'NONE', #1521, #3500, #1954, .T. ) ;
#468 = VERTEX_POINT ( 'NONE', #1647 ) ;
#469 = CARTESIAN_POINT ( 'NONE',  ( 0.9303866922430672481, -3.128484041288940531, -0.8174311485495318053 ) ) ;
#470 = ORIENTED_EDGE ( 'NONE', *, *, #1958, .F. ) ;
#471 = CARTESIAN_POINT ( 'NONE',  ( 0.0000000000000000000, 6.349999999999998757, 2.199999999999999734 ) ) ;
#472 = CARTESIAN_POINT ( 'NONE',  ( -2.200000000000000178, -5.299999999975160137, 4.150000000000000355 ) ) ;
#473 = ORIENTED_EDGE ( 'NONE', *, *, #3465, .F. ) ;
#474 = ORIENTED_EDGE ( 'NONE', *, *, #2408, .F. ) ;
#475 = ORIENTED_EDGE ( 'NONE', *, *, #886, .F. ) ;
#476 = DIRECTION ( 'NONE',  ( 1.000000000000000000, 1.770125995894700463E-16, 0.0000000000000000000 ) ) ;
#477 = VECTOR ( 'NONE', #3688, 1000.000000000000000 ) ;
#478 = CARTESIAN_POINT ( 'NONE',  ( 0.0000000000000000000, 1.399999999994816058, -0.6000000000000000888 ) ) ;
#479 = ADVANCED_FACE ( 'NONE', ( #2823 ), #176, .F. ) ;
#480 = ADVANCED_FACE ( 'NONE', ( #1061 ), #2250, .T. ) ;
#481 = CARTESIAN_POINT ( 'NONE',  ( 0.0000000000000000000, -6.349999999999998757, 2.199999999999999734 ) ) ;
#482 = PRODUCT_DEFINITION_FORMATION_WITH_SPECIFIED_SOURCE ( '任何', '', #3015, .NOT_KNOWN. ) ;
#483 = FACE_OUTER_BOUND ( 'NONE', #1229, .T. ) ;
#484 = CARTESIAN_POINT ( 'NONE',  ( -0.4899999999999999911, 0.0000000000000000000, 5.000000000000000000 ) ) ;
#485 = ADVANCED_FACE ( 'NONE', ( #3131 ), #496, .T. ) ;
#486 = DIRECTION ( 'NONE',  ( -0.08682659386424780579, -0.08682659386424777803, 0.9924325091389670783 ) ) ;
#487 = ORIENTED_EDGE ( 'NONE', *, *, #1318, .F. ) ;
#488 = ORIENTED_EDGE ( 'NONE', *, *, #2797, .F. ) ;
#489 = PLANE ( 'NONE',  #3133 ) ;
#490 = EDGE_CURVE ( 'NONE', #1501, #381, #1376, .T. ) ;
#491 = VERTEX_POINT ( 'NONE', #1077 ) ;
#492 = CARTESIAN_POINT ( 'NONE',  ( -0.9830411636347308191, -3.181138512680603103, -0.2155877865685730810 ) ) ;
#493 = VECTOR ( 'NONE', #819, 1000.000000000000000 ) ;
#494 = AXIS2_PLACEMENT_3D ( 'NONE', #2841, #192, #1371 ) ;
#495 = EDGE_LOOP ( 'NONE', ( #3200, #1301, #1990, #3570 ) ) ;
#496 = CYLINDRICAL_SURFACE ( 'NONE', #548, 0.5000000000000000000 ) ;
#497 = DIRECTION ( 'NONE',  ( -0.0000000000000000000, -0.0000000000000000000, -1.000000000000000000 ) ) ;
#498 = DIRECTION ( 'NONE',  ( 1.000000000000000000, 0.0000000000000000000, 0.0000000000000000000 ) ) ;
#499 = ORIENTED_EDGE ( 'NONE', *, *, #3617, .F. ) ;
#500 = APPLICATION_PROTOCOL_DEFINITION ( 'draft international standard', 'automotive_design', 1998, #1374 ) ;
#501 = EDGE_CURVE ( 'NONE', #954, #786, #621, .T. ) ;
#502 = LINE ( 'NONE', #1692, #1623 ) ;
#503 = DIRECTION ( 'NONE',  ( 0.0000000000000000000, 0.0000000000000000000, 1.000000000000000000 ) ) ;
#504 = ORIENTED_EDGE ( 'NONE', *, *, #881, .T. ) ;
#505 = ADVANCED_FACE ( 'NONE', ( #3435 ), #1690, .T. ) ;
#506 = LINE ( 'NONE', #1675, #1276 ) ;
#507 = DIRECTION ( 'NONE',  ( -1.000000000000000000, 0.0000000000000000000, 0.0000000000000000000 ) ) ;
#508 = ORIENTED_EDGE ( 'NONE', *, *, #2617, .T. ) ;
#509 = LINE ( 'NONE', #1682, #3577 ) ;
#510 = CARTESIAN_POINT ( 'NONE',  ( 2.200000000000001066, -5.299999999975159248, 0.0000000000000000000 ) ) ;
#511 = CARTESIAN_POINT ( 'NONE',  ( -3.000000000000002665, 6.349999999999996092, 1.199999999999999956 ) ) ;
#512 = ORIENTED_EDGE ( 'NONE', *, *, #3585, .F. ) ;
#513 = CARTESIAN_POINT ( 'NONE',  ( -0.9303866922430676922, -3.128484041288940087, -0.8174311485495315832 ) ) ;
#514 = CARTESIAN_POINT ( 'NONE',  ( -4.000000000000001776, 6.349999999999995204, 2.199999999999999734 ) ) ;
#515 = VECTOR ( 'NONE', #818, 1000.000000000000000 ) ;
#516 = AXIS2_PLACEMENT_3D ( 'NONE', #1053, #2240, #3409 ) ;
#517 = CARTESIAN_POINT ( 'NONE',  ( -2.199999999999999734, -2.449999999977694465, 0.2500000000000002220 ) ) ;
#518 = APPLICATION_CONTEXT ( 'automotive_design' ) ;
#519 = AXIS2_PLACEMENT_3D ( 'NONE', #1448, #272, #2918 ) ;
#520 = ORIENTED_EDGE ( 'NONE', *, *, #3661, .T. ) ;
#521 = DIRECTION ( 'NONE',  ( -1.000000000000000000, 0.0000000000000000000, 0.0000000000000000000 ) ) ;
#522 = AXIS2_PLACEMENT_3D ( 'NONE', #2214, #3380, #746 ) ;
#523 = EDGE_LOOP ( 'NONE', ( #1937, #499, #1095, #3498 ) ) ;
#524 = CARTESIAN_POINT ( 'NONE',  ( 1.499999999999999778, -2.701902650954127960, 0.0000000000000000000 ) ) ;
#525 = CARTESIAN_POINT ( 'NONE',  ( 1.499999999999999112, -2.994138467812655691, 0.0000000000000000000 ) ) ;
#526 = ORIENTED_EDGE ( 'NONE', *, *, #1122, .F. ) ;
#527 = CARTESIAN_POINT ( 'NONE',  ( -3.850000000000001865, 6.349999999999995204, 1.349999999999999867 ) ) ;
#528 = ORIENTED_EDGE ( 'NONE', *, *, #1031, .T. ) ;
#529 = DIRECTION ( 'NONE',  ( 1.000000000000000000, 0.0000000000000000000, 0.0000000000000000000 ) ) ;
#530 = EDGE_CURVE ( 'NONE', #1661, #3756, #2572, .T. ) ;
#531 = CARTESIAN_POINT ( 'NONE',  ( -1.000000000000000222, 3.450000000000000178, 4.299999999999999822 ) ) ;
#532 = CARTESIAN_POINT ( 'NONE',  ( -2.500000000000001332, 3.450000000000000178, 4.799999999999999822 ) ) ;
#533 = DIRECTION ( 'NONE',  ( -1.000000000000000000, -4.486353817181404050E-16, 0.0000000000000000000 ) ) ;
#534 = EDGE_CURVE ( 'NONE', #1238, #1827, #2284, .T. ) ;
#535 = LINE ( 'NONE', #1299, #1948 ) ;
#536 = VECTOR ( 'NONE', #967, 1000.000000000000000 ) ;
#537 = PLANE ( 'NONE',  #609 ) ;
#538 = EDGE_LOOP ( 'NONE', ( #846, #340, #3368, #465, #163, #183, #2632, #3061, #54, #43, #487, #801, #2587, #2427, #2938, #1998, #1468, #3229, #2582, #1906 ) ) ;
#539 = DIRECTION ( 'NONE',  ( 0.08682659386424776415, -0.08682659386424780579, 0.9924325091389670783 ) ) ;
#540 = VERTEX_POINT ( 'NONE', #2015 ) ;
#541 = PLANE ( 'NONE',  #2978 ) ;
#542 = ORIENTED_EDGE ( 'NONE', *, *, #1251, .F. ) ;
#543 = DIRECTION ( 'NONE',  ( -1.024442997624099077E-16, 1.000000000000000000, -0.0000000000000000000 ) ) ;
#544 = LINE ( 'NONE', #2298, #1380 ) ;
#545 = EDGE_CURVE ( 'NONE', #2531, #21, #3175, .T. ) ;
#546 = DIRECTION ( 'NONE',  ( -1.000000000000000000, 0.0000000000000000000, 0.0000000000000000000 ) ) ;
#547 = DIRECTION ( 'NONE',  ( 1.000000000000000000, -0.0000000000000000000, 0.0000000000000000000 ) ) ;
#548 = AXIS2_PLACEMENT_3D ( 'NONE', #1666, #2845, #197 ) ;
#549 = DIRECTION ( 'NONE',  ( 0.0000000000000000000, 0.0000000000000000000, 1.000000000000000000 ) ) ;
#550 = DIRECTION ( 'NONE',  ( -0.0000000000000000000, -0.0000000000000000000, 1.000000000000000000 ) ) ;
#551 = ADVANCED_FACE ( 'NONE', ( #2884 ), #3495, .T. ) ;
#552 = CIRCLE ( 'NONE', #1411, 4.000000000000001776 ) ;
#553 = DIRECTION ( 'NONE',  ( -1.000000000000000000, 0.0000000000000000000, 0.0000000000000000000 ) ) ;
#554 = AXIS2_PLACEMENT_3D ( 'NONE', #3437, #804, #1995 ) ;
#555 = DIRECTION ( 'NONE',  ( -0.0000000000000000000, -0.0000000000000000000, -1.000000000000000000 ) ) ;
#556 = EDGE_LOOP ( 'NONE', ( #2375, #2125, #2173, #2195 ) ) ;
#557 = ORIENTED_EDGE ( 'NONE', *, *, #1177, .F. ) ;
#558 = CARTESIAN_POINT ( 'NONE',  ( 0.9303866922430671371, -2.929245101670591378, -1.000000000000000000 ) ) ;
#559 = CARTESIAN_POINT ( 'NONE',  ( 2.000000000000001776, 2.450000000000000178, 4.799999999999999822 ) ) ;
#560 = AXIS2_PLACEMENT_3D ( 'NONE', #1212, #48, #2693 ) ;
#561 = FACE_OUTER_BOUND ( 'NONE', #312, .T. ) ;
#562 = LINE ( 'NONE', #3207, #2675 ) ;
#563 = AXIS2_PLACEMENT_3D ( 'NONE', #397, #1572, #2749 ) ;
#564 = LINE ( 'NONE', #1742, #3624 ) ;
#565 = CIRCLE ( 'NONE', #1342, 0.9000000000000000222 ) ;
#566 = EDGE_CURVE ( 'NONE', #260, #3682, #1414, .T. ) ;
#567 = VECTOR ( 'NONE', #1511, 1000.000000000000000 ) ;
#568 = CARTESIAN_POINT ( 'NONE',  ( 3.001123811401384955, -5.000000000000000000, 1.699999999999999734 ) ) ;
#569 = CARTESIAN_POINT ( 'NONE',  ( 3.001123811401384955, 3.499999999999999556, 1.699999999999999734 ) ) ;
#570 = CIRCLE ( 'NONE', #2735, 0.1999999999999999833 ) ;
#571 = ADVANCED_FACE ( 'NONE', ( #839 ), #2028, .F. ) ;
#572 = PLANE ( 'NONE',  #2606 ) ;
#573 = ORIENTED_EDGE ( 'NONE', *, *, #90, .F. ) ;
#574 = ORIENTED_EDGE ( 'NONE', *, *, #3102, .F. ) ;
#575 = EDGE_CURVE ( 'NONE', #2463, #3466, #1343, .T. ) ;
#576 = DIRECTION ( 'NONE',  ( -1.000000000000000000, 0.0000000000000000000, 0.0000000000000000000 ) ) ;
#577 = LINE ( 'NONE', #1755, #387 ) ;
#578 = CARTESIAN_POINT ( 'NONE',  ( 3.850000000000001865, -6.349999999999997868, 1.349999999999999867 ) ) ;
#579 = FACE_OUTER_BOUND ( 'NONE', #2076, .T. ) ;
#580 = CARTESIAN_POINT ( 'NONE',  ( 0.0000000000000000000, 0.0000000000000000000, 5.299999999999999822 ) ) ;
#581 = ORIENTED_EDGE ( 'NONE', *, *, #170, .T. ) ;
#582 = CARTESIAN_POINT ( 'NONE',  ( 2.200000000000000622, -2.449999999999999734, 4.150000000000000355 ) ) ;
#583 = ORIENTED_EDGE ( 'NONE', *, *, #1218, .T. ) ;
#584 = CARTESIAN_POINT ( 'NONE',  ( 1.500000000000001776, -2.950000000000000178, 3.299999999999999378 ) ) ;
#585 = EDGE_CURVE ( 'NONE', #3560, #2258, #2608, .T. ) ;
#586 = FACE_OUTER_BOUND ( 'NONE', #2367, .T. ) ;
#587 = DIRECTION ( 'NONE',  ( 0.0000000000000000000, -1.000000000000000000, -0.0000000000000000000 ) ) ;
#588 = CYLINDRICAL_SURFACE ( 'NONE', #1094, 0.2000000000000000944 ) ;
#589 = ADVANCED_FACE ( 'NONE', ( #2317 ), #3487, .F. ) ;
#590 = CARTESIAN_POINT ( 'NONE',  ( 2.750000000000001776, -6.349999999999997868, 0.0000000000000000000 ) ) ;
#591 = PLANE ( 'NONE',  #3596 ) ;
#592 = PRODUCT_RELATED_PRODUCT_CATEGORY ( 'part', '', ( #189 ) ) ;
#593 = SURFACE_STYLE_FILL_AREA ( #3238 ) ;
#594 = AXIS2_PLACEMENT_3D ( 'NONE', #1689, #2349, #3519 ) ;
#595 = EDGE_CURVE ( 'NONE', #352, #2096, #564, .T. ) ;
#596 = CARTESIAN_POINT ( 'NONE',  ( 1.000000000000000000, 3.457717923282643824, 4.299999999999999822 ) ) ;
#597 = LINE ( 'NONE', #1778, #3697 ) ;
#598 = EDGE_CURVE ( 'NONE', #1440, #3323, #3135, .T. ) ;
#599 = ORIENTED_EDGE ( 'NONE', *, *, #773, .T. ) ;
#600 = CARTESIAN_POINT ( 'NONE',  ( 0.0000000000000000000, -6.349999999999998757, 1.699999999999999734 ) ) ;
#601 = LINE ( 'NONE', #3245, #3044 ) ;
#602 = ORIENTED_EDGE ( 'NONE', *, *, #2255, .T. ) ;
#603 = CARTESIAN_POINT ( 'NONE',  ( -1.500000000000002220, 2.950000000000000178, 3.299999999999999378 ) ) ;
#604 = CARTESIAN_POINT ( 'NONE',  ( 0.0000000000000000000, 1.399999999994816058, 0.0000000000000000000 ) ) ;
#605 = ORIENTED_EDGE ( 'NONE', *, *, #738, .T. ) ;
#606 = AXIS2_PLACEMENT_3D ( 'NONE', #3516, #883, #2067 ) ;
#607 = EDGE_LOOP ( 'NONE', ( #1439, #2132 ) ) ;
#608 = DIRECTION ( 'NONE',  ( 0.0000000000000000000, -1.000000000000000000, 0.0000000000000000000 ) ) ;
#609 = AXIS2_PLACEMENT_3D ( 'NONE', #1712, #3177, #2886 ) ;
#610 = VECTOR ( 'NONE', #2705, 1000.000000000000000 ) ;
#611 = EDGE_CURVE ( 'NONE', #3800, #2277, #3788, .T. ) ;
#612 = CARTESIAN_POINT ( 'NONE',  ( -0.4000000000000000222, 0.0000000000000000000, 5.000000000000000000 ) ) ;
#613 = ORIENTED_EDGE ( 'NONE', *, *, #976, .T. ) ;
#614 = LINE ( 'NONE', #1801, #3036 ) ;
#615 = DIRECTION ( 'NONE',  ( -8.503546450866703280E-17, -1.000000000000000000, 1.074277470611365761E-33 ) ) ;
#616 = VERTEX_POINT ( 'NONE', #3508 ) ;
#617 = VERTEX_POINT ( 'NONE', #875 ) ;
#618 = FACE_OUTER_BOUND ( 'NONE', #622, .T. ) ;
#619 = CIRCLE ( 'NONE', #2420, 0.2500000000000000000 ) ;
#620 = CARTESIAN_POINT ( 'NONE',  ( -0.9303866922430675812, -3.128484041288940531, -0.8174311485495316942 ) ) ;
#621 =( BOUNDED_CURVE ( )  B_SPLINE_CURVE ( 3, ( #803, #1994, #3155, #513 ),
 .UNSPECIFIED., .F., .T. ) 
 B_SPLINE_CURVE_WITH_KNOTS ( ( 4, 4 ),
 ( -8.881784197001252323E-16, 0.7816000651241663544 ),
 .UNSPECIFIED. ) 
 CURVE ( )  GEOMETRIC_REPRESENTATION_ITEM ( )  RATIONAL_B_SPLINE_CURVE ( ( 1.000000000000000000, 0.9497364005219710581, 0.9497364005219710581, 1.000000000000000000 ) ) 
 REPRESENTATION_ITEM ( '' )  );
#622 = EDGE_LOOP ( 'NONE', ( #1492, #2891, #1442, #919 ) ) ;
#623 = DIRECTION ( 'NONE',  ( 0.0000000000000000000, -0.0000000000000000000, 1.000000000000000000 ) ) ;
#624 = ORIENTED_EDGE ( 'NONE', *, *, #1151, .F. ) ;
#625 = ADVANCED_FACE ( 'NONE', ( #2058 ), #3227, .T. ) ;
#626 = ORIENTED_EDGE ( 'NONE', *, *, #3057, .F. ) ;
#627 = FACE_OUTER_BOUND ( 'NONE', #1135, .T. ) ;
#628 = VECTOR ( 'NONE', #2438, 1000.000000000000000 ) ;
#629 = CARTESIAN_POINT ( 'NONE',  ( 0.0000000000000000000, 6.349999999999998757, 1.349999999999999867 ) ) ;
#630 = TOROIDAL_SURFACE ( 'NONE', #2791, 2.750000000000000888, 0.2500000000000000000 ) ;
#631 = DIRECTION ( 'NONE',  ( -1.000000000000000000, 0.0000000000000000000, 0.0000000000000000000 ) ) ;
#632 = AXIS2_PLACEMENT_3D ( 'NONE', #3179, #539, #1714 ) ;
#633 = ORIENTED_EDGE ( 'NONE', *, *, #3098, .T. ) ;
#634 = LINE ( 'NONE', #1821, #755 ) ;
#635 = ORIENTED_EDGE ( 'NONE', *, *, #738, .F. ) ;
#636 = AXIS2_PLACEMENT_3D ( 'NONE', #481, #1080, #2574 ) ;
#637 = CARTESIAN_POINT ( 'NONE',  ( -2.200000000000000178, -2.449999999975159604, 0.0000000000000000000 ) ) ;
#638 = DIRECTION ( 'NONE',  ( 0.0000000000000000000, 0.0000000000000000000, 1.000000000000000000 ) ) ;
#639 = ORIENTED_EDGE ( 'NONE', *, *, #122, .T. ) ;
#640 = DIRECTION ( 'NONE',  ( 1.000000000000000000, 0.0000000000000000000, 0.0000000000000000000 ) ) ;
#641 = ORIENTED_EDGE ( 'NONE', *, *, #1040, .T. ) ;
#642 = EDGE_CURVE ( 'NONE', #3019, #1781, #741, .T. ) ;
#643 = DIRECTION ( 'NONE',  ( -1.000000000000000000, 0.0000000000000000000, 0.0000000000000000000 ) ) ;
#644 = DIRECTION ( 'NONE',  ( -1.000000000000000000, 0.0000000000000000000, 0.0000000000000000000 ) ) ;
#645 = DIRECTION ( 'NONE',  ( 1.000000000000000000, 0.0000000000000000000, 0.0000000000000000000 ) ) ;
#646 = CARTESIAN_POINT ( 'NONE',  ( -4.000000000000001776, 6.349999999999995204, 2.199999999999999734 ) ) ;
#647 = ADVANCED_FACE ( 'NONE', ( #4 ), #1174, .F. ) ;
#648 = VERTEX_POINT ( 'NONE', #2080 ) ;
#649 = ORIENTED_EDGE ( 'NONE', *, *, #2000, .F. ) ;
#650 = CARTESIAN_POINT ( 'NONE',  ( -3.688254109366570112E-16, -2.929245101670591822, -0.8000000000000000444 ) ) ;
#651 = ORIENTED_EDGE ( 'NONE', *, *, #2695, .F. ) ;
#652 = AXIS2_PLACEMENT_3D ( 'NONE', #2145, #550, #3606 ) ;
#653 = DIRECTION ( 'NONE',  ( -1.770125995894700463E-16, 1.000000000000000000, 0.0000000000000000000 ) ) ;
#654 = ORIENTED_EDGE ( 'NONE', *, *, #1337, .T. ) ;
#655 = EDGE_CURVE ( 'NONE', #2241, #1600, #3247, .T. ) ;
#656 = ORIENTED_EDGE ( 'NONE', *, *, #1314, .T. ) ;
#657 = LINE ( 'NONE', #1845, #38 ) ;
#658 = DIRECTION ( 'NONE',  ( 1.000000000000000000, 0.0000000000000000000, 0.0000000000000000000 ) ) ;
#659 = FACE_BOUND ( 'NONE', #1338, .T. ) ;
#660 = VERTEX_POINT ( 'NONE', #2958 ) ;
#661 = ADVANCED_FACE ( 'NONE', ( #313 ), #1487, .T. ) ;
#662 = EDGE_CURVE ( 'NONE', #3468, #3699, #3567, .T. ) ;
#663 = ORIENTED_EDGE ( 'NONE', *, *, #2516, .F. ) ;
#664 = EDGE_LOOP ( 'NONE', ( #2725, #3349, #2518, #2201 ) ) ;
#665 = FACE_OUTER_BOUND ( 'NONE', #3546, .T. ) ;
#666 = DIRECTION ( 'NONE',  ( 1.000000000000000000, -0.0000000000000000000, 0.0000000000000000000 ) ) ;
#667 = CLOSED_SHELL ( 'NONE', ( #684, #1183, #1976, #3746, #1215, #3231, #3095, #1317, #3423, #2629, #3117, #429, #2785, #1795, #3612, #2951, #1328, #244, #2073, #212, #2982, #1909, #216, #1400, #1292, #480, #2482, #2624, #2003, #2179, #3416, #1119, #2128, #849, #3759, #2461, #74, #860, #3067, #2555, #418, #1335, #1777, #2932, #1422, #3327, #2699, #3460, #1832, #2042, #2576, #2656, #2948, #2414, #339, #2468, #2551, #345, #551, #3393, #94, #2235, #3258, #462, #1725, #974, #1239, #944, #571, #3160, #1373, #1513, #369, #3213, #3476, #2831, #245, #1585, #479, #81, #589, #647, #859, #2668, #2812, #1850, #2869, #354, #1058, #2977, #3070, #1254 ) ) ;
#668 = VECTOR ( 'NONE', #2871, 1000.000000000000000 ) ;
#669 = LINE ( 'NONE', #3220, #2798 ) ;
#670 = CARTESIAN_POINT ( 'NONE',  ( -3.500000000001252332, 5.000000000000000000, 3.780783809238926541 ) ) ;
#671 = AXIS2_PLACEMENT_3D ( 'NONE', #3001, #362, #1534 ) ;
#672 = EDGE_LOOP ( 'NONE', ( #2051, #605, #656, #2953 ) ) ;
#673 = LINE ( 'NONE', #1865, #2905 ) ;
#674 = CYLINDRICAL_SURFACE ( 'NONE', #2627, 0.9000000000000000222 ) ;
#675 = CIRCLE ( 'NONE', #2834, 0.5000000000000000000 ) ;
#676 = DIRECTION ( 'NONE',  ( -0.0000000000000000000, -0.0000000000000000000, -1.000000000000000000 ) ) ;
#677 = LINE ( 'NONE', #1867, #452 ) ;
#678 = DIRECTION ( 'NONE',  ( 0.0000000000000000000, 0.0000000000000000000, -1.000000000000000000 ) ) ;
#679 = FACE_OUTER_BOUND ( 'NONE', #693, .T. ) ;
#680 = ORIENTED_EDGE ( 'NONE', *, *, #2819, .F. ) ;
#681 = ORIENTED_EDGE ( 'NONE', *, *, #1530, .F. ) ;
#682 = CARTESIAN_POINT ( 'NONE',  ( 0.0000000000000000000, 0.0000000000000000000, 5.299999999999999822 ) ) ;
#683 = DIRECTION ( 'NONE',  ( 1.000000000000000000, -1.495451272393800528E-16, 0.0000000000000000000 ) ) ;
#684 = ADVANCED_FACE ( 'NONE', ( #2094 ), #1943, .T. ) ;
#685 = VECTOR ( 'NONE', #2138, 1000.000000000000000 ) ;
#686 = FILL_AREA_STYLE_COLOUR ( '', #1028 ) ;
#687 = VECTOR ( 'NONE', #543, 1000.000000000000000 ) ;
#688 = EDGE_CURVE ( 'NONE', #2910, #660, #433, .T. ) ;
#689 = EDGE_LOOP ( 'NONE', ( #2217, #1793, #971, #1681 ) ) ;
#690 = LINE ( 'NONE', #2218, #1436 ) ;
#691 = CARTESIAN_POINT ( 'NONE',  ( -1.282199884191092432, -2.982199884191092831, -0.8245582693234959626 ) ) ;
#692 = VERTEX_POINT ( 'NONE', #2992 ) ;
#693 = EDGE_LOOP ( 'NONE', ( #185, #3115, #2388, #1654 ) ) ;
#694 = FACE_BOUND ( 'NONE', #3341, .T. ) ;
#695 = EDGE_CURVE ( 'NONE', #2271, #3410, #355, .T. ) ;
#696 = ORIENTED_EDGE ( 'NONE', *, *, #3442, .T. ) ;
#697 = CARTESIAN_POINT ( 'NONE',  ( -0.9144139874282032343, -2.929245101670591822, -1.000000000000000000 ) ) ;
#698 = LINE ( 'NONE', #1890, #264 ) ;
#699 = CIRCLE ( 'NONE', #2855, 0.4899999999999999911 ) ;
#700 = MANIFOLD_SOLID_BREP ( '圆角1', #2824 ) ;
#701 = DIRECTION ( 'NONE',  ( -1.000000000000000000, 0.0000000000000000000, 0.0000000000000000000 ) ) ;
#702 = CARTESIAN_POINT ( 'NONE',  ( 0.0000000000000000000, -1.399999999994816058, -0.6000000000000000888 ) ) ;
#703 = AXIS2_PLACEMENT_3D ( 'NONE', #287, #2936, #1759 ) ;
#704 = ORIENTED_EDGE ( 'NONE', *, *, #1089, .T. ) ;
#705 = DIRECTION ( 'NONE',  ( -1.000000000000000000, 0.0000000000000000000, 0.0000000000000000000 ) ) ;
#706 = DIRECTION ( 'NONE',  ( 0.0000000000000000000, 1.000000000000000000, 0.0000000000000000000 ) ) ;
#707 = EDGE_CURVE ( 'NONE', #1903, #1370, #60, .T. ) ;
#708 = CARTESIAN_POINT ( 'NONE',  ( 0.0000000000000000000, 6.349999999999998757, 1.199999999999999956 ) ) ;
#709 = EDGE_CURVE ( 'NONE', #2451, #1440, #1869, .T. ) ;
#710 = EDGE_LOOP ( 'NONE', ( #2008, #1021, #1677, #3087 ) ) ;
#711 = VERTEX_POINT ( 'NONE', #1570 ) ;
#712 = PLANE ( 'NONE',  #3042 ) ;
#713 = ORIENTED_EDGE ( 'NONE', *, *, #886, .T. ) ;
#714 = ORIENTED_EDGE ( 'NONE', *, *, #851, .T. ) ;
#715 = EDGE_CURVE ( 'NONE', #123, #1703, #1792, .T. ) ;
#716 = CARTESIAN_POINT ( 'NONE',  ( 1.500000000000000888, 1.899999999999999689, 0.0000000000000000000 ) ) ;
#717 = VERTEX_POINT ( 'NONE', #1620 ) ;
#718 = EDGE_LOOP ( 'NONE', ( #233, #2940, #947, #1107 ) ) ;
#719 = LINE ( 'NONE', #1908, #1745 ) ;
#720 = LINE ( 'NONE', #3357, #1899 ) ;
#721 = ORIENTED_EDGE ( 'NONE', *, *, #3184, .F. ) ;
#722 = LINE ( 'NONE', #1912, #3694 ) ;
#723 = MECHANICAL_DESIGN_GEOMETRIC_PRESENTATION_REPRESENTATION (  '', ( #225 ), #1709 ) ;
#724 = VERTEX_POINT ( 'NONE', #2802 ) ;
#725 = EDGE_LOOP ( 'NONE', ( #574, #3705, #3242, #1584 ) ) ;
#726 = CARTESIAN_POINT ( 'NONE',  ( -1.499999999999999778, 1.899999999999999245, 0.0000000000000000000 ) ) ;
#727 = CARTESIAN_POINT ( 'NONE',  ( 0.5000000000000000000, -1.399999999994816058, 0.0000000000000000000 ) ) ;
#728 =( BOUNDED_CURVE ( )  B_SPLINE_CURVE ( 3, ( #2006, #3166, #525, #1698 ),
 .UNSPECIFIED., .F., .T. ) 
 B_SPLINE_CURVE_WITH_KNOTS ( ( 4, 4 ),
 ( 5.501585242055419656, 7.064785372303751920 ),
 .UNSPECIFIED. ) 
 CURVE ( )  GEOMETRIC_REPRESENTATION_ITEM ( )  RATIONAL_B_SPLINE_CURVE ( ( 1.000000000000000000, 0.8065248903853483586, 0.8065248903853483586, 1.000000000000000000 ) ) 
 REPRESENTATION_ITEM ( '' )  );
#729 = CARTESIAN_POINT ( 'NONE',  ( 1.500000000000000888, 1.899999999999999689, 0.0000000000000000000 ) ) ;
#730 = DIRECTION ( 'NONE',  ( 1.000000000000000000, 0.0000000000000000000, 0.0000000000000000000 ) ) ;
#731 = DIRECTION ( 'NONE',  ( -1.000000000000000000, 0.0000000000000000000, 0.0000000000000000000 ) ) ;
#732 = VECTOR ( 'NONE', #1627, 1000.000000000000000 ) ;
#733 = EDGE_CURVE ( 'NONE', #1244, #2081, #147, .T. ) ;
#734 = DIRECTION ( 'NONE',  ( 1.000000000000000000, 0.0000000000000000000, -0.0000000000000000000 ) ) ;
#735 = EDGE_CURVE ( 'NONE', #954, #1173, #3441, .T. ) ;
#736 = VERTEX_POINT ( 'NONE', #3394 ) ;
#737 = CIRCLE ( 'NONE', #239, 0.4000000000000000222 ) ;
#738 = EDGE_CURVE ( 'NONE', #1880, #1839, #759, .T. ) ;
#739 = CARTESIAN_POINT ( 'NONE',  ( -3.001123811401384955, -5.000000000000000000, 3.780783809238926541 ) ) ;
#740 = FILL_AREA_STYLE ('',( #3374 ) ) ;
#741 = CIRCLE ( 'NONE', #242, 0.1999999999999999833 ) ;
#742 = DIRECTION ( 'NONE',  ( -1.000000000000000000, -0.0000000000000000000, -0.0000000000000000000 ) ) ;
#743 = DIRECTION ( 'NONE',  ( -1.000000000000000000, 0.0000000000000000000, 0.0000000000000000000 ) ) ;
#744 = DIRECTION ( 'NONE',  ( 1.521687259628777768E-16, 1.000000000000000000, -0.0000000000000000000 ) ) ;
#745 = EDGE_CURVE ( 'NONE', #1521, #196, #800, .T. ) ;
#746 = DIRECTION ( 'NONE',  ( 1.000000000000000000, 0.0000000000000000000, -0.0000000000000000000 ) ) ;
#747 = CARTESIAN_POINT ( 'NONE',  ( -0.5000000000000000000, -1.399999999994816058, -0.6000000000000000888 ) ) ;
#748 = CIRCLE ( 'NONE', #2410, 3.850000000000001865 ) ;
#749 = SHAPE_REPRESENTATION ( 'VIC0250B', ( #1644, #1327, #3482, #1837, #156, #2318 ), #3303 ) ;
#750 = ORIENTED_EDGE ( 'NONE', *, *, #1562, .F. ) ;
#751 = DIRECTION ( 'NONE',  ( 0.0000000000000000000, 0.0000000000000000000, -1.000000000000000000 ) ) ;
#752 = CIRCLE ( 'NONE', #1232, 2.750000000000002665 ) ;
#753 = EDGE_LOOP ( 'NONE', ( #900, #2635, #866, #1510 ) ) ;
#754 = DIRECTION ( 'NONE',  ( -0.9961946980917455452, 8.471187889330291344E-17, -0.08715574274765836016 ) ) ;
#755 = VECTOR ( 'NONE', #2989, 1000.000000000000000 ) ;
#756 = ORIENTED_EDGE ( 'NONE', *, *, #598, .T. ) ;
#757 = LINE ( 'NONE', #3392, #765 ) ;
#758 = EDGE_CURVE ( 'NONE', #1827, #2860, #171, .T. ) ;
#759 = LINE ( 'NONE', #1947, #2954 ) ;
#760 = PLANE ( 'NONE',  #1477 ) ;
#761 = AXIS2_PLACEMENT_3D ( 'NONE', #1586, #2765, #111 ) ;
#762 = LINE ( 'NONE', #1951, #1309 ) ;
#763 = EDGE_LOOP ( 'NONE', ( #1224, #1409, #508, #125 ) ) ;
#764 = DIRECTION ( 'NONE',  ( 1.000000000000000000, 0.0000000000000000000, 0.0000000000000000000 ) ) ;
#765 = VECTOR ( 'NONE', #2225, 1000.000000000000000 ) ;
#766 = DIRECTION ( 'NONE',  ( 0.0000000000000000000, 0.0000000000000000000, 1.000000000000000000 ) ) ;
#767 = EDGE_CURVE ( 'NONE', #2241, #3432, #3695, .T. ) ;
#768 = STYLED_ITEM ( 'NONE', ( #1124 ), #3250 ) ;
#769 = CARTESIAN_POINT ( 'NONE',  ( 0.0000000000000000000, 0.0000000000000000000, 7.799999999999999822 ) ) ;
#770 = CARTESIAN_POINT ( 'NONE',  ( 2.200000000000000622, -2.449999999975159160, 0.2500000000000002220 ) ) ;
#771 = EDGE_CURVE ( 'NONE', #455, #93, #3627, .T. ) ;
#772 = DIRECTION ( 'NONE',  ( 0.0000000000000000000, 0.0000000000000000000, 1.000000000000000000 ) ) ;
#773 = EDGE_CURVE ( 'NONE', #468, #786, #3128, .T. ) ;
#774 = FACE_OUTER_BOUND ( 'NONE', #1907, .T. ) ;
#775 = EDGE_LOOP ( 'NONE', ( #2805, #2696, #696, #2876 ) ) ;
#776 = ORIENTED_EDGE ( 'NONE', *, *, #3376, .T. ) ;
#777 = CARTESIAN_POINT ( 'NONE',  ( -2.000000000000001776, 2.450000000000001510, 4.799999999999999822 ) ) ;
#778 = DIRECTION ( 'NONE',  ( 0.0000000000000000000, 0.0000000000000000000, 1.000000000000000000 ) ) ;
#779 = CARTESIAN_POINT ( 'NONE',  ( -3.000000000000003553, 6.349999999999996980, 4.799999999999999822 ) ) ;
#780 = ORIENTED_EDGE ( 'NONE', *, *, #2769, .F. ) ;
#781 = DIRECTION ( 'NONE',  ( 0.0000000000000000000, 0.0000000000000000000, -1.000000000000000000 ) ) ;
#782 = EDGE_CURVE ( 'NONE', #540, #389, #979, .T. ) ;
#783 = CIRCLE ( 'NONE', #2935, 2.450000000000000178 ) ;
#784 = DIRECTION ( 'NONE',  ( -1.000000000000000000, 0.0000000000000000000, 0.0000000000000000000 ) ) ;
#785 = CARTESIAN_POINT ( 'NONE',  ( -1.476161335804872632, 1.898297238271777765, -0.2724771785782688638 ) ) ;
#786 = VERTEX_POINT ( 'NONE', #2553 ) ;
#787 = PRODUCT_CONTEXT ( 'NONE', #2083, 'mechanical' ) ;
#788 = DIRECTION ( 'NONE',  ( 4.486353817181398134E-16, -1.000000000000000000, -0.0000000000000000000 ) ) ;
#789 = ORIENTED_EDGE ( 'NONE', *, *, #3274, .T. ) ;
#790 = DIRECTION ( 'NONE',  ( 0.0000000000000000000, 0.0000000000000000000, 1.000000000000000000 ) ) ;
#791 = ADVANCED_FACE ( 'NONE', ( #3714 ), #1659, .T. ) ;
#792 = DIRECTION ( 'NONE',  ( -0.0000000000000000000, -0.0000000000000000000, 1.000000000000000000 ) ) ;
#793 = VECTOR ( 'NONE', #3726, 1000.000000000000000 ) ;
#794 = ORIENTED_EDGE ( 'NONE', *, *, #3465, .T. ) ;
#795 = CARTESIAN_POINT ( 'NONE',  ( -3.500000000000002665, 3.499999999999995115, 1.699999999999999734 ) ) ;
#796 = PLANE ( 'NONE',  #2863 ) ;
#797 = VECTOR ( 'NONE', #1172, 1000.000000000000000 ) ;
#798 = ORIENTED_EDGE ( 'NONE', *, *, #1273, .T. ) ;
#799 = DIRECTION ( 'NONE',  ( 0.0000000000000000000, 0.0000000000000000000, 1.000000000000000000 ) ) ;
#800 = CIRCLE ( 'NONE', #2467, 0.2499999999999997780 ) ;
#801 = ORIENTED_EDGE ( 'NONE', *, *, #2865, .F. ) ;
#802 = VERTEX_POINT ( 'NONE', #795 ) ;
#803 = CARTESIAN_POINT ( 'NONE',  ( -1.282199884191092654, -2.982199884191092387, -0.8245582693234958516 ) ) ;
#804 = DIRECTION ( 'NONE',  ( 0.0000000000000000000, 1.000000000000000000, 0.0000000000000000000 ) ) ;
#805 = LINE ( 'NONE', #1997, #1819 ) ;
#806 = VERTEX_POINT ( 'NONE', #1988 ) ;
#807 = EDGE_LOOP ( 'NONE', ( #2556, #3578, #2985, #641 ) ) ;
#808 = CYLINDRICAL_SURFACE ( 'NONE', #3461, 4.000000000000001776 ) ;
#809 = AXIS2_PLACEMENT_3D ( 'NONE', #527, #1702, #2879 ) ;
#810 = LINE ( 'NONE', #2004, #105 ) ;
#811 = EDGE_CURVE ( 'NONE', #3756, #1238, #3799, .T. ) ;
#812 = LINE ( 'NONE', #2877, #266 ) ;
#813 = VERTEX_POINT ( 'NONE', #1833 ) ;
#814 = CARTESIAN_POINT ( 'NONE',  ( 0.0000000000000000000, 0.0000000000000000000, 0.4000000000000000222 ) ) ;
#815 = EDGE_CURVE ( 'NONE', #3638, #1192, #2829, .T. ) ;
#816 = ORIENTED_EDGE ( 'NONE', *, *, #501, .T. ) ;
#817 = DIRECTION ( 'NONE',  ( -0.0000000000000000000, -0.0000000000000000000, 1.000000000000000000 ) ) ;
#818 = DIRECTION ( 'NONE',  ( 1.000000000000000000, 0.0000000000000000000, 0.0000000000000000000 ) ) ;
#819 = DIRECTION ( 'NONE',  ( -1.024442997624099077E-16, 1.000000000000000000, -0.0000000000000000000 ) ) ;
#820 = FACE_OUTER_BOUND ( 'NONE', #409, .T. ) ;
#821 = CIRCLE ( 'NONE', #2972, 0.4000000000000000222 ) ;
#822 = CARTESIAN_POINT ( 'NONE',  ( -3.500000000000002665, -3.500000000000000444, 1.699999999999999734 ) ) ;
#823 = VECTOR ( 'NONE', #2274, 1000.000000000000000 ) ;
#824 = CARTESIAN_POINT ( 'NONE',  ( -0.4000000000000000222, 0.0000000000000000000, 4.299999999999999822 ) ) ;
#825 = CONTEXT_DEPENDENT_SHAPE_REPRESENTATION ( #1645, #2159 ) ;
#826 = VECTOR ( 'NONE', #833, 1000.000000000000000 ) ;
#827 = ORIENTED_EDGE ( 'NONE', *, *, #2386, .T. ) ;
#828 = FACE_OUTER_BOUND ( 'NONE', #182, .T. ) ;
#829 = FACE_OUTER_BOUND ( 'NONE', #3273, .T. ) ;
#830 = AXIS2_PLACEMENT_3D ( 'NONE', #2827, #178, #1356 ) ;
#831 = EDGE_LOOP ( 'NONE', ( #3743, #2187, #1490, #226 ) ) ;
#832 = ADVANCED_FACE ( 'NONE', ( #2715 ), #2333, .T. ) ;
#833 = DIRECTION ( 'NONE',  ( -6.829619984160660511E-17, 1.000000000000000000, 0.0000000000000000000 ) ) ;
#834 = ORIENTED_EDGE ( 'NONE', *, *, #1075, .T. ) ;
#835 = CARTESIAN_POINT ( 'NONE',  ( 1.187662442330045698, -3.076737326052139121, -0.8245582693234959626 ) ) ;
#836 = ORIENTED_EDGE ( 'NONE', *, *, #2690, .T. ) ;
#837 = CARTESIAN_POINT ( 'NONE',  ( -1.085126267658035770, -2.898571197891291362, -1.000000000000000000 ) ) ;
#838 = DIRECTION ( 'NONE',  ( -0.0000000000000000000, -0.0000000000000000000, 1.000000000000000000 ) ) ;
#839 = FACE_OUTER_BOUND ( 'NONE', #3268, .T. ) ;
#840 = CARTESIAN_POINT ( 'NONE',  ( -2.500000000000001332, -3.450000000000000178, 4.799999999999999822 ) ) ;
#841 = CYLINDRICAL_SURFACE ( 'NONE', #3301, 2.450000000000000178 ) ;
#842 = DIRECTION ( 'NONE',  ( 1.000000000000000000, 0.0000000000000000000, 0.0000000000000000000 ) ) ;
#843 = CIRCLE ( 'NONE', #2997, 0.4999999999999997780 ) ;
#844 = CARTESIAN_POINT ( 'NONE',  ( 1.141848732774663366, -2.841848732774663766, -1.000000000000000000 ) ) ;
#845 =( GEOMETRIC_REPRESENTATION_CONTEXT ( 3 ) GLOBAL_UNCERTAINTY_ASSIGNED_CONTEXT ( ( #1146 ) ) GLOBAL_UNIT_ASSIGNED_CONTEXT ( ( #2469, #2177, #1900 ) ) REPRESENTATION_CONTEXT ( 'NONE', 'WORKASPACE' ) );
#846 = ORIENTED_EDGE ( 'NONE', *, *, #1441, .F. ) ;
#847 = DIRECTION ( 'NONE',  ( 0.0000000000000000000, -0.0000000000000000000, -1.000000000000000000 ) ) ;
#848 = PLANE ( 'NONE',  #204 ) ;
#849 = ADVANCED_FACE ( 'NONE', ( #1237 ), #2139, .F. ) ;
#850 = DIRECTION ( 'NONE',  ( 1.000000000000000000, 0.0000000000000000000, 0.0000000000000000000 ) ) ;
#851 = EDGE_CURVE ( 'NONE', #980, #1339, #3022, .T. ) ;
#852 = PLANE ( 'NONE',  #889 ) ;
#853 = VECTOR ( 'NONE', #360, 1000.000000000000000 ) ;
#854 = CARTESIAN_POINT ( 'NONE',  ( 2.450000000000001066, -5.299999999975159248, 0.2500000000000002220 ) ) ;
#855 = CARTESIAN_POINT ( 'NONE',  ( -3.001123811401384955, 3.499999999999999556, 3.780783809238926541 ) ) ;
#856 = AXIS2_PLACEMENT_3D ( 'NONE', #2897, #255, #1428 ) ;
#857 = ORIENTED_EDGE ( 'NONE', *, *, #235, .T. ) ;
#858 = DIRECTION ( 'NONE',  ( 0.0000000000000000000, 0.0000000000000000000, 1.000000000000000000 ) ) ;
#859 = ADVANCED_FACE ( 'NONE', ( #2736 ), #88, .F. ) ;
#860 = ADVANCED_FACE ( 'NONE', ( #973 ), #2158, .F. ) ;
#861 = AXIS2_PLACEMENT_3D ( 'NONE', #3326, #683, #1875 ) ;
#862 = FACE_OUTER_BOUND ( 'NONE', #2701, .T. ) ;
#863 = LINE ( 'NONE', #2047, #2902 ) ;
#864 = EDGE_CURVE ( 'NONE', #1109, #468, #3043, .T. ) ;
#865 = DIRECTION ( 'NONE',  ( -1.000000000000000000, 0.0000000000000000000, 0.0000000000000000000 ) ) ;
#866 = ORIENTED_EDGE ( 'NONE', *, *, #3739, .T. ) ;
#867 = ORIENTED_EDGE ( 'NONE', *, *, #2797, .T. ) ;
#868 = CARTESIAN_POINT ( 'NONE',  ( -0.2999999999999990452, 0.0000000000000000000, 7.799999999999999822 ) ) ;
#869 = LINE ( 'NONE', #2054, #1874 ) ;
#870 = VECTOR ( 'NONE', #358, 1000.000000000000000 ) ;
#871 = CARTESIAN_POINT ( 'NONE',  ( 2.500000000000002220, 3.450000000000000178, 0.3999999999999993006 ) ) ;
#872 = CARTESIAN_POINT ( 'NONE',  ( 1.266850721647529543, -2.966850721647530609, -0.9999999999999998890 ) ) ;
#873 = AXIS2_PLACEMENT_3D ( 'NONE', #2753, #101, #1271 ) ;
#874 = EDGE_LOOP ( 'NONE', ( #2281, #1863, #29, #1164 ) ) ;
#875 = CARTESIAN_POINT ( 'NONE',  ( -3.001123811401384955, -3.499999999999999556, 1.699999999999999734 ) ) ;
#876 = ORIENTED_EDGE ( 'NONE', *, *, #815, .T. ) ;
#877 = CARTESIAN_POINT ( 'NONE',  ( 1.282199884191092210, -2.982199884191092831, -0.8245582693234959626 ) ) ;
#878 = CARTESIAN_POINT ( 'NONE',  ( -3.500000000000002665, -6.349999999999998757, 2.199999999999999734 ) ) ;
#879 = CIRCLE ( 'NONE', #3583, 0.2499999999999997780 ) ;
#880 = EDGE_LOOP ( 'NONE', ( #1329, #2680, #1695, #1209 ) ) ;
#881 = EDGE_CURVE ( 'NONE', #2601, #2844, #2754, .T. ) ;
#882 = FACE_OUTER_BOUND ( 'NONE', #1987, .T. ) ;
#883 = DIRECTION ( 'NONE',  ( -2.551063935260010491E-16, -1.000000000000000000, 0.0000000000000000000 ) ) ;
#884 = VECTOR ( 'NONE', #978, 1000.000000000000000 ) ;
#885 = DIRECTION ( 'NONE',  ( 0.0000000000000000000, 0.0000000000000000000, 1.000000000000000000 ) ) ;
#886 = EDGE_CURVE ( 'NONE', #3125, #2110, #2465, .T. ) ;
#887 = AXIS2_PLACEMENT_3D ( 'NONE', #2669, #1484, #310 ) ;
#888 = CARTESIAN_POINT ( 'NONE',  ( 1.055885756829421318, -3.108373023707882599, -1.000000000000000000 ) ) ;
#889 = AXIS2_PLACEMENT_3D ( 'NONE', #3484, #2314, #1128 ) ;
#890 = DIRECTION ( 'NONE',  ( -0.0000000000000000000, -0.0000000000000000000, -1.000000000000000000 ) ) ;
#891 = ORIENTED_EDGE ( 'NONE', *, *, #2296, .T. ) ;
#892 = CARTESIAN_POINT ( 'NONE',  ( -3.001123811401384955, 5.000000000000000000, 2.199999999999999734 ) ) ;
#893 = EDGE_LOOP ( 'NONE', ( #857, #2254, #2338, #416 ) ) ;
#894 = LINE ( 'NONE', #3527, #1377 ) ;
#895 = ORIENTED_EDGE ( 'NONE', *, *, #2343, .F. ) ;
#896 = DIRECTION ( 'NONE',  ( 0.0000000000000000000, -0.0000000000000000000, -1.000000000000000000 ) ) ;
#897 = ORIENTED_EDGE ( 'NONE', *, *, #2070, .T. ) ;
#898 = CARTESIAN_POINT ( 'NONE',  ( 0.9000000000000000222, -1.399999999994815836, -0.6000000000000000888 ) ) ;
#899 = EDGE_CURVE ( 'NONE', #980, #1092, #2175, .T. ) ;
#900 = ORIENTED_EDGE ( 'NONE', *, *, #3294, .T. ) ;
#901 = FACE_OUTER_BOUND ( 'NONE', #2836, .T. ) ;
#902 = EDGE_CURVE ( 'NONE', #2277, #1829, #1897, .T. ) ;
#903 = DIRECTION ( 'NONE',  ( -0.0000000000000000000, -0.0000000000000000000, -1.000000000000000000 ) ) ;
#904 = DIRECTION ( 'NONE',  ( 0.0000000000000000000, 0.0000000000000000000, 1.000000000000000000 ) ) ;
#905 = CARTESIAN_POINT ( 'NONE',  ( -1.229245101670590978, 1.879704114673739657, -1.000000000000000000 ) ) ;
#906 = VERTEX_POINT ( 'NONE', #1591 ) ;
#907 = VERTEX_POINT ( 'NONE', #2773 ) ;
#908 = DIRECTION ( 'NONE',  ( 0.0000000000000000000, 0.0000000000000000000, -1.000000000000000000 ) ) ;
#909 = DIRECTION ( 'NONE',  ( -1.000000000000000000, 0.0000000000000000000, 0.0000000000000000000 ) ) ;
#910 = ORIENTED_EDGE ( 'NONE', *, *, #3023, .F. ) ;
#911 = PLANE ( 'NONE',  #1868 ) ;
#912 = ORIENTED_EDGE ( 'NONE', *, *, #2673, .F. ) ;
#913 = VECTOR ( 'NONE', #1916, 1000.000000000000000 ) ;
#914 = ORIENTED_EDGE ( 'NONE', *, *, #733, .F. ) ;
#915 = DIRECTION ( 'NONE',  ( 8.850629979473503546E-17, -1.000000000000000000, 0.0000000000000000000 ) ) ;
#916 = VECTOR ( 'NONE', #3493, 1000.000000000000000 ) ;
#917 = EDGE_CURVE ( 'NONE', #907, #2993, #3199, .T. ) ;
#918 = EDGE_LOOP ( 'NONE', ( #1753, #2035, #3051, #71 ) ) ;
#919 = ORIENTED_EDGE ( 'NONE', *, *, #1044, .T. ) ;
#920 = ORIENTED_EDGE ( 'NONE', *, *, #1362, .F. ) ;
#921 = CARTESIAN_POINT ( 'NONE',  ( 2.000000000000001776, 2.450000000000000178, 3.299999999999999378 ) ) ;
#922 = ORIENTED_EDGE ( 'NONE', *, *, #1379, .T. ) ;
#923 = EDGE_CURVE ( 'NONE', #3114, #2804, #3651, .T. ) ;
#924 = DIRECTION ( 'NONE',  ( 0.0000000000000000000, -1.000000000000000000, 0.0000000000000000000 ) ) ;
#925 = ORIENTED_EDGE ( 'NONE', *, *, #758, .F. ) ;
#926 = CARTESIAN_POINT ( 'NONE',  ( -1.500000000000000000, -2.994138467812656135, 0.0000000000000000000 ) ) ;
#927 = DIRECTION ( 'NONE',  ( 0.0000000000000000000, 0.0000000000000000000, -1.000000000000000000 ) ) ;
#928 = AXIS2_PLACEMENT_3D ( 'NONE', #2502, #3666, #1027 ) ;
#929 = EDGE_CURVE ( 'NONE', #1703, #648, #3364, .T. ) ;
#930 = CARTESIAN_POINT ( 'NONE',  ( -1.266850721647529987, -2.966850721647530609, -0.9999999999999998890 ) ) ;
#931 = ORIENTED_EDGE ( 'NONE', *, *, #3490, .F. ) ;
#932 = CARTESIAN_POINT ( 'NONE',  ( 0.2999999999999990452, 4.286263797015729816E-17, 7.799999999999999822 ) ) ;
#933 = VERTEX_POINT ( 'NONE', #3081 ) ;
#934 = CIRCLE ( 'NONE', #3092, 0.2500000000000000000 ) ;
#935 = FACE_OUTER_BOUND ( 'NONE', #1743, .T. ) ;
#936 = DIRECTION ( 'NONE',  ( -0.0000000000000000000, -0.0000000000000000000, -1.000000000000000000 ) ) ;
#937 = DIRECTION ( 'NONE',  ( -1.000000000000000000, -0.0000000000000000000, -0.0000000000000000000 ) ) ;
#938 = ORIENTED_EDGE ( 'NONE', *, *, #2031, .T. ) ;
#939 = SURFACE_SIDE_STYLE ('',( #3580 ) ) ;
#940 = AXIS2_PLACEMENT_3D ( 'NONE', #394, #1567, #2746 ) ;
#941 = DIRECTION ( 'NONE',  ( -0.0000000000000000000, -0.0000000000000000000, -1.000000000000000000 ) ) ;
#942 = VECTOR ( 'NONE', #1163, 1000.000000000000000 ) ;
#943 = EDGE_LOOP ( 'NONE', ( #910, #3324, #2976, #2206 ) ) ;
#944 = ADVANCED_FACE ( 'NONE', ( #440 ), #1608, .F. ) ;
#945 = FACE_OUTER_BOUND ( 'NONE', #1561, .T. ) ;
#946 = ORIENTED_EDGE ( 'NONE', *, *, #2102, .F. ) ;
#947 = ORIENTED_EDGE ( 'NONE', *, *, #2203, .F. ) ;
#948 = TOROIDAL_SURFACE ( 'NONE', #3109, 3.850000000000001865, 0.1499999999999999944 ) ;
#949 = CARTESIAN_POINT ( 'NONE',  ( 0.0000000000000000000, 0.0000000000000000000, 5.299999999999999822 ) ) ;
#950 = CARTESIAN_POINT ( 'NONE',  ( 1.229245101670592089, 1.879704114673734328, -1.000000000000000000 ) ) ;
#951 = SURFACE_SIDE_STYLE ('',( #3593 ) ) ;
#952 = ORIENTED_EDGE ( 'NONE', *, *, #3307, .T. ) ;
#953 = LINE ( 'NONE', #2133, #2049 ) ;
#954 = VERTEX_POINT ( 'NONE', #2505 ) ;
#955 = EDGE_LOOP ( 'NONE', ( #512, #526, #3492, #2875 ) ) ;
#956 = DIRECTION ( 'NONE',  ( 0.0000000000000000000, -1.000000000000000000, 0.0000000000000000000 ) ) ;
#957 = DIRECTION ( 'NONE',  ( 1.000000000000000000, 0.0000000000000000000, -0.0000000000000000000 ) ) ;
#958 = DIRECTION ( 'NONE',  ( 1.000000000000000000, 0.0000000000000000000, 0.0000000000000000000 ) ) ;
#959 = DIRECTION ( 'NONE',  ( -1.000000000000000000, 0.0000000000000000000, 0.0000000000000000000 ) ) ;
#960 = DIRECTION ( 'NONE',  ( -0.0000000000000000000, -0.0000000000000000000, -1.000000000000000000 ) ) ;
#961 = VERTEX_POINT ( 'NONE', #3670 ) ;
#962 = CIRCLE ( 'NONE', #3121, 0.1499999999999999667 ) ;
#963 = CARTESIAN_POINT ( 'NONE',  ( 3.001123811401384955, -3.499999999999999556, 2.199999999999999734 ) ) ;
#964 = CARTESIAN_POINT ( 'NONE',  ( 3.000384657911015863E-16, -2.450000000000000178, 4.400000000000000355 ) ) ;
#965 = ORIENTED_EDGE ( 'NONE', *, *, #864, .T. ) ;
#966 = PRODUCT_DEFINITION_FORMATION_WITH_SPECIFIED_SOURCE ( '任何', '', #189, .NOT_KNOWN. ) ;
#967 = DIRECTION ( 'NONE',  ( -0.0000000000000000000, -0.0000000000000000000, -1.000000000000000000 ) ) ;
#968 = DIRECTION ( 'NONE',  ( -0.0000000000000000000, -0.0000000000000000000, -1.000000000000000000 ) ) ;
#969 = ADVANCED_FACE ( 'NONE', ( #1030 ), #2212, .T. ) ;
#970 = LINE ( 'NONE', #2150, #1732 ) ;
#971 = ORIENTED_EDGE ( 'NONE', *, *, #3702, .F. ) ;
#972 = FACE_BOUND ( 'NONE', #1809, .T. ) ;
#973 = FACE_OUTER_BOUND ( 'NONE', #2965, .T. ) ;
#974 = ADVANCED_FACE ( 'NONE', ( #3097 ), #459, .F. ) ;
#975 = PRESENTATION_LAYER_ASSIGNMENT (  '', '', ( #3077 ) ) ;
#976 = EDGE_CURVE ( 'NONE', #3182, #1914, #737, .T. ) ;
#977 = AXIS2_PLACEMENT_3D ( 'NONE', #855, #2044, #3208 ) ;
#978 = DIRECTION ( 'NONE',  ( 1.000000000000000000, 0.0000000000000000000, 0.0000000000000000000 ) ) ;
#979 = CIRCLE ( 'NONE', #494, 0.5000000000000000000 ) ;
#980 = VERTEX_POINT ( 'NONE', #1047 ) ;
#981 = ORIENTED_EDGE ( 'NONE', *, *, #2381, .F. ) ;
#982 = CARTESIAN_POINT ( 'NONE',  ( -3.001123811401384955, -5.000000000000000000, 1.699999999999999734 ) ) ;
#983 = ORIENTED_EDGE ( 'NONE', *, *, #3057, .T. ) ;
#984 = DIRECTION ( 'NONE',  ( 1.000000000000000000, 0.0000000000000000000, 0.0000000000000000000 ) ) ;
#985 = CARTESIAN_POINT ( 'NONE',  ( 0.0000000000000000000, 0.0000000000000000000, 7.799999999999999822 ) ) ;
#986 = CARTESIAN_POINT ( 'NONE',  ( -2.199999999999999734, -2.449999999999999734, 0.0000000000000000000 ) ) ;
#987 = FACE_OUTER_BOUND ( 'NONE', #1674, .T. ) ;
#988 = VERTEX_POINT ( 'NONE', #2233 ) ;
#989 = FACE_OUTER_BOUND ( 'NONE', #3399, .T. ) ;
#990 = DIRECTION ( 'NONE',  ( -1.000000000000000000, 0.0000000000000000000, 0.0000000000000000000 ) ) ;
#991 = PRODUCT_DEFINITION ( '未知', '', #482, #3464 ) ;
#992 = EDGE_CURVE ( 'NONE', #381, #1233, #1920, .T. ) ;
#993 = AXIS2_PLACEMENT_3D ( 'NONE', #2783, #130, #1307 ) ;
#994 = CARTESIAN_POINT ( 'NONE',  ( -1.412511336474076007, -2.630386692243066538, -1.000000000000000000 ) ) ;
#995 = ORIENTED_EDGE ( 'NONE', *, *, #453, .T. ) ;
#996 = CARTESIAN_POINT ( 'NONE',  ( -2.750000000000002665, 6.349999999999996092, 0.2500000000000002220 ) ) ;
#997 = CIRCLE ( 'NONE', #1494, 0.4999999999999997780 ) ;
#998 = ORIENTED_EDGE ( 'NONE', *, *, #2486, .F. ) ;
#999 = ORIENTED_EDGE ( 'NONE', *, *, #3346, .T. ) ;
#1000 = DIRECTION ( 'NONE',  ( 0.0000000000000000000, 0.0000000000000000000, 1.000000000000000000 ) ) ;
#1001 = CARTESIAN_POINT ( 'NONE',  ( 3.850000000000001865, 6.349999999999998757, 1.349999999999999867 ) ) ;
#1002 = VECTOR ( 'NONE', #1363, 1000.000000000000000 ) ;
#1003 = CARTESIAN_POINT ( 'NONE',  ( 0.0000000000000000000, 1.399999999994816058, -1.000000000000000000 ) ) ;
#1004 = ORIENTED_EDGE ( 'NONE', *, *, #2255, .F. ) ;
#1005 = DIRECTION ( 'NONE',  ( 0.0000000000000000000, 1.000000000000000000, -0.0000000000000000000 ) ) ;
#1006 = VECTOR ( 'NONE', #1129, 1000.000000000000000 ) ;
#1007 = CIRCLE ( 'NONE', #1503, 0.4000000000000000222 ) ;
#1008 = VERTEX_POINT ( 'NONE', #3118 ) ;
#1009 = CARTESIAN_POINT ( 'NONE',  ( 1.500000000000000888, 1.899999999999999245, 0.0000000000000000000 ) ) ;
#1010 = CARTESIAN_POINT ( 'NONE',  ( -1.000000000000000222, 2.950000000000000178, 3.299999999999999378 ) ) ;
#1011 = PRODUCT_DEFINITION_SHAPE ( 'NONE', 'NONE',  #2365 ) ;
#1012 = EDGE_CURVE ( 'NONE', #616, #1763, #2648, .T. ) ;
#1013 = CARTESIAN_POINT ( 'NONE',  ( 1.428484041288941242, 1.894829659837392377, -0.8174311485495313612 ) ) ;
#1014 = DIRECTION ( 'NONE',  ( 1.000000000000000000, 0.0000000000000000000, 0.0000000000000000000 ) ) ;
#1015 = VECTOR ( 'NONE', #838, 1000.000000000000000 ) ;
#1016 = ORIENTED_EDGE ( 'NONE', *, *, #767, .F. ) ;
#1017 = DIRECTION ( 'NONE',  ( -0.0000000000000000000, -0.0000000000000000000, -1.000000000000000000 ) ) ;
#1018 = ORIENTED_EDGE ( 'NONE', *, *, #2763, .T. ) ;
#1019 = PLANE ( 'NONE',  #1421 ) ;
#1020 = EDGE_CURVE ( 'NONE', #3201, #2667, #330, .T. ) ;
#1021 = ORIENTED_EDGE ( 'NONE', *, *, #3490, .T. ) ;
#1022 = LINE ( 'NONE', #430, #349 ) ;
#1023 = CARTESIAN_POINT ( 'NONE',  ( 2.200000000000001066, -5.299999999975159248, 4.150000000000000355 ) ) ;
#1024 = VECTOR ( 'NONE', #393, 1000.000000000000000 ) ;
#1025 = EDGE_CURVE ( 'NONE', #1829, #1370, #552, .T. ) ;
#1026 = DIRECTION ( 'NONE',  ( 1.000000000000000000, -0.0000000000000000000, -0.0000000000000000000 ) ) ;
#1027 = DIRECTION ( 'NONE',  ( -1.000000000000000000, 0.0000000000000000000, 0.0000000000000000000 ) ) ;
#1028 = COLOUR_RGB ( '',1.000000000000000000, 1.000000000000000000, 0.0000000000000000000 ) ;
#1029 = FACE_OUTER_BOUND ( 'NONE', #1573, .T. ) ;
#1030 = FACE_OUTER_BOUND ( 'NONE', #1625, .T. ) ;
#1031 = EDGE_CURVE ( 'NONE', #2601, #617, #1971, .T. ) ;
#1032 = PLANE ( 'NONE',  #522 ) ;
#1033 = CARTESIAN_POINT ( 'NONE',  ( 44.84270711785296726, -12.32992998833657694, -2.899999999999999911 ) ) ;
#1034 = ORIENTED_EDGE ( 'NONE', *, *, #3739, .F. ) ;
#1035 = DIRECTION ( 'NONE',  ( -0.08682659386424775028, 0.08682659386424780579, -0.9924325091389669673 ) ) ;
#1036 = VECTOR ( 'NONE', #1101, 1000.000000000000000 ) ;
#1037 = FACE_OUTER_BOUND ( 'NONE', #423, .T. ) ;
#1038 = AXIS2_PLACEMENT_3D ( 'NONE', #119, #1295, #2485 ) ;
#1039 = CARTESIAN_POINT ( 'NONE',  ( -0.9000000000000000222, 1.399999999994816058, -0.6000000000000000888 ) ) ;
#1040 = EDGE_CURVE ( 'NONE', #961, #1880, #3741, .T. ) ;
#1041 = DIRECTION ( 'NONE',  ( 0.7071067811865474617, -0.7071067811865476838, -0.0000000000000000000 ) ) ;
#1042 = CIRCLE ( 'NONE', #2711, 3.000000000000000888 ) ;
#1043 = CARTESIAN_POINT ( 'NONE',  ( 2.500000000000002220, -3.450000000000000178, 0.3999999999999993006 ) ) ;
#1044 = EDGE_CURVE ( 'NONE', #3417, #2880, #1042, .T. ) ;
#1045 = EDGE_LOOP ( 'NONE', ( #3163, #3291, #528, #1368 ) ) ;
#1046 = CYLINDRICAL_SURFACE ( 'NONE', #1210, 3.500000000000002220 ) ;
#1047 = CARTESIAN_POINT ( 'NONE',  ( 3.001123811401384955, 3.499999999999999556, 2.199999999999999734 ) ) ;
#1048 = CARTESIAN_POINT ( 'NONE',  ( -0.9000000000000000222, -1.399999999994816058, -1.000000000000000000 ) ) ;
#1049 = DIRECTION ( 'NONE',  ( -1.000000000000000000, 0.0000000000000000000, 0.0000000000000000000 ) ) ;
#1050 = AXIS2_PLACEMENT_3D ( 'NONE', #3000, #1831, #644 ) ;
#1051 = AXIS2_PLACEMENT_3D ( 'NONE', #702, #1894, #3060 ) ;
#1053 = CARTESIAN_POINT ( 'NONE',  ( 1.500000000000001776, -2.450000000000000178, 3.299999999999999378 ) ) ;
#1052 = CARTESIAN_POINT ( 'NONE',  ( -2.449999999999999734, -2.449999999975159604, 4.150000000000000355 ) ) ;
#1054 = CARTESIAN_POINT ( 'NONE',  ( -1.000000000000000222, 3.457717923282643824, 4.799999999999999822 ) ) ;
#1055 = CARTESIAN_POINT ( 'NONE',  ( -2.500000000000000000, -6.349999999999999645, 4.799999999999999822 ) ) ;
#1056 = CIRCLE ( 'NONE', #1996, 0.5000000000000000000 ) ;
#1057 = CARTESIAN_POINT ( 'NONE',  ( -2.000000000000001332, -2.450000000000000178, 3.299999999999999378 ) ) ;
#1058 = ADVANCED_FACE ( 'NONE', ( #1079 ), #2268, .F. ) ;
#1059 = CARTESIAN_POINT ( 'NONE',  ( 1.500000000000001776, 2.950000000000000178, 3.299999999999999378 ) ) ;
#1060 = VECTOR ( 'NONE', #941, 1000.000000000000000 ) ;
#1061 = FACE_OUTER_BOUND ( 'NONE', #1344, .T. ) ;
#1062 = AXIS2_PLACEMENT_3D ( 'NONE', #2987, #1818, #631 ) ;
#1063 = CARTESIAN_POINT ( 'NONE',  ( 1.428079346503796421, -2.764184955399752841, -0.8220568311103779724 ) ) ;
#1064 = AXIS2_PLACEMENT_3D ( 'NONE', #600, #3243, #2077 ) ;
#1065 = LINE ( 'NONE', #3136, #2497 ) ;
#1066 = ORIENTED_EDGE ( 'NONE', *, *, #1609, .F. ) ;
#1067 = APPLICATION_PROTOCOL_DEFINITION ( 'draft international standard', 'automotive_design', 1998, #2759 ) ;
#1068 = DIRECTION ( 'NONE',  ( -0.0000000000000000000, -1.000000000000000000, 0.0000000000000000000 ) ) ;
#1069 = ORIENTED_EDGE ( 'NONE', *, *, #1927, .T. ) ;
#1070 = CARTESIAN_POINT ( 'NONE',  ( 0.0000000000000000000, -6.349999999999998757, 1.349999999999999867 ) ) ;
#1071 = DIRECTION ( 'NONE',  ( 1.000000000000000000, 0.0000000000000000000, 0.0000000000000000000 ) ) ;
#1072 = PRODUCT_DEFINITION_CONTEXT ( 'detailed design', #2759, 'design' ) ;
#1073 = ORIENTED_EDGE ( 'NONE', *, *, #3720, .T. ) ;
#1074 = CARTESIAN_POINT ( 'NONE',  ( 0.0000000000000000000, 0.0000000000000000000, 7.799999999999999822 ) ) ;
#1075 = EDGE_CURVE ( 'NONE', #3050, #3800, #3156, .T. ) ;
#1076 = ORIENTED_EDGE ( 'NONE', *, *, #159, .F. ) ;
#1077 = CARTESIAN_POINT ( 'NONE',  ( 2.500000000000002220, -3.450000000000000178, 4.799999999999999822 ) ) ;
#1078 = STYLED_ITEM ( 'NONE', ( #301 ), #1981 ) ;
#1079 = FACE_OUTER_BOUND ( 'NONE', #1512, .T. ) ;
#1080 = DIRECTION ( 'NONE',  ( 0.0000000000000000000, 0.0000000000000000000, -1.000000000000000000 ) ) ;
#1081 = CARTESIAN_POINT ( 'NONE',  ( -2.500000000000002665, 6.349999999999996092, 0.3999999999999993006 ) ) ;
#1082 = ORIENTED_EDGE ( 'NONE', *, *, #2194, .T. ) ;
#1083 = EDGE_CURVE ( 'NONE', #1633, #3745, #2220, .T. ) ;
#1084 = ADVANCED_BREP_SHAPE_REPRESENTATION ( '', ( #3250, #594 ), #2691 ) ;
#1085 = CONTEXT_DEPENDENT_SHAPE_REPRESENTATION ( #3153, #1282 ) ;
#1086 = ORIENTED_EDGE ( 'NONE', *, *, #2782, .T. ) ;
#1087 = LINE ( 'NONE', #779, #2122 ) ;
#1088 = CARTESIAN_POINT ( 'NONE',  ( 3.500000000000002220, 6.349999999999997868, 1.699999999999999734 ) ) ;
#1089 = EDGE_CURVE ( 'NONE', #3298, #260, #2573, .T. ) ;
#1090 = ORIENTED_EDGE ( 'NONE', *, *, #1313, .T. ) ;
#1091 = LINE ( 'NONE', #2276, #2946 ) ;
#1092 = VERTEX_POINT ( 'NONE', #2285 ) ;
#1093 = CARTESIAN_POINT ( 'NONE',  ( -0.2999999999999990452, 0.0000000000000000000, 7.799999999999999822 ) ) ;
#1094 = AXIS2_PLACEMENT_3D ( 'NONE', #1768, #2944, #298 ) ;
#1095 = ORIENTED_EDGE ( 'NONE', *, *, #453, .F. ) ;
#1096 = ORIENTED_EDGE ( 'NONE', *, *, #2381, .T. ) ;
#1097 = DIRECTION ( 'NONE',  ( -0.0000000000000000000, -1.000000000000000000, -0.0000000000000000000 ) ) ;
#1098 = DIRECTION ( 'NONE',  ( -0.0000000000000000000, -0.0000000000000000000, 1.000000000000000000 ) ) ;
#1099 = VECTOR ( 'NONE', #1117, 1000.000000000000000 ) ;
#1100 = VECTOR ( 'NONE', #2515, 1000.000000000000000 ) ;
#1101 = DIRECTION ( 'NONE',  ( -0.0000000000000000000, -1.000000000000000000, -0.0000000000000000000 ) ) ;
#1102 = DIRECTION ( 'NONE',  ( -0.0000000000000000000, -0.0000000000000000000, 1.000000000000000000 ) ) ;
#1103 = CYLINDRICAL_SURFACE ( 'NONE', #3438, 0.2500000000000000000 ) ;
#1104 = ITEM_DEFINED_TRANSFORMATION ( 'NONE', 'NONE', #2318,  #594 ) ;
#1105 = LINE ( 'NONE', #2289, #1815 ) ;
#1106 = ORIENTED_EDGE ( 'NONE', *, *, #2115, .F. ) ;
#1107 = ORIENTED_EDGE ( 'NONE', *, *, #1367, .F. ) ;
#1108 = DIRECTION ( 'NONE',  ( -0.0000000000000000000, -0.0000000000000000000, -1.000000000000000000 ) ) ;
#1109 = VERTEX_POINT ( 'NONE', #3452 ) ;
#1110 = LINE ( 'NONE', #3187, #687 ) ;
#1111 = DIRECTION ( 'NONE',  ( 0.0000000000000000000, 0.0000000000000000000, -1.000000000000000000 ) ) ;
#1112 = CARTESIAN_POINT ( 'NONE',  ( -1.500000000000000888, -2.950000000000000178, 4.799999999999999822 ) ) ;
#1113 = DIRECTION ( 'NONE',  ( 1.000000000000000000, 0.0000000000000000000, 0.0000000000000000000 ) ) ;
#1114 = DIRECTION ( 'NONE',  ( 0.0000000000000000000, 0.0000000000000000000, 1.000000000000000000 ) ) ;
#1115 = CIRCLE ( 'NONE', #3278, 0.4899999999999999911 ) ;
#1116 = VECTOR ( 'NONE', #555, 1000.000000000000000 ) ;
#1117 = DIRECTION ( 'NONE',  ( 1.000000000000000000, 0.0000000000000000000, 0.0000000000000000000 ) ) ;
#1118 = VECTOR ( 'NONE', #3777, 1000.000000000000000 ) ;
#1119 = ADVANCED_FACE ( 'NONE', ( #820 ), #2017, .F. ) ;
#1120 = PLANE ( 'NONE',  #2793 ) ;
#1121 = ORIENTED_EDGE ( 'NONE', *, *, #2153, .F. ) ;
#1122 = EDGE_CURVE ( 'NONE', #1703, #123, #1216, .T. ) ;
#1123 = VERTEX_POINT ( 'NONE', #2591 ) ;
#1124 = PRESENTATION_STYLE_ASSIGNMENT (( #3763 ) ) ;
#1125 = DIRECTION ( 'NONE',  ( 1.000000000000000000, 0.0000000000000000000, -0.0000000000000000000 ) ) ;
#1126 = EDGE_CURVE ( 'NONE', #2618, #2091, #675, .T. ) ;
#1127 = CYLINDRICAL_SURFACE ( 'NONE', #1178, 0.5000000000000002220 ) ;
#1128 = DIRECTION ( 'NONE',  ( -1.000000000000000000, 0.0000000000000000000, -0.0000000000000000000 ) ) ;
#1129 = DIRECTION ( 'NONE',  ( -0.0000000000000000000, -0.0000000000000000000, -1.000000000000000000 ) ) ;
#1130 = EDGE_CURVE ( 'NONE', #491, #2761, #3474, .T. ) ;
#1131 = DIRECTION ( 'NONE',  ( 1.000000000000000000, -0.0000000000000000000, -0.0000000000000000000 ) ) ;
#1132 = ORIENTED_EDGE ( 'NONE', *, *, #1020, .T. ) ;
#1133 = DIRECTION ( 'NONE',  ( 4.486353817181404050E-16, -1.000000000000000000, 0.0000000000000000000 ) ) ;
#1134 = CARTESIAN_POINT ( 'NONE',  ( -1.400739561774992703, 1.892807179218139790, -0.9141659288347905310 ) ) ;
#1135 = EDGE_LOOP ( 'NONE', ( #2571, #2585, #3659, #1967 ) ) ;
#1136 = CIRCLE ( 'NONE', #1641, 0.5000000000000000000 ) ;
#1137 = CARTESIAN_POINT ( 'NONE',  ( -1.000000000000000222, 3.450000000000000178, 4.799999999999999822 ) ) ;
#1138 = CARTESIAN_POINT ( 'NONE',  ( 1.499999999999999556, -3.200000000000000178, 0.0000000000000000000 ) ) ;
#1139 = DIRECTION ( 'NONE',  ( -0.0000000000000000000, -0.0000000000000000000, -1.000000000000000000 ) ) ;
#1140 = ORIENTED_EDGE ( 'NONE', *, *, #2787, .F. ) ;
#1141 = ORIENTED_EDGE ( 'NONE', *, *, #715, .T. ) ;
#1142 = EDGE_LOOP ( 'NONE', ( #1915, #897, #2163, #2383 ) ) ;
#1143 = ORIENTED_EDGE ( 'NONE', *, *, #1687, .T. ) ;
#1144 = FACE_OUTER_BOUND ( 'NONE', #2475, .T. ) ;
#1145 = CARTESIAN_POINT ( 'NONE',  ( 0.0000000000000000000, 0.0000000000000000000, 4.299999999999999822 ) ) ;
#1146 = UNCERTAINTY_MEASURE_WITH_UNIT (LENGTH_MEASURE( 1.000000000000000082E-05 ), #2469, 'distance_accuracy_value', 'NONE');
#1147 = CARTESIAN_POINT ( 'NONE',  ( 1.000000000000000000, 2.950000000000000178, 4.299999999999999822 ) ) ;
#1148 = CARTESIAN_POINT ( 'NONE',  ( -1.428484041288940354, -2.630386692243066982, -0.8174311485495316942 ) ) ;
#1149 = ORIENTED_EDGE ( 'NONE', *, *, #3189, .T. ) ;
#1150 = CLOSED_SHELL ( 'NONE', ( #20, #3471, #46, #2267, #661, #3723, #1446, #1770, #3455, #485, #1773, #1201, #140, #1876, #2026, #505, #2750, #791 ) ) ;
#1151 = EDGE_CURVE ( 'NONE', #2547, #218, #1350, .T. ) ;
#1152 = DIRECTION ( 'NONE',  ( -0.0000000000000000000, -0.0000000000000000000, -1.000000000000000000 ) ) ;
#1153 = ORIENTED_EDGE ( 'NONE', *, *, #1393, .F. ) ;
#1154 = CARTESIAN_POINT ( 'NONE',  ( -4.000000000000001776, 6.349999999999995204, 2.199999999999999734 ) ) ;
#1155 = AXIS2_PLACEMENT_3D ( 'NONE', #2525, #2238, #158 ) ;
#1156 = CARTESIAN_POINT ( 'NONE',  ( 1.374856693080864112, -2.889543075285680995, -0.8245582694128771317 ) ) ;
#1157 = DIRECTION ( 'NONE',  ( 0.0000000000000000000, -0.0000000000000000000, -1.000000000000000000 ) ) ;
#1158 = EDGE_CURVE ( 'NONE', #3029, #1853, #2899, .T. ) ;
#1159 = AXIS2_PLACEMENT_3D ( 'NONE', #3148, #3286, #645 ) ;
#1160 = DIRECTION ( 'NONE',  ( 1.000000000000000000, 0.0000000000000000000, 0.0000000000000000000 ) ) ;
#1161 = CARTESIAN_POINT ( 'NONE',  ( 3.000000000000001776, 6.349999999999997868, 4.799999999999999822 ) ) ;
#1162 = FACE_OUTER_BOUND ( 'NONE', #3623, .T. ) ;
#1163 = DIRECTION ( 'NONE',  ( 1.000000000000000000, 0.0000000000000000000, 0.0000000000000000000 ) ) ;
#1164 = ORIENTED_EDGE ( 'NONE', *, *, #1950, .F. ) ;
#1165 = VECTOR ( 'NONE', #2227, 1000.000000000000000 ) ;
#1166 = DIRECTION ( 'NONE',  ( 0.0000000000000000000, 0.0000000000000000000, 1.000000000000000000 ) ) ;
#1167 = ORIENTED_EDGE ( 'NONE', *, *, #365, .T. ) ;
#1168 = CARTESIAN_POINT ( 'NONE',  ( 2.450000000000000622, -2.449999999975159160, 4.400000000000000355 ) ) ;
#1169 = EDGE_CURVE ( 'NONE', #2850, #2531, #2610, .T. ) ;
#1170 = LINE ( 'NONE', #1, #3526 ) ;
#1171 = VECTOR ( 'NONE', #2452, 1000.000000000000000 ) ;
#1172 = DIRECTION ( 'NONE',  ( -0.0000000000000000000, -0.0000000000000000000, 1.000000000000000000 ) ) ;
#1173 = VERTEX_POINT ( 'NONE', #2320 ) ;
#1174 = PLANE ( 'NONE',  #1923 ) ;
#1175 = ORIENTED_EDGE ( 'NONE', *, *, #1559, .F. ) ;
#1176 = CARTESIAN_POINT ( 'NONE',  ( 0.0000000000000000000, 0.0000000000000000000, 5.000000000000000000 ) ) ;
#1177 = EDGE_CURVE ( 'NONE', #2873, #2752, #3802, .T. ) ;
#1178 = AXIS2_PLACEMENT_3D ( 'NONE', #2313, #3483, #850 ) ;
#1179 = ORIENTED_EDGE ( 'NONE', *, *, #333, .T. ) ;
#1180 = CARTESIAN_POINT ( 'NONE',  ( 0.0000000000000000000, 0.0000000000000000000, 5.000000000000000000 ) ) ;
#1181 = DIRECTION ( 'NONE',  ( 0.0000000000000000000, 0.0000000000000000000, 1.000000000000000000 ) ) ;
#1182 = VECTOR ( 'NONE', #1035, 1000.000000000000114 ) ;
#1183 = ADVANCED_FACE ( 'NONE', ( #3210 ), #3256, .T. ) ;
#1184 = AXIS2_PLACEMENT_3D ( 'NONE', #2602, #1423, #247 ) ;
#1185 = FACE_OUTER_BOUND ( 'NONE', #1962, .T. ) ;
#1186 = AXIS2_PLACEMENT_3D ( 'NONE', #215, #2862, #1683 ) ;
#1187 = DIRECTION ( 'NONE',  ( 0.0000000000000000000, -1.000000000000000000, 0.0000000000000000000 ) ) ;
#1188 = VERTEX_POINT ( 'NONE', #584 ) ;
#1189 = ORIENTED_EDGE ( 'NONE', *, *, #2036, .F. ) ;
#1190 = DIRECTION ( 'NONE',  ( 0.0000000000000000000, 1.000000000000000000, 0.0000000000000000000 ) ) ;
#1191 = DIRECTION ( 'NONE',  ( -1.000000000000000000, 0.0000000000000000000, 0.0000000000000000000 ) ) ;
#1192 = VERTEX_POINT ( 'NONE', #1764 ) ;
#1193 = CARTESIAN_POINT ( 'NONE',  ( -0.9000000000000000222, 0.0000000000000000000, 0.4000000000000000222 ) ) ;
#1194 = ORIENTED_EDGE ( 'NONE', *, *, #1538, .T. ) ;
#1195 = ORIENTED_EDGE ( 'NONE', *, *, #3052, .F. ) ;
#1196 = FACE_BOUND ( 'NONE', #1841, .T. ) ;
#1197 = PLANE ( 'NONE',  #3735 ) ;
#1198 = EDGE_CURVE ( 'NONE', #1341, #3480, #2941, .T. ) ;
#1199 = EDGE_LOOP ( 'NONE', ( #30, #520, #267, #3331 ) ) ;
#1200 = ORIENTED_EDGE ( 'NONE', *, *, #2152, .T. ) ;
#1201 = ADVANCED_FACE ( 'NONE', ( #2655 ), #6, .T. ) ;
#1202 = CARTESIAN_POINT ( 'NONE',  ( -3.001123811401384955, 3.499999999999999556, 1.699999999999999734 ) ) ;
#1203 = CARTESIAN_POINT ( 'NONE',  ( 2.000000000000001776, -2.450000000000000178, 4.799999999999999822 ) ) ;
#1204 = VERTEX_POINT ( 'NONE', #898 ) ;
#1205 = CARTESIAN_POINT ( 'NONE',  ( 0.9303866922430672481, -2.929245101670591378, -1.000000000000000000 ) ) ;
#1206 = CARTESIAN_POINT ( 'NONE',  ( -1.178407177562552199, -3.055294264511523306, -1.000000000000033751 ) ) ;
#1207 = EDGE_LOOP ( 'NONE', ( #2564, #3300 ) ) ;
#1208 = CARTESIAN_POINT ( 'NONE',  ( 0.0000000000000000000, 0.0000000000000000000, 4.299999999999999822 ) ) ;
#1209 = ORIENTED_EDGE ( 'NONE', *, *, #1362, .T. ) ;
#1210 = AXIS2_PLACEMENT_3D ( 'NONE', #2232, #3401, #764 ) ;
#1211 = CYLINDRICAL_SURFACE ( 'NONE', #2520, 3.000000000000002665 ) ;
#1212 = CARTESIAN_POINT ( 'NONE',  ( 3.500000000000002220, 6.349999999999997868, 1.699999999999999734 ) ) ;
#1213 = CARTESIAN_POINT ( 'NONE',  ( -1.500000000000002220, 2.950000000000000178, 3.299999999999999378 ) ) ;
#1214 = ORIENTED_EDGE ( 'NONE', *, *, #467, .F. ) ;
#1215 = ADVANCED_FACE ( 'NONE', ( #2082 ), #3248, .F. ) ;
#1216 = CIRCLE ( 'NONE', #2337, 0.5000000000000000000 ) ;
#1217 = FILL_AREA_STYLE_COLOUR ( '', #1905 ) ;
#1218 = EDGE_CURVE ( 'NONE', #3466, #3323, #315, .T. ) ;
#1219 = ORIENTED_EDGE ( 'NONE', *, *, #2808, .F. ) ;
#1220 = FACE_OUTER_BOUND ( 'NONE', #2767, .T. ) ;
#1221 = CARTESIAN_POINT ( 'NONE',  ( 3.500000000000002220, 6.349999999999997868, 1.699999999999999734 ) ) ;
#1222 = EDGE_LOOP ( 'NONE', ( #3388, #1375, #3005, #1925 ) ) ;
#1223 = CARTESIAN_POINT ( 'NONE',  ( 0.0000000000000000000, -6.349999999999998757, 1.699999999999999734 ) ) ;
#1224 = ORIENTED_EDGE ( 'NONE', *, *, #2649, .F. ) ;
#1225 = FACE_OUTER_BOUND ( 'NONE', #1222, .T. ) ;
#1226 = CARTESIAN_POINT ( 'NONE',  ( 1.400739561774993591, 1.892807179218134017, -0.9141659288347905310 ) ) ;
#1227 = AXIS2_PLACEMENT_3D ( 'NONE', #2904, #262, #1435 ) ;
#1228 = FILL_AREA_STYLE_COLOUR ( '', #2278 ) ;
#1229 = EDGE_LOOP ( 'NONE', ( #1096, #1481, #3111, #1121 ) ) ;
#1230 = LINE ( 'NONE', #2424, #384 ) ;
#1231 = ORIENTED_EDGE ( 'NONE', *, *, #595, .T. ) ;
#1232 = AXIS2_PLACEMENT_3D ( 'NONE', #1638, #2818, #165 ) ;
#1233 = VERTEX_POINT ( 'NONE', #28 ) ;
#1234 = VERTEX_POINT ( 'NONE', #1193 ) ;
#1235 = DIRECTION ( 'NONE',  ( 0.0000000000000000000, 0.0000000000000000000, 1.000000000000000000 ) ) ;
#1236 = CIRCLE ( 'NONE', #3397, 3.500000000000003109 ) ;
#1237 = FACE_OUTER_BOUND ( 'NONE', #1872, .T. ) ;
#1238 = VERTEX_POINT ( 'NONE', #2379 ) ;
#1239 = ADVANCED_FACE ( 'NONE', ( #3552 ), #911, .F. ) ;
#1240 = CIRCLE ( 'NONE', #3404, 0.1499999999999999667 ) ;
#1241 = CARTESIAN_POINT ( 'NONE',  ( 0.9000000000000000222, 1.399999999994816280, -1.000000000000000000 ) ) ;
#1242 = FACE_OUTER_BOUND ( 'NONE', #109, .T. ) ;
#1243 = CIRCLE ( 'NONE', #3407, 0.9000000000000000222 ) ;
#1244 = VERTEX_POINT ( 'NONE', #1808 ) ;
#1245 = CARTESIAN_POINT ( 'NONE',  ( -2.449999999999999734, -2.449999999975159604, 4.400000000000000355 ) ) ;
#1246 = CARTESIAN_POINT ( 'NONE',  ( 2.500000000000002220, 6.349999999999998757, 4.799999999999999822 ) ) ;
#1247 = EDGE_LOOP ( 'NONE', ( #229, #84, #1902, #3572 ) ) ;
#1248 = MECHANICAL_DESIGN_GEOMETRIC_PRESENTATION_REPRESENTATION (  '', ( #768 ), #2247 ) ;
#1249 = DIRECTION ( 'NONE',  ( -1.521687259628777768E-16, -1.000000000000000000, 0.0000000000000000000 ) ) ;
#1250 = DIRECTION ( 'NONE',  ( -1.000000000000000000, 0.0000000000000000000, 0.0000000000000000000 ) ) ;
#1251 = EDGE_CURVE ( 'NONE', #3500, #3246, #2975, .T. ) ;
#1252 = SURFACE_STYLE_USAGE ( .BOTH. , #3093 ) ;
#1253 = ORIENTED_EDGE ( 'NONE', *, *, #1784, .F. ) ;
#1254 = ADVANCED_FACE ( 'NONE', ( #2687 ), #44, .T. ) ;
#1255 = ORIENTED_EDGE ( 'NONE', *, *, #707, .F. ) ;
#1256 = DIRECTION ( 'NONE',  ( -0.0000000000000000000, -1.000000000000000000, -0.0000000000000000000 ) ) ;
#1257 = CARTESIAN_POINT ( 'NONE',  ( -3.001123811401384955, 5.000000000000000000, 3.780783809238926541 ) ) ;
#1258 = CARTESIAN_POINT ( 'NONE',  ( 3.500000000000002220, 6.349999999999998757, 1.699999999999999734 ) ) ;
#1259 = VECTOR ( 'NONE', #2068, 1000.000000000000000 ) ;
#1260 = ORIENTED_EDGE ( 'NONE', *, *, #194, .F. ) ;
#1261 = CARTESIAN_POINT ( 'NONE',  ( -0.4899999999999999911, 0.0000000000000000000, 5.299999999999999822 ) ) ;
#1262 = VERTEX_POINT ( 'NONE', #932 ) ;
#1263 = CARTESIAN_POINT ( 'NONE',  ( -1.428484041288940354, -2.630386692243066982, -0.8174311485495316942 ) ) ;
#1264 = DIRECTION ( 'NONE',  ( 0.0000000000000000000, 0.0000000000000000000, -1.000000000000000000 ) ) ;
#1265 = PRODUCT_DEFINITION ( '未知', '', #966, #3126 ) ;
#1266 = DIRECTION ( 'NONE',  ( 0.0000000000000000000, 0.0000000000000000000, 1.000000000000000000 ) ) ;
#1267 = DIRECTION ( 'NONE',  ( 1.000000000000000000, 1.770125995894700463E-16, 0.0000000000000000000 ) ) ;
#1268 = EDGE_CURVE ( 'NONE', #77, #2059, #1358, .T. ) ;
#1269 = ORIENTED_EDGE ( 'NONE', *, *, #2222, .F. ) ;
#1270 = ORIENTED_EDGE ( 'NONE', *, *, #2224, .T. ) ;
#1271 = DIRECTION ( 'NONE',  ( 1.000000000000000000, 0.0000000000000000000, -0.0000000000000000000 ) ) ;
#1272 = DIRECTION ( 'NONE',  ( 0.0000000000000000000, -1.000000000000000000, 0.0000000000000000000 ) ) ;
#1273 = EDGE_CURVE ( 'NONE', #1244, #2143, #1828, .T. ) ;
#1274 = EDGE_CURVE ( 'NONE', #3417, #1386, #1527, .T. ) ;
#1275 = EDGE_CURVE ( 'NONE', #3507, #2265, #1230, .T. ) ;
#1276 = VECTOR ( 'NONE', #2854, 1000.000000000000000 ) ;
#1277 = AXIS2_PLACEMENT_3D ( 'NONE', #770, #2937, #288 ) ;
#1278 = ORIENTED_EDGE ( 'NONE', *, *, #3629, .T. ) ;
#1279 = CARTESIAN_POINT ( 'NONE',  ( 1.500000000000001776, -2.450000000000000178, 3.299999999999999378 ) ) ;
#1280 = CARTESIAN_POINT ( 'NONE',  ( -1.408373023707924165, -2.755885756829415723, -1.000000000000000000 ) ) ;
#1281 = AXIS2_PLACEMENT_3D ( 'NONE', #3678, #1041, #2226 ) ;
#1282 = PRODUCT_DEFINITION_SHAPE ( 'NONE', 'NONE',  #3804 ) ;
#1283 = ORIENTED_EDGE ( 'NONE', *, *, #2579, .F. ) ;
#1284 = ORIENTED_EDGE ( 'NONE', *, *, #1415, .T. ) ;
#1285 = LINE ( 'NONE', #2473, #2597 ) ;
#1286 = LINE ( 'NONE', #2476, #2914 ) ;
#1287 = FACE_OUTER_BOUND ( 'NONE', #2671, .T. ) ;
#1288 = ORIENTED_EDGE ( 'NONE', *, *, #3308, .T. ) ;
#1289 = FACE_OUTER_BOUND ( 'NONE', #2777, .T. ) ;
#1290 = EDGE_CURVE ( 'NONE', #3361, #3106, #953, .T. ) ;
#1291 = VECTOR ( 'NONE', #1097, 1000.000000000000000 ) ;
#1292 = ADVANCED_FACE ( 'NONE', ( #659, #1847, #3016 ), #378, .T. ) ;
#1293 = DIRECTION ( 'NONE',  ( 1.000000000000000000, -1.013945871708443747E-11, 0.0000000000000000000 ) ) ;
#1294 = CARTESIAN_POINT ( 'NONE',  ( 1.000000000000000000, 3.450000000000000178, 0.3999999999999993006 ) ) ;
#1295 = DIRECTION ( 'NONE',  ( 0.0000000000000000000, 0.0000000000000000000, -1.000000000000000000 ) ) ;
#1296 = DIRECTION ( 'NONE',  ( 1.000000000000000000, 1.024442997624099200E-16, 0.0000000000000000000 ) ) ;
#1297 = EDGE_CURVE ( 'NONE', #2794, #3621, #2714, .T. ) ;
#1298 = ORIENTED_EDGE ( 'NONE', *, *, #282, .F. ) ;
#1299 = CARTESIAN_POINT ( 'NONE',  ( 3.001123811401384955, -5.000000000000000000, 2.199999999999999734 ) ) ;
#1300 = CARTESIAN_POINT ( 'NONE',  ( -2.500000000000000888, -6.349999999999998757, 4.799999999999999822 ) ) ;
#1301 = ORIENTED_EDGE ( 'NONE', *, *, #155, .T. ) ;
#1302 = CARTESIAN_POINT ( 'NONE',  ( -2.200000000000000178, -5.299999999975160137, 0.0000000000000000000 ) ) ;
#1303 = CIRCLE ( 'NONE', #3457, 0.9000000000000000222 ) ;
#1304 = CARTESIAN_POINT ( 'NONE',  ( -1.500000000000001998, 2.450000000000000178, 3.299999999999999378 ) ) ;
#1305 = CARTESIAN_POINT ( 'NONE',  ( -0.9303866922430676922, -2.929245101670591822, -0.8000000000000000444 ) ) ;
#1306 = AXIS2_PLACEMENT_3D ( 'NONE', #227, #1402, #2578 ) ;
#1307 = DIRECTION ( 'NONE',  ( 0.0000000000000000000, 0.0000000000000000000, -1.000000000000000000 ) ) ;
#1308 = CYLINDRICAL_SURFACE ( 'NONE', #928, 0.2500000000000000000 ) ;
#1309 = VECTOR ( 'NONE', #2795, 1000.000000000000000 ) ;
#1310 = AXIS2_PLACEMENT_3D ( 'NONE', #2848, #199, #1381 ) ;
#1311 = LINE ( 'NONE', #2504, #1406 ) ;
#1312 = DIRECTION ( 'NONE',  ( 1.000000000000000000, 0.0000000000000000000, 0.0000000000000000000 ) ) ;
#1313 = EDGE_CURVE ( 'NONE', #286, #648, #3211, .T. ) ;
#1314 = EDGE_CURVE ( 'NONE', #1839, #3029, #3285, .T. ) ;
#1315 = CARTESIAN_POINT ( 'NONE',  ( -3.000000000000000000, -6.349999999999998757, 4.799999999999999822 ) ) ;
#1316 = CARTESIAN_POINT ( 'NONE',  ( 44.84270711785296015, -15.12992998832620195, -2.899999999999999023 ) ) ;
#1317 = ADVANCED_FACE ( 'NONE', ( #3574 ), #2404, .F. ) ;
#1318 = EDGE_CURVE ( 'NONE', #2679, #2642, #1515, .T. ) ;
#1319 = FILL_AREA_STYLE ('',( #2513 ) ) ;
#1320 = DIRECTION ( 'NONE',  ( 1.000000000000000000, 0.0000000000000000000, 0.0000000000000000000 ) ) ;
#1321 = CARTESIAN_POINT ( 'NONE',  ( 2.200000000000000622, -2.449999999977694021, 4.150000000000000355 ) ) ;
#1322 = EDGE_CURVE ( 'NONE', #21, #2110, #1811, .T. ) ;
#1323 = DIRECTION ( 'NONE',  ( -0.0000000000000000000, -1.000000000000000000, -0.0000000000000000000 ) ) ;
#1324 = CIRCLE ( 'NONE', #3479, 0.9000000000000000222 ) ;
#1325 = CARTESIAN_POINT ( 'NONE',  ( -2.000000000000001776, 2.450000000000000178, 3.299999999999999378 ) ) ;
#1326 = DIRECTION ( 'NONE',  ( 0.0000000000000000000, 0.0000000000000000000, 1.000000000000000000 ) ) ;
#1327 = AXIS2_PLACEMENT_3D ( 'NONE', #2199, #3366, #730 ) ;
#1328 = ADVANCED_FACE ( 'NONE', ( #627 ), #1728, .T. ) ;
#1329 = ORIENTED_EDGE ( 'NONE', *, *, #2153, .T. ) ;
#1330 = DIRECTION ( 'NONE',  ( -1.000000000000000000, 0.0000000000000000000, 0.0000000000000000000 ) ) ;
#1331 = CARTESIAN_POINT ( 'NONE',  ( 0.0000000000000000000, 0.0000000000000000000, 5.299999999999999822 ) ) ;
#1332 = LINE ( 'NONE', #2228, #1118 ) ;
#1333 = DIRECTION ( 'NONE',  ( 0.0000000000000000000, 0.0000000000000000000, 1.000000000000000000 ) ) ;
#1334 = LINE ( 'NONE', #2810, #3315 ) ;
#1335 = ADVANCED_FACE ( 'NONE', ( #2614 ), #3775, .T. ) ;
#1336 = AXIS2_PLACEMENT_3D ( 'NONE', #1357, #3573, #2403 ) ;
#1337 = EDGE_CURVE ( 'NONE', #196, #806, #863, .T. ) ;
#1338 = EDGE_LOOP ( 'NONE', ( #2512, #251, #324, #946, #3002, #3033, #3709, #1153, #2990, #1554, #3158, #290, #2362, #1883, #303, #1195 ) ) ;
#1339 = VERTEX_POINT ( 'NONE', #569 ) ;
#1340 = DIRECTION ( 'NONE',  ( -1.000000000000000000, -4.486353817181398134E-16, 0.0000000000000000000 ) ) ;
#1341 = VERTEX_POINT ( 'NONE', #1749 ) ;
#1342 = AXIS2_PLACEMENT_3D ( 'NONE', #1892, #3338, #701 ) ;
#1343 = CIRCLE ( 'NONE', #856, 3.500000000000002220 ) ;
#1344 = EDGE_LOOP ( 'NONE', ( #1143, #1688, #3446, #411 ) ) ;
#1345 = FACE_OUTER_BOUND ( 'NONE', #955, .T. ) ;
#1346 = ORIENTED_EDGE ( 'NONE', *, *, #323, .T. ) ;
#1347 = VECTOR ( 'NONE', #1556, 1000.000000000000000 ) ;
#1348 = DIRECTION ( 'NONE',  ( 0.0000000000000000000, -1.000000000000000000, 0.0000000000000000000 ) ) ;
#1349 = CARTESIAN_POINT ( 'NONE',  ( 3.001123811401384955, -5.000000000000000000, 2.199999999999999734 ) ) ;
#1350 = CIRCLE ( 'NONE', #3502, 2.500000000000002220 ) ;
#1351 = VERTEX_POINT ( 'NONE', #2924 ) ;
#1352 = CARTESIAN_POINT ( 'NONE',  ( 2.000000000000001776, -2.450000000000000178, 4.799999999999999822 ) ) ;
#1353 = ORIENTED_EDGE ( 'NONE', *, *, #1275, .F. ) ;
#1354 = CARTESIAN_POINT ( 'NONE',  ( 3.001123811401384955, 3.499999999999999556, 3.780783809238926541 ) ) ;
#1355 = CARTESIAN_POINT ( 'NONE',  ( 0.0000000000000000000, -6.349999999999998757, 1.349999999999999867 ) ) ;
#1356 = DIRECTION ( 'NONE',  ( 0.0000000000000000000, 0.0000000000000000000, -1.000000000000000000 ) ) ;
#1357 = CARTESIAN_POINT ( 'NONE',  ( -3.000000000000003553, 6.349999999999996980, 4.799999999999999822 ) ) ;
#1358 = CIRCLE ( 'NONE', #3025, 0.4000000000000000222 ) ;
#1359 = SHAPE_DEFINITION_REPRESENTATION ( #1360, #749 ) ;
#1360 = PRODUCT_DEFINITION_SHAPE ( 'NONE', 'NONE',  #1265 ) ;
#1361 = VECTOR ( 'NONE', #1590, 1000.000000000000000 ) ;
#1362 = EDGE_CURVE ( 'NONE', #1504, #161, #748, .T. ) ;
#1363 = DIRECTION ( 'NONE',  ( 0.0000000000000000000, -1.000000000000000000, 0.0000000000000000000 ) ) ;
#1364 = ORIENTED_EDGE ( 'NONE', *, *, #1418, .F. ) ;
#1365 = FACE_OUTER_BOUND ( 'NONE', #753, .T. ) ;
#1366 = AXIS2_PLACEMENT_3D ( 'NONE', #3543, #904, #2089 ) ;
#1367 = EDGE_CURVE ( 'NONE', #3209, #933, #3794, .T. ) ;
#1368 = ORIENTED_EDGE ( 'NONE', *, *, #2926, .T. ) ;
#1369 = DIRECTION ( 'NONE',  ( -0.0000000000000000000, -0.0000000000000000000, 1.000000000000000000 ) ) ;
#1370 = VERTEX_POINT ( 'NONE', #3514 ) ;
#1371 = DIRECTION ( 'NONE',  ( -1.000000000000000000, 0.0000000000000000000, 0.0000000000000000000 ) ) ;
#1372 = CIRCLE ( 'NONE', #3522, 0.1999999999999999833 ) ;
#1373 = ADVANCED_FACE ( 'NONE', ( #882 ), #2066, .F. ) ;
#1374 = APPLICATION_CONTEXT ( 'automotive_design' ) ;
#1375 = ORIENTED_EDGE ( 'NONE', *, *, #1012, .F. ) ;
#1376 = LINE ( 'NONE', #2557, #3197 ) ;
#1377 = VECTOR ( 'NONE', #2359, 1000.000000000000000 ) ;
#1378 = CARTESIAN_POINT ( 'NONE',  ( 0.0000000000000000000, -6.349999999999998757, 1.199999999999999956 ) ) ;
#1379 = EDGE_CURVE ( 'NONE', #1514, #491, #509, .T. ) ;
#1380 = VECTOR ( 'NONE', #1111, 1000.000000000000000 ) ;
#1381 = DIRECTION ( 'NONE',  ( 1.000000000000000000, 0.0000000000000000000, 0.0000000000000000000 ) ) ;
#1382 = ORIENTED_EDGE ( 'NONE', *, *, #3655, .T. ) ;
#1383 = ITEM_DEFINED_TRANSFORMATION ( 'NONE', 'NONE', #1327,  #594 ) ;
#1384 = ORIENTED_EDGE ( 'NONE', *, *, #3307, .F. ) ;
#1385 = DIRECTION ( 'NONE',  ( -0.0000000000000000000, 1.000000000000000000, -0.0000000000000000000 ) ) ;
#1386 = VERTEX_POINT ( 'NONE', #2784 ) ;
#1387 = LINE ( 'NONE', #2563, #793 ) ;
#1388 = ORIENTED_EDGE ( 'NONE', *, *, #3150, .T. ) ;
#1389 = ADVANCED_FACE ( 'NONE', ( #131 ), #1308, .T. ) ;
#1390 = CARTESIAN_POINT ( 'NONE',  ( 0.4000000000000000222, 4.898587196589413075E-17, 5.000000000000000000 ) ) ;
#1391 = UNCERTAINTY_MEASURE_WITH_UNIT (LENGTH_MEASURE( 1.000000000000000082E-05 ), #14, 'distance_accuracy_value', 'NONE');
#1392 = ORIENTED_EDGE ( 'NONE', *, *, #2296, .F. ) ;
#1393 = EDGE_CURVE ( 'NONE', #3432, #3564, #2209, .T. ) ;
#1394 = CARTESIAN_POINT ( 'NONE',  ( 3.500000000000002220, 6.349999999999998757, 2.199999999999999734 ) ) ;
#1395 = CYLINDRICAL_SURFACE ( 'NONE', #1186, 0.2500000000000002220 ) ;
#1396 = DIRECTION ( 'NONE',  ( 1.000000000000000000, 0.0000000000000000000, 0.0000000000000000000 ) ) ;
#1397 = ORIENTED_EDGE ( 'NONE', *, *, #426, .F. ) ;
#1398 = DIRECTION ( 'NONE',  ( -1.000000000000000000, 0.0000000000000000000, 0.0000000000000000000 ) ) ;
#1399 = DIRECTION ( 'NONE',  ( 1.000000000000000000, 0.0000000000000000000, 0.0000000000000000000 ) ) ;
#1400 = ADVANCED_FACE ( 'NONE', ( #1929 ), #3094, .F. ) ;
#1401 = DIRECTION ( 'NONE',  ( -0.0000000000000000000, -0.0000000000000000000, 1.000000000000000000 ) ) ;
#1402 = DIRECTION ( 'NONE',  ( -1.000000000000000000, 0.0000000000000000000, 0.0000000000000000000 ) ) ;
#1403 = ORIENTED_EDGE ( 'NONE', *, *, #3736, .T. ) ;
#1404 = ORIENTED_EDGE ( 'NONE', *, *, #3348, .F. ) ;
#1405 = FACE_OUTER_BOUND ( 'NONE', #2878, .T. ) ;
#1406 = VECTOR ( 'NONE', #3668, 1000.000000000000000 ) ;
#1407 = ORIENTED_EDGE ( 'NONE', *, *, #3779, .F. ) ;
#1408 = CARTESIAN_POINT ( 'NONE',  ( 2.500000000000001776, -6.349999999999997868, 0.3999999999999993006 ) ) ;
#1409 = ORIENTED_EDGE ( 'NONE', *, *, #309, .F. ) ;
#1410 = CARTESIAN_POINT ( 'NONE',  ( 2.500000000000002220, -3.450000000000000178, 0.3999999999999993006 ) ) ;
#1411 = AXIS2_PLACEMENT_3D ( 'NONE', #1355, #3420, #784 ) ;
#1412 = DIRECTION ( 'NONE',  ( 1.000000000000000000, 0.0000000000000000000, 0.0000000000000000000 ) ) ;
#1413 = AXIS2_PLACEMENT_3D ( 'NONE', #2670, #25, #1191 ) ;
#1414 = LINE ( 'NONE', #2301, #2038 ) ;
#1415 = EDGE_CURVE ( 'NONE', #2752, #2873, #442, .T. ) ;
#1416 = DIRECTION ( 'NONE',  ( -1.000000000000000000, 0.0000000000000000000, 0.0000000000000000000 ) ) ;
#1417 = DIRECTION ( 'NONE',  ( 1.000000000000000000, 0.0000000000000000000, 0.0000000000000000000 ) ) ;
#1418 = EDGE_CURVE ( 'NONE', #390, #3354, #3679, .T. ) ;
#1419 = CARTESIAN_POINT ( 'NONE',  ( 1.229245101670590978, -2.630386692243067870, -1.000000000000000000 ) ) ;
#1420 = DIRECTION ( 'NONE',  ( 0.0000000000000000000, -1.000000000000000000, 0.0000000000000000000 ) ) ;
#1421 = AXIS2_PLACEMENT_3D ( 'NONE', #2204, #3370, #734 ) ;
#1422 = ADVANCED_FACE ( 'NONE', ( #3395 ), #760, .T. ) ;
#1423 = DIRECTION ( 'NONE',  ( 0.0000000000000000000, 0.0000000000000000000, 1.000000000000000000 ) ) ;
#1424 = UNCERTAINTY_MEASURE_WITH_UNIT (LENGTH_MEASURE( 1.000000000000000082E-05 ), #3013, 'distance_accuracy_value', 'NONE');
#1425 = CARTESIAN_POINT ( 'NONE',  ( -3.000000000000002665, 6.349999999999996092, 1.699999999999999734 ) ) ;
#1426 = CARTESIAN_POINT ( 'NONE',  ( -2.449999999999999734, -2.449999999975159604, 4.400000000000000355 ) ) ;
#1427 = CARTESIAN_POINT ( 'NONE',  ( -1.500000000000002220, 2.950000000000000178, 4.799999999999999822 ) ) ;
#1428 = DIRECTION ( 'NONE',  ( 1.000000000000000000, 0.0000000000000000000, 0.0000000000000000000 ) ) ;
#1429 = DIRECTION ( 'NONE',  ( -1.521687259628778015E-16, 1.000000000000000000, 0.0000000000000000000 ) ) ;
#1430 = CARTESIAN_POINT ( 'NONE',  ( 0.9000000000000000222, -1.399999999994815836, -1.000000000000000000 ) ) ;
#1431 = AXIS2_PLACEMENT_3D ( 'NONE', #96, #1264, #2456 ) ;
#1432 = AXIS2_PLACEMENT_3D ( 'NONE', #3518, #885, #2071 ) ;
#1433 = ORIENTED_EDGE ( 'NONE', *, *, #407, .F. ) ;
#1434 = CARTESIAN_POINT ( 'NONE',  ( 0.0000000000000000000, 0.0000000000000000000, 5.299999999999999822 ) ) ;
#1435 = DIRECTION ( 'NONE',  ( -1.000000000000000000, 0.0000000000000000000, 0.0000000000000000000 ) ) ;
#1436 = VECTOR ( 'NONE', #3385, 1000.000000000000000 ) ;
#1437 = VERTEX_POINT ( 'NONE', #214 ) ;
#1438 = DIRECTION ( 'NONE',  ( 1.000000000000000000, 0.0000000000000000000, 0.0000000000000000000 ) ) ;
#1439 = ORIENTED_EDGE ( 'NONE', *, *, #2343, .T. ) ;
#1440 = VERTEX_POINT ( 'NONE', #1394 ) ;
#1441 = EDGE_CURVE ( 'NONE', #3480, #988, #2568, .T. ) ;
#1442 = ORIENTED_EDGE ( 'NONE', *, *, #1274, .F. ) ;
#1443 = ORIENTED_EDGE ( 'NONE', *, *, #1177, .T. ) ;
#1444 = DIRECTION ( 'NONE',  ( 0.0000000000000000000, 0.0000000000000000000, -1.000000000000000000 ) ) ;
#1445 = LINE ( 'NONE', #2625, #193 ) ;
#1446 = ADVANCED_FACE ( 'NONE', ( #2282 ), #3448, .T. ) ;
#1447 = CARTESIAN_POINT ( 'NONE',  ( -1.282199884191092654, -2.982199884191092387, -0.8245582693234958516 ) ) ;
#1448 = CARTESIAN_POINT ( 'NONE',  ( 0.0000000000000000000, 0.0000000000000000000, 7.699999999999998401 ) ) ;
#1449 = DIRECTION ( 'NONE',  ( 0.0000000000000000000, 0.0000000000000000000, 1.000000000000000000 ) ) ;
#1450 = ORIENTED_EDGE ( 'NONE', *, *, #1151, .T. ) ;
#1451 = CARTESIAN_POINT ( 'NONE',  ( 1.428087394452462355, -2.761524179107072818, -0.8219648426361979565 ) ) ;
#1452 = CARTESIAN_POINT ( 'NONE',  ( 0.0000000000000000000, 1.399999999994816058, -0.6000000000000000888 ) ) ;
#1453 = ORIENTED_EDGE ( 'NONE', *, *, #1569, .F. ) ;
#1454 = DIRECTION ( 'NONE',  ( 0.0000000000000000000, 0.0000000000000000000, -1.000000000000000000 ) ) ;
#1455 = DIRECTION ( 'NONE',  ( 0.0000000000000000000, 0.0000000000000000000, -1.000000000000000000 ) ) ;
#1456 = LINE ( 'NONE', #2638, #1782 ) ;
#1457 = DIRECTION ( 'NONE',  ( -1.000000000000000000, -1.521687259628778015E-16, 0.0000000000000000000 ) ) ;
#1458 = CARTESIAN_POINT ( 'NONE',  ( 0.4899999999999999911, 6.000769315822030986E-17, 5.299999999999999822 ) ) ;
#1459 = EDGE_CURVE ( 'NONE', #2277, #1504, #1737, .T. ) ;
#1460 = CARTESIAN_POINT ( 'NONE',  ( 0.0000000000000000000, 6.349999999999998757, 2.199999999999999734 ) ) ;
#1461 = DIRECTION ( 'NONE',  ( 0.0000000000000000000, 0.0000000000000000000, 1.000000000000000000 ) ) ;
#1462 = ORIENTED_EDGE ( 'NONE', *, *, #771, .T. ) ;
#1463 = CARTESIAN_POINT ( 'NONE',  ( 0.0000000000000000000, 0.0000000000000000000, 4.299999999999999822 ) ) ;
#1464 = VECTOR ( 'NONE', #1493, 1000.000000000000000 ) ;
#1465 = TOROIDAL_SURFACE ( 'NONE', #2460, 3.850000000000001865, 0.1499999999999999944 ) ;
#1466 = FACE_OUTER_BOUND ( 'NONE', #1199, .T. ) ;
#1467 = DIRECTION ( 'NONE',  ( 0.0000000000000000000, 0.0000000000000000000, 1.000000000000000000 ) ) ;
#1468 = ORIENTED_EDGE ( 'NONE', *, *, #1559, .T. ) ;
#1469 = DIRECTION ( 'NONE',  ( -1.000000000000000000, 0.0000000000000000000, -0.0000000000000000000 ) ) ;
#1470 = AXIS2_PLACEMENT_3D ( 'NONE', #273, #1449, #2630 ) ;
#1471 = EDGE_LOOP ( 'NONE', ( #3384, #1528, #213, #836 ) ) ;
#1472 = DIRECTION ( 'NONE',  ( -0.0000000000000000000, -0.0000000000000000000, -1.000000000000000000 ) ) ;
#1473 = AXIS2_PLACEMENT_3D ( 'NONE', #3414, #778, #1966 ) ;
#1474 = ORIENTED_EDGE ( 'NONE', *, *, #2901, .T. ) ;
#1475 = FACE_OUTER_BOUND ( 'NONE', #3359, .T. ) ;
#1476 = APPLICATION_CONTEXT ( 'automotive_design' ) ;
#1477 = AXIS2_PLACEMENT_3D ( 'NONE', #1009, #2119, #2861 ) ;
#1478 = DIRECTION ( 'NONE',  ( -0.0000000000000000000, -0.0000000000000000000, 1.000000000000000000 ) ) ;
#1479 = ORIENTED_EDGE ( 'NONE', *, *, #2808, .T. ) ;
#1480 = FACE_OUTER_BOUND ( 'NONE', #2444, .T. ) ;
#1481 = ORIENTED_EDGE ( 'NONE', *, *, #323, .F. ) ;
#1482 = EDGE_CURVE ( 'NONE', #390, #1514, #232, .T. ) ;
#1483 = ORIENTED_EDGE ( 'NONE', *, *, #1982, .T. ) ;
#1484 = DIRECTION ( 'NONE',  ( 0.0000000000000000000, 0.0000000000000000000, 1.000000000000000000 ) ) ;
#1485 = AXIS2_PLACEMENT_3D ( 'NONE', #2428, #3305, #1854 ) ;
#1486 = ORIENTED_EDGE ( 'NONE', *, *, #282, .T. ) ;
#1487 = CYLINDRICAL_SURFACE ( 'NONE', #1413, 0.5000000000000000000 ) ;
#1488 = ORIENTED_EDGE ( 'NONE', *, *, #501, .F. ) ;
#1489 = CARTESIAN_POINT ( 'NONE',  ( -3.500000000000002665, 6.349999999999995204, 1.699999999999999734 ) ) ;
#1490 = ORIENTED_EDGE ( 'NONE', *, *, #120, .F. ) ;
#1491 = EDGE_CURVE ( 'NONE', #1781, #3201, #2594, .T. ) ;
#1492 = ORIENTED_EDGE ( 'NONE', *, *, #1580, .T. ) ;
#1493 = DIRECTION ( 'NONE',  ( -1.024442997624099077E-16, 1.000000000000000000, -0.0000000000000000000 ) ) ;
#1494 = AXIS2_PLACEMENT_3D ( 'NONE', #2261, #3429, #507 ) ;
#1495 = DIRECTION ( 'NONE',  ( -0.0000000000000000000, -0.0000000000000000000, -1.000000000000000000 ) ) ;
#1496 = EDGE_CURVE ( 'NONE', #2959, #2463, #1110, .T. ) ;
#1497 = VECTOR ( 'NONE', #1068, 1000.000000000000000 ) ;
#1498 = VECTOR ( 'NONE', #903, 1000.000000000000000 ) ;
#1499 = ORIENTED_EDGE ( 'NONE', *, *, #2372, .F. ) ;
#1500 = EDGE_CURVE ( 'NONE', #1763, #389, #1719, .T. ) ;
#1501 = VERTEX_POINT ( 'NONE', #1425 ) ;
#1502 = PLANE ( 'NONE',  #3224 ) ;
#1503 = AXIS2_PLACEMENT_3D ( 'NONE', #157, #1333, #2524 ) ;
#1504 = VERTEX_POINT ( 'NONE', #2604 ) ;
#1505 = DIRECTION ( 'NONE',  ( 1.770125995894700463E-16, -1.000000000000000000, -0.0000000000000000000 ) ) ;
#1506 = EDGE_LOOP ( 'NONE', ( #2100, #1798, #3330, #1450 ) ) ;
#1507 = ORIENTED_EDGE ( 'NONE', *, *, #3426, .T. ) ;
#1508 = CARTESIAN_POINT ( 'NONE',  ( 1.141848732774663366, -2.841848732774663766, -1.000000000000000000 ) ) ;
#1509 = CARTESIAN_POINT ( 'NONE',  ( -1.055885756829456845, -3.108373023707882599, -1.000000000000000000 ) ) ;
#1510 = ORIENTED_EDGE ( 'NONE', *, *, #917, .F. ) ;
#1511 = DIRECTION ( 'NONE',  ( -1.521687259628778015E-16, 1.000000000000000000, 0.0000000000000000000 ) ) ;
#1512 = EDGE_LOOP ( 'NONE', ( #626, #1790, #1596, #73 ) ) ;
#1513 = ADVANCED_FACE ( 'NONE', ( #3766 ), #1127, .F. ) ;
#1514 = VERTEX_POINT ( 'NONE', #2039 ) ;
#1515 = LINE ( 'NONE', #343, #2230 ) ;
#1516 = CARTESIAN_POINT ( 'NONE',  ( 2.500000000000001776, -6.349999999999997868, 0.3999999999999993006 ) ) ;
#1517 = CIRCLE ( 'NONE', #3669, 3.000000000000002220 ) ;
#1518 = PRESENTATION_LAYER_ASSIGNMENT (  '', '', ( #3185 ) ) ;
#1519 = DIRECTION ( 'NONE',  ( -0.0000000000000000000, -0.0000000000000000000, 1.000000000000000000 ) ) ;
#1520 = FACE_OUTER_BOUND ( 'NONE', #35, .T. ) ;
#1521 = VERTEX_POINT ( 'NONE', #3205 ) ;
#1522 = CARTESIAN_POINT ( 'NONE',  ( -2.199999999999999734, -2.449999999975159604, 4.150000000000000355 ) ) ;
#1523 = VERTEX_POINT ( 'NONE', #559 ) ;
#1524 = DIRECTION ( 'NONE',  ( 1.000000000000000000, 0.0000000000000000000, 0.0000000000000000000 ) ) ;
#1525 = CARTESIAN_POINT ( 'NONE',  ( 2.200000000000000622, -2.449999999999999734, 0.0000000000000000000 ) ) ;
#1526 = ORIENTED_EDGE ( 'NONE', *, *, #1952, .T. ) ;
#1527 = LINE ( 'NONE', #2709, #2537 ) ;
#1528 = ORIENTED_EDGE ( 'NONE', *, *, #2908, .F. ) ;
#1529 = AXIS2_PLACEMENT_3D ( 'NONE', #2867, #219, #1398 ) ;
#1530 = EDGE_CURVE ( 'NONE', #3727, #2271, #3337, .T. ) ;
#1531 = ORIENTED_EDGE ( 'NONE', *, *, #2615, .F. ) ;
#1532 = CARTESIAN_POINT ( 'NONE',  ( -3.500000000000002665, -6.349999999999998757, 2.199999999999999734 ) ) ;
#1533 = CARTESIAN_POINT ( 'NONE',  ( -0.9000000000000000222, 1.399999999994816058, -0.6000000000000000888 ) ) ;
#1534 = DIRECTION ( 'NONE',  ( 0.0000000000000000000, 0.0000000000000000000, -1.000000000000000000 ) ) ;
#1535 = SHAPE_REPRESENTATION ( 'J0062C-00', ( #594 ), #2691 ) ;
#1536 = VECTOR ( 'NONE', #421, 1000.000000000000000 ) ;
#1537 = EDGE_LOOP ( 'NONE', ( #3007, #3009, #2156, #3750, #2360, #2306 ) ) ;
#1538 = EDGE_CURVE ( 'NONE', #1931, #2531, #1445, .T. ) ;
#1539 = VERTEX_POINT ( 'NONE', #1147 ) ;
#1540 = VERTEX_POINT ( 'NONE', #2331 ) ;
#1541 = CARTESIAN_POINT ( 'NONE',  ( 3.001123811401384955, 5.000000000000000000, 1.699999999999999734 ) ) ;
#1542 = LINE ( 'NONE', #3225, #1655 ) ;
#1543 = VERTEX_POINT ( 'NONE', #3504 ) ;
#1544 = CARTESIAN_POINT ( 'NONE',  ( 4.000000000000001776, 6.349999999999998757, 2.199999999999999734 ) ) ;
#1545 = ORIENTED_EDGE ( 'NONE', *, *, #3140, .F. ) ;
#1546 = EDGE_CURVE ( 'NONE', #1880, #1853, #869, .T. ) ;
#1547 = CARTESIAN_POINT ( 'NONE',  ( 1.000000000000000000, 2.950000000000000178, 4.799999999999999822 ) ) ;
#1548 = CYLINDRICAL_SURFACE ( 'NONE', #2118, 0.4000000000000000222 ) ;
#1549 = VECTOR ( 'NONE', #361, 1000.000000000000000 ) ;
#1550 = CARTESIAN_POINT ( 'NONE',  ( 0.0000000000000000000, -6.349999999999998757, 4.799999999999999822 ) ) ;
#1551 = ORIENTED_EDGE ( 'NONE', *, *, #2437, .T. ) ;
#1552 = AXIS2_PLACEMENT_3D ( 'NONE', #3646, #1005, #2193 ) ;
#1553 = ORIENTED_EDGE ( 'NONE', *, *, #1699, .T. ) ;
#1554 = ORIENTED_EDGE ( 'NONE', *, *, #1621, .F. ) ;
#1555 = DIRECTION ( 'NONE',  ( -1.000000000000000000, 0.0000000000000000000, 0.0000000000000000000 ) ) ;
#1556 = DIRECTION ( 'NONE',  ( -0.0000000000000000000, -0.0000000000000000000, -1.000000000000000000 ) ) ;
#1557 = VECTOR ( 'NONE', #2720, 1000.000000000000000 ) ;
#1558 = CARTESIAN_POINT ( 'NONE',  ( 0.0000000000000000000, 6.349999999999998757, 0.3999999999999993006 ) ) ;
#1559 = EDGE_CURVE ( 'NONE', #3560, #368, #577, .T. ) ;
#1560 = CIRCLE ( 'NONE', #3707, 1.244629717055206530 ) ;
#1561 = EDGE_LOOP ( 'NONE', ( #654, #400, #106, #374, #2888, #1626, #1214, #2012 ) ) ;
#1562 = EDGE_CURVE ( 'NONE', #1192, #1540, #2053, .T. ) ;
#1563 = CARTESIAN_POINT ( 'NONE',  ( 3.500000000001252332, 5.000000000000000000, 3.780783809238926541 ) ) ;
#1564 = ORIENTED_EDGE ( 'NONE', *, *, #2579, .T. ) ;
#1565 = AXIS2_PLACEMENT_3D ( 'NONE', #1463, #285, #2934 ) ;
#1566 = LINE ( 'NONE', #2745, #3181 ) ;
#1567 = DIRECTION ( 'NONE',  ( 0.0000000000000000000, 0.0000000000000000000, 1.000000000000000000 ) ) ;
#1568 = EDGE_CURVE ( 'NONE', #3722, #3143, #1056, .T. ) ;
#1569 = EDGE_CURVE ( 'NONE', #3792, #1351, #2729, .T. ) ;
#1570 = CARTESIAN_POINT ( 'NONE',  ( 4.000000000000001776, 6.349999999999998757, 2.199999999999999734 ) ) ;
#1571 = PRODUCT_DEFINITION_SHAPE ( 'NONE', 'NONE',  #3807 ) ;
#1572 = DIRECTION ( 'NONE',  ( 0.0000000000000000000, 0.0000000000000000000, 1.000000000000000000 ) ) ;
#1573 = EDGE_LOOP ( 'NONE', ( #2417, #1637, #583, #3635 ) ) ;
#1574 = EDGE_LOOP ( 'NONE', ( #713, #3412, #3730, #3028 ) ) ;
#1575 = PLANE ( 'NONE',  #873 ) ;
#1576 = DIRECTION ( 'NONE',  ( -1.000000000000000000, 1.445602896647339163E-16, 0.0000000000000000000 ) ) ;
#1577 = SURFACE_STYLE_USAGE ( .BOTH. , #405 ) ;
#1578 = CARTESIAN_POINT ( 'NONE',  ( -1.355294264511517355, -2.878407177562608332, -1.000000000000025535 ) ) ;
#1579 = VERTEX_POINT ( 'NONE', #3241 ) ;
#1580 = EDGE_CURVE ( 'NONE', #2880, #3352, #597, .T. ) ;
#1581 = MECHANICAL_DESIGN_GEOMETRIC_PRESENTATION_REPRESENTATION (  '', ( #1078 ), #2566 ) ;
#1582 = VERTEX_POINT ( 'NONE', #305 ) ;
#1583 = CARTESIAN_POINT ( 'NONE',  ( -1.500000000000001998, 2.450000000000000178, 3.299999999999999378 ) ) ;
#1584 = ORIENTED_EDGE ( 'NONE', *, *, #3582, .F. ) ;
#1585 = ADVANCED_FACE ( 'NONE', ( #1480 ), #2666, .F. ) ;
#1586 = CARTESIAN_POINT ( 'NONE',  ( 2.200000000000001066, -5.299999999975159248, 0.2500000000000002220 ) ) ;
#1587 = DIRECTION ( 'NONE',  ( -0.0000000000000000000, -0.0000000000000000000, -1.000000000000000000 ) ) ;
#1588 = CARTESIAN_POINT ( 'NONE',  ( -1.465306912136262740, -2.667209563090389146, -0.3965438088268125050 ) ) ;
#1589 = ORIENTED_EDGE ( 'NONE', *, *, #585, .T. ) ;
#1590 = DIRECTION ( 'NONE',  ( -1.521687259628777768E-16, -1.000000000000000000, 0.0000000000000000000 ) ) ;
#1591 = CARTESIAN_POINT ( 'NONE',  ( -3.000000000000002665, 6.349999999999996092, 1.199999999999999734 ) ) ;
#1592 = EDGE_CURVE ( 'NONE', #1262, #2188, #2237, .T. ) ;
#1593 = AXIS2_PLACEMENT_3D ( 'NONE', #11, #1181, #2370 ) ;
#1594 = FACE_OUTER_BOUND ( 'NONE', #3631, .T. ) ;
#1595 = AXIS2_PLACEMENT_3D ( 'NONE', #2324, #2046, #3774 ) ;
#1596 = ORIENTED_EDGE ( 'NONE', *, *, #3023, .T. ) ;
#1597 = LINE ( 'NONE', #3433, #2609 ) ;
#1598 = CARTESIAN_POINT ( 'NONE',  ( -1.229245101670591422, -2.630386692243066982, -0.8000000000000000444 ) ) ;
#1599 = AXIS2_PLACEMENT_3D ( 'NONE', #1667, #2846, #198 ) ;
#1600 = VERTEX_POINT ( 'NONE', #3259 ) ;
#1601 = CARTESIAN_POINT ( 'NONE',  ( -1.198571197891292073, -2.785126267658035726, -1.000000000000000000 ) ) ;
#1602 = DIRECTION ( 'NONE',  ( -0.0000000000000000000, -0.0000000000000000000, 1.000000000000000000 ) ) ;
#1603 = DIRECTION ( 'NONE',  ( 0.0000000000000000000, 0.0000000000000000000, 1.000000000000000000 ) ) ;
#1604 = DIRECTION ( 'NONE',  ( -1.000000000000000000, 0.0000000000000000000, 0.0000000000000000000 ) ) ;
#1605 = DIRECTION ( 'NONE',  ( 1.495451272393800528E-16, 1.000000000000000000, -0.0000000000000000000 ) ) ;
#1606 = EDGE_LOOP ( 'NONE', ( #3039, #2760, #292, #3289 ) ) ;
#1607 = CARTESIAN_POINT ( 'NONE',  ( 0.0000000000000000000, -6.349999999999998757, 0.3999999999999993006 ) ) ;
#1608 = CYLINDRICAL_SURFACE ( 'NONE', #3377, 0.5000000000000000000 ) ;
#1609 = EDGE_CURVE ( 'NONE', #1204, #3699, #614, .T. ) ;
#1610 = DIRECTION ( 'NONE',  ( 1.000000000000000000, 0.0000000000000000000, 0.0000000000000000000 ) ) ;
#1611 = EDGE_CURVE ( 'NONE', #806, #1766, #879, .T. ) ;
#1612 = CARTESIAN_POINT ( 'NONE',  ( 44.84270711785296015, -22.52992998833138927, 2.899999999999999911 ) ) ;
#1613 = CARTESIAN_POINT ( 'NONE',  ( -2.500000000000001332, 3.450000000000000622, 4.799999999999999822 ) ) ;
#1614 = ORIENTED_EDGE ( 'NONE', *, *, #1568, .T. ) ;
#1615 = CARTESIAN_POINT ( 'NONE',  ( 0.0000000000000000000, 0.0000000000000000000, 4.299999999999999822 ) ) ;
#1616 = ORIENTED_EDGE ( 'NONE', *, *, #2695, .T. ) ;
#1617 = DIRECTION ( 'NONE',  ( -0.0000000000000000000, 1.000000000000000000, 0.0000000000000000000 ) ) ;
#1618 = DIRECTION ( 'NONE',  ( 0.0000000000000000000, 0.0000000000000000000, -1.000000000000000000 ) ) ;
#1619 = AXIS2_PLACEMENT_3D ( 'NONE', #2909, #265, #1438 ) ;
#1620 = CARTESIAN_POINT ( 'NONE',  ( 1.428484041288941242, 1.894829659837392377, -0.8174311485495313612 ) ) ;
#1621 = EDGE_CURVE ( 'NONE', #3143, #1523, #39, .T. ) ;
#1622 = DIRECTION ( 'NONE',  ( 1.000000000000000000, 2.731847993664264205E-16, -0.0000000000000000000 ) ) ;
#1623 = VECTOR ( 'NONE', #2352, 1000.000000000000000 ) ;
#1624 = DIRECTION ( 'NONE',  ( 1.000000000000000000, 0.0000000000000000000, -0.0000000000000000000 ) ) ;
#1625 = EDGE_LOOP ( 'NONE', ( #1636, #2454, #1752, #3553 ) ) ;
#1626 = ORIENTED_EDGE ( 'NONE', *, *, #2819, .T. ) ;
#1627 = DIRECTION ( 'NONE',  ( -0.0000000000000000000, -0.0000000000000000000, -1.000000000000000000 ) ) ;
#1628 = EDGE_CURVE ( 'NONE', #3792, #1386, #619, .T. ) ;
#1629 = CARTESIAN_POINT ( 'NONE',  ( -1.500000000000001998, 2.450000000000000178, 3.299999999999999378 ) ) ;
#1630 = DIRECTION ( 'NONE',  ( -0.0000000000000000000, -0.0000000000000000000, -1.000000000000000000 ) ) ;
#1631 = CARTESIAN_POINT ( 'NONE',  ( -2.500000000000002220, 6.349999999999996980, 0.3999999999999993006 ) ) ;
#1632 = EDGE_LOOP ( 'NONE', ( #45, #99, #3280, #3717 ) ) ;
#1633 = VERTEX_POINT ( 'NONE', #3275 ) ;
#1634 = CARTESIAN_POINT ( 'NONE',  ( -1.229245101670590978, 1.879704114673739657, -1.000000000000000000 ) ) ;
#1635 = DIRECTION ( 'NONE',  ( -1.000000000000000000, 0.0000000000000000000, 0.0000000000000000000 ) ) ;
#1636 = ORIENTED_EDGE ( 'NONE', *, *, #745, .F. ) ;
#1637 = ORIENTED_EDGE ( 'NONE', *, *, #3168, .F. ) ;
#1638 = CARTESIAN_POINT ( 'NONE',  ( 0.0000000000000000000, 6.349999999999998757, 0.0000000000000000000 ) ) ;
#1639 = PLANE ( 'NONE',  #2488 ) ;
#1640 = B_SPLINE_CURVE_WITH_KNOTS ( 'NONE', 3,
 ( #2704, #59, #1226, #2419, #3590, #950 ),
 .UNSPECIFIED., .F., .F.,
 ( 4, 2, 4 ),
 ( 3.252606517456513302E-19, 0.0001478063701219960678, 0.0002956127402439915936 ),
 .UNSPECIFIED. ) ;
#1641 = AXIS2_PLACEMENT_3D ( 'NONE', #1724, #2900, #257 ) ;
#1642 = DIRECTION ( 'NONE',  ( 1.770125995894700463E-16, -1.000000000000000000, -0.0000000000000000000 ) ) ;
#1643 = ORIENTED_EDGE ( 'NONE', *, *, #1730, .F. ) ;
#1644 = AXIS2_PLACEMENT_3D ( 'NONE', #3406, #772, #1959 ) ;
#1645 =( REPRESENTATION_RELATIONSHIP ('NONE','NONE', #749, #1535 ) REPRESENTATION_RELATIONSHIP_WITH_TRANSFORMATION ( #1104 )SHAPE_REPRESENTATION_RELATIONSHIP( ) );
#1646 = EDGE_LOOP ( 'NONE', ( #151, #1016, #1849, #1701 ) ) ;
#1647 = CARTESIAN_POINT ( 'NONE',  ( -1.001902650954127338, -3.199999999999999734, 0.0000000000000000000 ) ) ;
#1648 = DIRECTION ( 'NONE',  ( -0.0000000000000000000, -0.0000000000000000000, 1.000000000000000000 ) ) ;
#1649 = CYLINDRICAL_SURFACE ( 'NONE', #830, 0.1499999999999999667 ) ;
#1650 = LINE ( 'NONE', #3740, #1851 ) ;
#1651 = APPLICATION_PROTOCOL_DEFINITION ( 'draft international standard', 'automotive_design', 1998, #1985 ) ;
#1652 =( GEOMETRIC_REPRESENTATION_CONTEXT ( 3 ) GLOBAL_UNCERTAINTY_ASSIGNED_CONTEXT ( ( #1424 ) ) GLOBAL_UNIT_ASSIGNED_CONTEXT ( ( #3013, #2730, #2442 ) ) REPRESENTATION_CONTEXT ( 'NONE', 'WORKASPACE' ) );
#1653 = DIRECTION ( 'NONE',  ( 0.9961946980917455452, 0.0000000000000000000, 0.08715574274765841567 ) ) ;
#1654 = ORIENTED_EDGE ( 'NONE', *, *, #1040, .F. ) ;
#1655 = VECTOR ( 'NONE', #1936, 1000.000000000000000 ) ;
#1656 = ORIENTED_EDGE ( 'NONE', *, *, #2538, .F. ) ;
#1657 = CARTESIAN_POINT ( 'NONE',  ( 3.000000000000001776, 6.349999999999997868, 4.799999999999999822 ) ) ;
#1658 = EDGE_CURVE ( 'NONE', #368, #3756, #634, .T. ) ;
#1659 = CONICAL_SURFACE ( 'NONE', #3319, 0.2999999999999990452, 0.7853981633974473908 ) ;
#1660 = CARTESIAN_POINT ( 'NONE',  ( 0.0000000000000000000, 6.349999999999998757, 0.3999999999999993006 ) ) ;
#1661 = VERTEX_POINT ( 'NONE', #351 ) ;
#1662 = DIRECTION ( 'NONE',  ( 0.08682659386424780579, 0.08682659386424776415, -0.9924325091389669673 ) ) ;
#1663 = VECTOR ( 'NONE', #1472, 1000.000000000000000 ) ;
#1664 = EDGE_CURVE ( 'NONE', #961, #692, #258, .T. ) ;
#1665 = ORIENTED_EDGE ( 'NONE', *, *, #598, .F. ) ;
#1666 = CARTESIAN_POINT ( 'NONE',  ( 0.0000000000000000000, 0.0000000000000000000, 4.299999999999999822 ) ) ;
#1667 = CARTESIAN_POINT ( 'NONE',  ( 3.000384657911015863E-16, -2.450000000000000178, 4.150000000000000355 ) ) ;
#1668 = CARTESIAN_POINT ( 'NONE',  ( 2.200000000000001066, -5.299999999975159248, 4.400000000000000355 ) ) ;
#1669 = ORIENTED_EDGE ( 'NONE', *, *, #3196, .F. ) ;
#1670 = PRODUCT_CONTEXT ( 'NONE', #1374, 'mechanical' ) ;
#1671 = MECHANICAL_DESIGN_GEOMETRIC_PRESENTATION_REPRESENTATION (  '', ( #10 ), #2151 ) ;
#1672 = EDGE_CURVE ( 'NONE', #368, #813, #1236, .T. ) ;
#1673 = DIRECTION ( 'NONE',  ( -1.000000000000000000, 0.0000000000000000000, 0.0000000000000000000 ) ) ;
#1674 = EDGE_LOOP ( 'NONE', ( #1479, #2085 ) ) ;
#1675 = CARTESIAN_POINT ( 'NONE',  ( 0.9144139874282029012, -3.128484041288940531, -0.8174311485495316942 ) ) ;
#1676 = PRODUCT_RELATED_PRODUCT_CATEGORY ( 'part', '', ( #434 ) ) ;
#1677 = ORIENTED_EDGE ( 'NONE', *, *, #426, .T. ) ;
#1678 = CARTESIAN_POINT ( 'NONE',  ( -3.001123811401384955, 3.499999999999999556, 3.780783809238926541 ) ) ;
#1679 = ADVANCED_FACE ( 'NONE', ( #945 ), #2126, .F. ) ;
#1680 = CIRCLE ( 'NONE', #15, 2.500000000000002220 ) ;
#1681 = ORIENTED_EDGE ( 'NONE', *, *, #3661, .F. ) ;
#1682 = CARTESIAN_POINT ( 'NONE',  ( 2.500000000000002220, -3.450000000000000178, 4.799999999999999822 ) ) ;
#1683 = DIRECTION ( 'NONE',  ( 1.000000000000000000, 0.0000000000000000000, 0.0000000000000000000 ) ) ;
#1684 = VERTEX_POINT ( 'NONE', #3008 ) ;
#1685 = AXIS2_PLACEMENT_3D ( 'NONE', #3107, #466, #1635 ) ;
#1686 = LINE ( 'NONE', #511, #2447 ) ;
#1687 = EDGE_CURVE ( 'NONE', #711, #1123, #373, .T. ) ;
#1688 = ORIENTED_EDGE ( 'NONE', *, *, #385, .T. ) ;
#1689 = CARTESIAN_POINT ( 'NONE',  ( 0.0000000000000000000, 0.0000000000000000000, 0.0000000000000000000 ) ) ;
#1690 = CYLINDRICAL_SURFACE ( 'NONE', #1529, 0.4000000000000000222 ) ;
#1691 = DIRECTION ( 'NONE',  ( -6.829619984160660511E-17, 1.000000000000000000, -0.0000000000000000000 ) ) ;
#1692 = CARTESIAN_POINT ( 'NONE',  ( -3.500000000000002665, -6.349999999999998757, 1.699999999999999734 ) ) ;
#1693 = CIRCLE ( 'NONE', #26, 0.5000000000000000000 ) ;
#1694 = CARTESIAN_POINT ( 'NONE',  ( 2.500000000000002220, 3.450000000000000178, 0.3999999999999993006 ) ) ;
#1695 = ORIENTED_EDGE ( 'NONE', *, *, #3089, .T. ) ;
#1696 = FACE_OUTER_BOUND ( 'NONE', #2297, .T. ) ;
#1697 = ORIENTED_EDGE ( 'NONE', *, *, #3236, .F. ) ;
#1698 = CARTESIAN_POINT ( 'NONE',  ( 1.499999999999999778, -2.701902650954127960, 0.0000000000000000000 ) ) ;
#1699 = EDGE_CURVE ( 'NONE', #961, #3430, #75, .T. ) ;
#1700 = EDGE_CURVE ( 'NONE', #1341, #3391, #3605, .T. ) ;
#1701 = ORIENTED_EDGE ( 'NONE', *, *, #2912, .T. ) ;
#1702 = DIRECTION ( 'NONE',  ( -0.0000000000000000000, -1.000000000000000000, -0.0000000000000000000 ) ) ;
#1703 = VERTEX_POINT ( 'NONE', #3313 ) ;
#1704 = DIRECTION ( 'NONE',  ( 0.0000000000000000000, 0.0000000000000000000, 1.000000000000000000 ) ) ;
#1705 = EDGE_CURVE ( 'NONE', #3354, #491, #673, .T. ) ;
#1706 = AXIS2_PLACEMENT_3D ( 'NONE', #949, #2129, #3295 ) ;
#1707 = DIRECTION ( 'NONE',  ( -0.0000000000000000000, -0.0000000000000000000, -1.000000000000000000 ) ) ;
#1708 = DIRECTION ( 'NONE',  ( 1.000000000000000000, 0.0000000000000000000, 0.0000000000000000000 ) ) ;
#1709 =( GEOMETRIC_REPRESENTATION_CONTEXT ( 3 ) GLOBAL_UNCERTAINTY_ASSIGNED_CONTEXT ( ( #3240 ) ) GLOBAL_UNIT_ASSIGNED_CONTEXT ( ( #3003, #2718, #2433 ) ) REPRESENTATION_CONTEXT ( 'NONE', 'WORKASPACE' ) );
#1710 = DIRECTION ( 'NONE',  ( 4.486353817181404050E-16, -1.000000000000000000, 0.0000000000000000000 ) ) ;
#1711 = EDGE_CURVE ( 'NONE', #2451, #2959, #391, .T. ) ;
#1712 = CARTESIAN_POINT ( 'NONE',  ( -2.500000000000001332, -3.450000000000000178, 0.3999999999999993006 ) ) ;
#1713 = EDGE_LOOP ( 'NONE', ( #1734, #2688, #914, #798 ) ) ;
#1714 = DIRECTION ( 'NONE',  ( 0.0000000000000000000, -0.9961946980917455452, -0.08715574274765841567 ) ) ;
#1715 = EDGE_CURVE ( 'NONE', #2184, #93, #92, .T. ) ;
#1716 = PLANE ( 'NONE',  #3345 ) ;
#1717 = EDGE_CURVE ( 'NONE', #2258, #617, #3622, .T. ) ;
#1718 = VERTEX_POINT ( 'NONE', #3332 ) ;
#1719 = LINE ( 'NONE', #2894, #2354 ) ;
#1720 = DIRECTION ( 'NONE',  ( -0.0000000000000000000, -0.0000000000000000000, -1.000000000000000000 ) ) ;
#1721 = VECTOR ( 'NONE', #1691, 1000.000000000000000 ) ;
#1722 = DIRECTION ( 'NONE',  ( 0.0000000000000000000, 0.0000000000000000000, -1.000000000000000000 ) ) ;
#1723 = DIRECTION ( 'NONE',  ( 1.000000000000000000, 0.0000000000000000000, 0.0000000000000000000 ) ) ;
#1724 = CARTESIAN_POINT ( 'NONE',  ( 0.0000000000000000000, 1.399999999994816058, 3.299999999999999378 ) ) ;
#1725 = ADVANCED_FACE ( 'NONE', ( #694, #1885, #3053 ), #410, .F. ) ;
#1726 = CYLINDRICAL_SURFACE ( 'NONE', #2770, 0.4899999999999999911 ) ;
#1727 = EDGE_CURVE ( 'NONE', #2110, #3114, #1285, .T. ) ;
#1728 = CYLINDRICAL_SURFACE ( 'NONE', #1227, 3.000000000000000888 ) ;
#1729 = CARTESIAN_POINT ( 'NONE',  ( -3.001123811401384955, 3.499999999999998668, 1.699999999999999734 ) ) ;
#1730 = EDGE_CURVE ( 'NONE', #1540, #3351, #934, .T. ) ;
#1731 = ORIENTED_EDGE ( 'NONE', *, *, #2599, .F. ) ;
#1732 = VECTOR ( 'NONE', #3321, 1000.000000000000000 ) ;
#1733 = VERTEX_POINT ( 'NONE', #716 ) ;
#1734 = ORIENTED_EDGE ( 'NONE', *, *, #2291, .T. ) ;
#1735 = CARTESIAN_POINT ( 'NONE',  ( 0.9303866922430670261, -3.112511336474075740, -1.000000000000000000 ) ) ;
#1736 = UNCERTAINTY_MEASURE_WITH_UNIT (LENGTH_MEASURE( 1.000000000000000082E-05 ), #3411, 'distance_accuracy_value', 'NONE');
#1737 = CIRCLE ( 'NONE', #809, 0.1499999999999999667 ) ;
#1738 = CARTESIAN_POINT ( 'NONE',  ( 3.000384657911015863E-16, -2.450000000000000178, 0.0000000000000000000 ) ) ;
#1739 = CARTESIAN_POINT ( 'NONE',  ( -3.500000000000002665, 6.349999999999995204, 2.199999999999999734 ) ) ;
#1740 = CARTESIAN_POINT ( 'NONE',  ( -1.000000000000000000, 2.950000000000000178, 4.299999999999999822 ) ) ;
#1741 = CARTESIAN_POINT ( 'NONE',  ( 0.9303866922430672481, -2.929245101670591378, -1.000000000000000000 ) ) ;
#1742 = CARTESIAN_POINT ( 'NONE',  ( -3.500000000000002665, -6.349999999999998757, 2.199999999999999734 ) ) ;
#1743 = EDGE_LOOP ( 'NONE', ( #2260, #3662, #3249, #1288 ) ) ;
#1744 = CARTESIAN_POINT ( 'NONE',  ( 1.428484041288940132, -2.630386692243067870, -0.8174311485495316942 ) ) ;
#1745 = VECTOR ( 'NONE', #3072, 1000.000000000000000 ) ;
#1746 = AXIS2_PLACEMENT_3D ( 'NONE', #739, #3372, #2207 ) ;
#1747 = EDGE_CURVE ( 'NONE', #1173, #3361, #2986, .T. ) ;
#1748 = CARTESIAN_POINT ( 'NONE',  ( 3.001123811401384955, 5.000000000000000000, 3.780783809238926541 ) ) ;
#1749 = CARTESIAN_POINT ( 'NONE',  ( 3.001123811401384955, -3.499999999999999556, 2.199999999999999734 ) ) ;
#1750 = LINE ( 'NONE', #2925, #3436 ) ;
#1751 = CARTESIAN_POINT ( 'NONE',  ( 0.0000000000000000000, 1.399999999994816058, -0.6000000000000000888 ) ) ;
#1752 = ORIENTED_EDGE ( 'NONE', *, *, #1664, .F. ) ;
#1753 = ORIENTED_EDGE ( 'NONE', *, *, #1949, .T. ) ;
#1754 = LINE ( 'NONE', #2930, #1812 ) ;
#1755 = CARTESIAN_POINT ( 'NONE',  ( -3.500000000000002665, -6.349999999999998757, 1.699999999999999734 ) ) ;
#1756 = ORIENTED_EDGE ( 'NONE', *, *, #2996, .F. ) ;
#1757 = CARTESIAN_POINT ( 'NONE',  ( -3.500000000000002665, 4.999999999999996447, 1.699999999999999734 ) ) ;
#1758 = ORIENTED_EDGE ( 'NONE', *, *, #2538, .T. ) ;
#1759 = DIRECTION ( 'NONE',  ( -1.000000000000000000, 0.0000000000000000000, 0.0000000000000000000 ) ) ;
#1760 = LINE ( 'NONE', #2286, #2950 ) ;
#1761 = ORIENTED_EDGE ( 'NONE', *, *, #1126, .T. ) ;
#1762 = DIRECTION ( 'NONE',  ( 1.521687259628778015E-16, -1.000000000000000000, 0.0000000000000000000 ) ) ;
#1763 = VERTEX_POINT ( 'NONE', #3069 ) ;
#1764 = CARTESIAN_POINT ( 'NONE',  ( 3.000000000000001776, 6.349999999999997868, 0.2500000000000002220 ) ) ;
#1765 = FACE_OUTER_BOUND ( 'NONE', #2674, .T. ) ;
#1766 = VERTEX_POINT ( 'NONE', #1302 ) ;
#1767 = DIRECTION ( 'NONE',  ( 0.0000000000000000000, 0.0000000000000000000, -1.000000000000000000 ) ) ;
#1768 = CARTESIAN_POINT ( 'NONE',  ( -1.229245101670590978, 1.684615384615384404, -0.8000000000000000444 ) ) ;
#1770 = ADVANCED_FACE ( 'NONE', ( #2496, #3660 ), #1019, .T. ) ;
#1769 = CARTESIAN_POINT ( 'NONE',  ( 0.5000000000000000000, 6.123233995736766036E-17, 4.299999999999999822 ) ) ;
#1771 = CARTESIAN_POINT ( 'NONE',  ( 0.0000000000000000000, 0.0000000000000000000, 7.799999999999999822 ) ) ;
#1772 =( LENGTH_UNIT ( ) NAMED_UNIT ( * ) SI_UNIT ( .MILLI., .METRE. ) );
#1773 = ADVANCED_FACE ( 'NONE', ( #1924, #3088 ), #446, .T. ) ;
#1774 = SURFACE_SIDE_STYLE ('',( #593 ) ) ;
#1775 = EDGE_CURVE ( 'NONE', #1880, #3246, #1934, .T. ) ;
#1776 = PLANE ( 'NONE',  #2016 ) ;
#1777 = ADVANCED_FACE ( 'NONE', ( #1037 ), #2223, .T. ) ;
#1778 = CARTESIAN_POINT ( 'NONE',  ( -3.000000000000000000, -6.349999999999998757, 4.799999999999999822 ) ) ;
#1779 = VERTEX_POINT ( 'NONE', #3110 ) ;
#1780 = FACE_OUTER_BOUND ( 'NONE', #40, .T. ) ;
#1781 = VERTEX_POINT ( 'NONE', #469 ) ;
#1782 = VECTOR ( 'NONE', #3795, 1000.000000000000000 ) ;
#1783 = CARTESIAN_POINT ( 'NONE',  ( 0.9000000000000000222, 1.102182119232617788E-16, 0.4000000000000000222 ) ) ;
#1784 = EDGE_CURVE ( 'NONE', #3351, #3638, #752, .T. ) ;
#1785 = ORIENTED_EDGE ( 'NONE', *, *, #1218, .F. ) ;
#1786 = DIRECTION ( 'NONE',  ( -1.000000000000000000, -0.0000000000000000000, -0.0000000000000000000 ) ) ;
#1787 = CIRCLE ( 'NONE', #1277, 0.2500000000000000000 ) ;
#1788 = EDGE_LOOP ( 'NONE', ( #1807, #789 ) ) ;
#1789 = DIRECTION ( 'NONE',  ( -0.0000000000000000000, -0.0000000000000000000, 1.000000000000000000 ) ) ;
#1790 = ORIENTED_EDGE ( 'NONE', *, *, #758, .T. ) ;
#1791 =( BOUNDED_CURVE ( )  B_SPLINE_CURVE ( 3, ( #1508, #2684, #41, #1205 ),
 .UNSPECIFIED., .F., .F. ) 
 B_SPLINE_CURVE_WITH_KNOTS ( ( 4, 4 ),
 ( 2.710505431213759606E-16, 0.7816000651241664654 ),
 .UNSPECIFIED. ) 
 CURVE ( )  GEOMETRIC_REPRESENTATION_ITEM ( )  RATIONAL_B_SPLINE_CURVE ( ( 1.000000000000000000, 0.9497364005219713912, 0.9497364005219713912, 1.000000000000000000 ) ) 
 REPRESENTATION_ITEM ( '' )  );
#1792 = CIRCLE ( 'NONE', #3261, 0.5000000000000000000 ) ;
#1793 = ORIENTED_EDGE ( 'NONE', *, *, #2898, .F. ) ;
#1794 = DIRECTION ( 'NONE',  ( 0.0000000000000000000, -0.0000000000000000000, -1.000000000000000000 ) ) ;
#1795 = ADVANCED_FACE ( 'NONE', ( #1345 ), #2532, .F. ) ;
#1796 = ORIENTED_EDGE ( 'NONE', *, *, #1658, .T. ) ;
#1797 = EDGE_CURVE ( 'NONE', #2911, #1437, #970, .T. ) ;
#1798 = ORIENTED_EDGE ( 'NONE', *, *, #90, .T. ) ;
#1799 = DIRECTION ( 'NONE',  ( 0.0000000000000000000, 0.0000000000000000000, -1.000000000000000000 ) ) ;
#1800 = ORIENTED_EDGE ( 'NONE', *, *, #709, .T. ) ;
#1801 = CARTESIAN_POINT ( 'NONE',  ( 0.9000000000000000222, -1.399999999994815836, -0.6000000000000000888 ) ) ;
#1802 = CARTESIAN_POINT ( 'NONE',  ( 1.500000000000001776, -2.950000000000000178, 4.799999999999999822 ) ) ;
#1803 = EDGE_LOOP ( 'NONE', ( #756, #1785, #1834, #2413 ) ) ;
#1804 = ADVANCED_FACE ( 'NONE', ( #679 ), #2234, .T. ) ;
#1805 = DIRECTION ( 'NONE',  ( -0.0000000000000000000, 0.0000000000000000000, 1.000000000000000000 ) ) ;
#1806 = CARTESIAN_POINT ( 'NONE',  ( -0.9303866922430676922, -3.112511336474076185, -1.000000000000000000 ) ) ;
#1807 = ORIENTED_EDGE ( 'NONE', *, *, #688, .T. ) ;
#1808 = CARTESIAN_POINT ( 'NONE',  ( -2.000000000000001776, 2.450000000000000178, 3.299999999999999378 ) ) ;
#1809 = EDGE_LOOP ( 'NONE', ( #473, #202 ) ) ;
#1810 = EDGE_LOOP ( 'NONE', ( #876, #435, #3749, #3059 ) ) ;
#1811 = LINE ( 'NONE', #2943, #67 ) ;
#1812 = VECTOR ( 'NONE', #281, 1000.000000000000000 ) ;
#1813 = DIRECTION ( 'NONE',  ( -0.0000000000000000000, -0.0000000000000000000, 1.000000000000000000 ) ) ;
#1814 =( BOUNDED_CURVE ( )  B_SPLINE_CURVE ( 3, ( #1148, #3786, #2626, #1447 ),
 .UNSPECIFIED., .F., .T. ) 
 B_SPLINE_CURVE_WITH_KNOTS ( ( 4, 4 ),
 ( 5.501585242055417879, 6.283185307179585344 ),
 .UNSPECIFIED. ) 
 CURVE ( )  GEOMETRIC_REPRESENTATION_ITEM ( )  RATIONAL_B_SPLINE_CURVE ( ( 1.000000000000000000, 0.9497364005219710581, 0.9497364005219710581, 1.000000000000000000 ) ) 
 REPRESENTATION_ITEM ( '' )  );
#1815 = VECTOR ( 'NONE', #3458, 1000.000000000000000 ) ;
#1816 = AXIS2_PLACEMENT_3D ( 'NONE', #246, #2239, #1417 ) ;
#1817 = ORIENTED_EDGE ( 'NONE', *, *, #3630, .F. ) ;
#1818 = DIRECTION ( 'NONE',  ( -6.829619984160660511E-17, 1.000000000000000000, 0.0000000000000000000 ) ) ;
#1819 = VECTOR ( 'NONE', #3797, 1000.000000000000000 ) ;
#1820 = ORIENTED_EDGE ( 'NONE', *, *, #530, .T. ) ;
#1821 = CARTESIAN_POINT ( 'NONE',  ( -3.500000000000002665, -6.349999999999998757, 1.699999999999999734 ) ) ;
#1822 = ORIENTED_EDGE ( 'NONE', *, *, #1025, .T. ) ;
#1823 = EDGE_CURVE ( 'NONE', #1766, #3410, #3038, .T. ) ;
#1824 = CARTESIAN_POINT ( 'NONE',  ( 1.500000000000001776, 2.950000000000000178, 3.299999999999999378 ) ) ;
#1825 = LINE ( 'NONE', #1052, #477 ) ;
#1826 = DIRECTION ( 'NONE',  ( 1.000000000000000000, 0.0000000000000000000, 0.0000000000000000000 ) ) ;
#1827 = VERTEX_POINT ( 'NONE', #2459 ) ;
#1828 = LINE ( 'NONE', #2994, #870 ) ;
#1829 = VERTEX_POINT ( 'NONE', #3628 ) ;
#1830 = DIRECTION ( 'NONE',  ( 1.000000000000000000, 0.0000000000000000000, 0.0000000000000000000 ) ) ;
#1831 = DIRECTION ( 'NONE',  ( 0.0000000000000000000, 0.0000000000000000000, 1.000000000000000000 ) ) ;
#1832 = ADVANCED_FACE ( 'NONE', ( #987, #2171 ), #3339, .T. ) ;
#1833 = CARTESIAN_POINT ( 'NONE',  ( 3.500000000000003553, -6.349999999999997868, 1.699999999999999734 ) ) ;
#1834 = ORIENTED_EDGE ( 'NONE', *, *, #575, .F. ) ;
#1835 = VECTOR ( 'NONE', #3055, 1000.000000000000000 ) ;
#1836 = EDGE_CURVE ( 'NONE', #3594, #3105, #417, .T. ) ;
#1837 = AXIS2_PLACEMENT_3D ( 'NONE', #1612, #2792, #141 ) ;
#1838 = ORIENTED_EDGE ( 'NONE', *, *, #1274, .T. ) ;
#1839 = VERTEX_POINT ( 'NONE', #116 ) ;
#1840 = DIRECTION ( 'NONE',  ( -1.000000000000000000, 1.445602896647339163E-16, 0.0000000000000000000 ) ) ;
#1841 = EDGE_LOOP ( 'NONE', ( #1443, #1284 ) ) ;
#1842 = DIRECTION ( 'NONE',  ( -1.000000000000000000, -1.770125995894700463E-16, 0.0000000000000000000 ) ) ;
#1843 = ORIENTED_EDGE ( 'NONE', *, *, #1715, .F. ) ;
#1844 = ORIENTED_EDGE ( 'NONE', *, *, #771, .F. ) ;
#1845 = CARTESIAN_POINT ( 'NONE',  ( -0.9000000000000000222, -1.399999999994816058, -0.6000000000000000888 ) ) ;
#1846 = CARTESIAN_POINT ( 'NONE',  ( -3.001123811401384955, -5.000000000000000000, 1.699999999999999734 ) ) ;
#1847 = FACE_BOUND ( 'NONE', #2771, .T. ) ;
#1848 = AXIS2_PLACEMENT_3D ( 'NONE', #117, #2530, #463 ) ;
#1849 = ORIENTED_EDGE ( 'NONE', *, *, #2967, .F. ) ;
#1850 = ADVANCED_FACE ( 'NONE', ( #1289 ), #2481, .F. ) ;
#1851 = VECTOR ( 'NONE', #3120, 1000.000000000000000 ) ;
#1852 = ORIENTED_EDGE ( 'NONE', *, *, #2036, .T. ) ;
#1853 = VERTEX_POINT ( 'NONE', #3360 ) ;
#1854 = DIRECTION ( 'NONE',  ( -1.000000000000000000, 0.0000000000000000000, 0.0000000000000000000 ) ) ;
#1855 = DIRECTION ( 'NONE',  ( 0.0000000000000000000, 0.0000000000000000000, -1.000000000000000000 ) ) ;
#1856 = AXIS2_PLACEMENT_3D ( 'NONE', #3306, #666, #1855 ) ;
#1857 =( REPRESENTATION_RELATIONSHIP ('NONE','NONE', #749, #2843 ) REPRESENTATION_RELATIONSHIP_WITH_TRANSFORMATION ( #3159 )SHAPE_REPRESENTATION_RELATIONSHIP( ) );
#1858 = EDGE_CURVE ( 'NONE', #1733, #317, #722, .T. ) ;
#1859 = VECTOR ( 'NONE', #1429, 1000.000000000000000 ) ;
#1860 = EDGE_CURVE ( 'NONE', #2761, #2495, #436, .T. ) ;
#1861 = DIRECTION ( 'NONE',  ( 0.0000000000000000000, 0.0000000000000000000, 1.000000000000000000 ) ) ;
#1862 = DIRECTION ( 'NONE',  ( -0.0000000000000000000, -0.0000000000000000000, -1.000000000000000000 ) ) ;
#1863 = ORIENTED_EDGE ( 'NONE', *, *, #3598, .T. ) ;
#1864 = ORIENTED_EDGE ( 'NONE', *, *, #407, .T. ) ;
#1865 = CARTESIAN_POINT ( 'NONE',  ( 2.500000000000002220, -3.450000000000000178, 0.3999999999999993006 ) ) ;
#1866 = LINE ( 'NONE', #3034, #1024 ) ;
#1867 = CARTESIAN_POINT ( 'NONE',  ( -2.000000000000001776, 2.450000000000000178, 4.799999999999999822 ) ) ;
#1868 = AXIS2_PLACEMENT_3D ( 'NONE', #2097, #3266, #623 ) ;
#1869 = LINE ( 'NONE', #3037, #113 ) ;
#1870 = CIRCLE ( 'NONE', #1485, 3.000000000000002665 ) ;
#1871 = ORIENTED_EDGE ( 'NONE', *, *, #2347, .F. ) ;
#1872 = EDGE_LOOP ( 'NONE', ( #342, #3334, #2988, #704 ) ) ;
#1873 = DIRECTION ( 'NONE',  ( 0.0000000000000000000, 0.0000000000000000000, 1.000000000000000000 ) ) ;
#1874 = VECTOR ( 'NONE', #3222, 1000.000000000000000 ) ;
#1875 = DIRECTION ( 'NONE',  ( 1.495451272393800528E-16, 1.000000000000000000, 0.0000000000000000000 ) ) ;
#1876 = ADVANCED_FACE ( 'NONE', ( #972, #2157 ), #3325, .T. ) ;
#1877 = FILL_AREA_STYLE ('',( #686 ) ) ;
#1878 = ADVANCED_FACE ( 'NONE', ( #402 ), #1575, .F. ) ;
#1879 = VECTOR ( 'NONE', #1017, 1000.000000000000000 ) ;
#1880 = VERTEX_POINT ( 'NONE', #2464 ) ;
#1881 = DIRECTION ( 'NONE',  ( -1.000000000000000000, 0.0000000000000000000, 0.0000000000000000000 ) ) ;
#1882 = CARTESIAN_POINT ( 'NONE',  ( -1.266850721647529765, -2.966850721647530609, -0.9999999999999998890 ) ) ;
#1883 = ORIENTED_EDGE ( 'NONE', *, *, #2291, .F. ) ;
#1884 = ORIENTED_EDGE ( 'NONE', *, *, #2106, .F. ) ;
#1885 = FACE_OUTER_BOUND ( 'NONE', #2180, .T. ) ;
#1886 = ORIENTED_EDGE ( 'NONE', *, *, #2506, .F. ) ;
#1887 = ORIENTED_EDGE ( 'NONE', *, *, #2717, .F. ) ;
#1888 = AXIS2_PLACEMENT_3D ( 'NONE', #2881, #1704, #529 ) ;
#1889 = CARTESIAN_POINT ( 'NONE',  ( 0.0000000000000000000, 0.0000000000000000000, 0.0000000000000000000 ) ) ;
#1890 = CARTESIAN_POINT ( 'NONE',  ( -3.001123811401384955, 3.499999999999999556, 2.199999999999999734 ) ) ;
#1891 = APPLICATION_CONTEXT ( 'automotive_design' ) ;
#1892 = CARTESIAN_POINT ( 'NONE',  ( 0.0000000000000000000, 1.399999999994816058, -0.6000000000000000888 ) ) ;
#1893 = ORIENTED_EDGE ( 'NONE', *, *, #1482, .F. ) ;
#1894 = DIRECTION ( 'NONE',  ( 0.0000000000000000000, 0.0000000000000000000, -1.000000000000000000 ) ) ;
#1895 = ORIENTED_EDGE ( 'NONE', *, *, #1322, .F. ) ;
#1896 = DIRECTION ( 'NONE',  ( 0.0000000000000000000, 0.0000000000000000000, 1.000000000000000000 ) ) ;
#1897 = LINE ( 'NONE', #3063, #1536 ) ;
#1898 = DIRECTION ( 'NONE',  ( 0.0000000000000000000, 0.0000000000000000000, -1.000000000000000000 ) ) ;
#1899 = VECTOR ( 'NONE', #2191, 1000.000000000000000 ) ;
#1900 =( NAMED_UNIT ( * ) SI_UNIT ( $, .STERADIAN. ) SOLID_ANGLE_UNIT ( ) );
#1901 = B_SPLINE_CURVE_WITH_KNOTS ( 'NONE', 3,
 ( #2253, #3421, #785, #1972 ),
 .UNSPECIFIED., .F., .F.,
 ( 4, 4 ),
 ( 0.0001832699832355266984, 0.001003839874946678336 ),
 .UNSPECIFIED. ) ;
#1902 = ORIENTED_EDGE ( 'NONE', *, *, #2673, .T. ) ;
#1903 = VERTEX_POINT ( 'NONE', #3633 ) ;
#1904 = CARTESIAN_POINT ( 'NONE',  ( -4.000000000000001776, 6.349999999999995204, 2.199999999999999734 ) ) ;
#1905 = COLOUR_RGB ( '',1.000000000000000000, 0.0000000000000000000, 0.0000000000000000000 ) ;
#1906 = ORIENTED_EDGE ( 'NONE', *, *, #50, .F. ) ;
#1907 = EDGE_LOOP ( 'NONE', ( #3422, #952, #816, #2155, #3171 ) ) ;
#1908 = CARTESIAN_POINT ( 'NONE',  ( -2.500000000000001332, 3.450000000000000178, 4.799999999999999822 ) ) ;
#1909 = ADVANCED_FACE ( 'NONE', ( #989 ), #2174, .F. ) ;
#1910 = CYLINDRICAL_SURFACE ( 'NONE', #3636, 0.9000000000000000222 ) ;
#1911 = EDGE_LOOP ( 'NONE', ( #680, #635, #2290, #542 ) ) ;
#1912 = CARTESIAN_POINT ( 'NONE',  ( 1.500000000000000888, 1.899999999999999245, 0.0000000000000000000 ) ) ;
#1913 = EDGE_CURVE ( 'NONE', #692, #1521, #3062, .T. ) ;
#1914 = VERTEX_POINT ( 'NONE', #2772 ) ;
#1915 = ORIENTED_EDGE ( 'NONE', *, *, #1823, .F. ) ;
#1916 = DIRECTION ( 'NONE',  ( 8.503546450866703280E-17, 1.000000000000000000, -0.0000000000000000000 ) ) ;
#1917 = DIRECTION ( 'NONE',  ( -0.0000000000000000000, -0.0000000000000000000, 1.000000000000000000 ) ) ;
#1918 = AXIS2_PLACEMENT_3D ( 'NONE', #1607, #2788, #135 ) ;
#1919 = CARTESIAN_POINT ( 'NONE',  ( 1.500000000000001776, 2.950000000000000178, 4.799999999999999822 ) ) ;
#1920 = CIRCLE ( 'NONE', #3563, 3.000000000000000888 ) ;
#1921 = CARTESIAN_POINT ( 'NONE',  ( 44.84270711785296015, -4.929929988331392288, -1.500000000000000444 ) ) ;
#1922 = LINE ( 'NONE', #3086, #2364 ) ;
#1923 = AXIS2_PLACEMENT_3D ( 'NONE', #2361, #3529, #896 ) ;
#1924 = FACE_BOUND ( 'NONE', #3643, .T. ) ;
#1925 = ORIENTED_EDGE ( 'NONE', *, *, #782, .T. ) ;
#1926 = PLANE ( 'NONE',  #1746 ) ;
#1927 = EDGE_CURVE ( 'NONE', #3125, #1718, #118, .T. ) ;
#1928 = SURFACE_STYLE_FILL_AREA ( #740 ) ;
#1929 = FACE_OUTER_BOUND ( 'NONE', #1632, .T. ) ;
#1930 = AXIS2_PLACEMENT_3D ( 'NONE', #3233, #587, #1767 ) ;
#1931 = VERTEX_POINT ( 'NONE', #3649 ) ;
#1932 = DIRECTION ( 'NONE',  ( 0.0000000000000000000, 0.0000000000000000000, 1.000000000000000000 ) ) ;
#1933 = DIRECTION ( 'NONE',  ( -1.000000000000000000, 0.0000000000000000000, 0.0000000000000000000 ) ) ;
#1934 = CIRCLE ( 'NONE', #254, 0.2500000000000002220 ) ;
#1935 = FACE_OUTER_BOUND ( 'NONE', #3078, .T. ) ;
#1936 = DIRECTION ( 'NONE',  ( -0.0000000000000000000, -1.000000000000000000, -0.0000000000000000000 ) ) ;
#1937 = ORIENTED_EDGE ( 'NONE', *, *, #2747, .T. ) ;
#1938 = ORIENTED_EDGE ( 'NONE', *, *, #166, .F. ) ;
#1939 = FACE_OUTER_BOUND ( 'NONE', #3554, .T. ) ;
#1940 = ORIENTED_EDGE ( 'NONE', *, *, #385, .F. ) ;
#1941 = DIRECTION ( 'NONE',  ( -0.08715574274765836016, 0.0000000000000000000, 0.9961946980917455452 ) ) ;
#1942 = AXIS2_PLACEMENT_3D ( 'NONE', #985, #2168, #3336 ) ;
#1943 =( BOUNDED_SURFACE ( )  B_SPLINE_SURFACE ( 3, 2, ( 
 ( #620, #1806, #2973 ),
 ( #335, #1509, #2685 ),
 ( #42, #1206, #2397 ),
 ( #3569, #930, #2112 ) ),
 .UNSPECIFIED., .F., .F., .F. ) 
 B_SPLINE_SURFACE_WITH_KNOTS ( ( 4, 4 ),
 ( 3, 3 ),
 ( 5.501585242055419656, 6.283185307179585344 ),
 ( 0.0000000000000000000, 1.000000000000000000 ),
 .UNSPECIFIED. ) 
 GEOMETRIC_REPRESENTATION_ITEM ( )  RATIONAL_B_SPLINE_SURFACE ( (
 ( 1.000000000000000000, 0.7372773368101240843, 1.000000000000000000),
 ( 1.000000000000000000, 0.7449550586513147277, 1.000000000000000000),
 ( 1.000000000000000000, 0.7493005499708284001, 1.000000000000000000),
 ( 1.000000000000000000, 0.7492634205062600472, 1.000000000000000000) ) ) 
 REPRESENTATION_ITEM ( '' )  SURFACE ( )  );
#1944 = ORIENTED_EDGE ( 'NONE', *, *, #3575, .T. ) ;
#1945 = DIRECTION ( 'NONE',  ( -1.024442997624099200E-16, 1.000000000000000000, 0.0000000000000000000 ) ) ;
#1946 = VECTOR ( 'NONE', #2279, 1000.000000000000000 ) ;
#1947 = CARTESIAN_POINT ( 'NONE',  ( 2.450000000000001066, -5.299999999975159248, 4.150000000000000355 ) ) ;
#1948 = VECTOR ( 'NONE', #1617, 1000.000000000000000 ) ;
#1949 = EDGE_CURVE ( 'NONE', #3354, #2401, #2406, .T. ) ;
#1950 = EDGE_CURVE ( 'NONE', #933, #1582, #1870, .T. ) ;
#1951 = CARTESIAN_POINT ( 'NONE',  ( -3.001123811401384955, -5.000000000000000000, 2.199999999999999734 ) ) ;
#1952 = EDGE_CURVE ( 'NONE', #1763, #616, #3333, .T. ) ;
#1953 = EDGE_LOOP ( 'NONE', ( #2676, #3074 ) ) ;
#1954 = LINE ( 'NONE', #3116, #2887 ) ;
#1955 = DIRECTION ( 'NONE',  ( 1.000000000000000000, 0.0000000000000000000, 0.0000000000000000000 ) ) ;
#1956 = DIRECTION ( 'NONE',  ( -0.0000000000000000000, -0.0000000000000000000, -1.000000000000000000 ) ) ;
#1957 = FACE_OUTER_BOUND ( 'NONE', #1810, .T. ) ;
#1958 = EDGE_CURVE ( 'NONE', #711, #1903, #2734, .T. ) ;
#1959 = DIRECTION ( 'NONE',  ( 1.000000000000000000, 0.0000000000000000000, 0.0000000000000000000 ) ) ;
#1960 = CYLINDRICAL_SURFACE ( 'NONE', #3165, 0.5000000000000000000 ) ;
#1961 = EDGE_CURVE ( 'NONE', #2910, #2618, #2445, .T. ) ;
#1962 = EDGE_LOOP ( 'NONE', ( #891, #1893, #3304, #581 ) ) ;
#1963 = DIRECTION ( 'NONE',  ( -1.000000000000000000, 0.0000000000000000000, 0.0000000000000000000 ) ) ;
#1964 = ORIENTED_EDGE ( 'NONE', *, *, #534, .F. ) ;
#1965 = AXIS2_PLACEMENT_3D ( 'NONE', #1452, #3511, #2062 ) ;
#1966 = DIRECTION ( 'NONE',  ( 1.000000000000000000, 0.0000000000000000000, 0.0000000000000000000 ) ) ;
#1967 = ORIENTED_EDGE ( 'NONE', *, *, #235, .F. ) ;
#1968 = CARTESIAN_POINT ( 'NONE',  ( -3.500000000000002665, -6.349999999999998757, 1.699999999999999734 ) ) ;
#1969 = ORIENTED_EDGE ( 'NONE', *, *, #2347, .T. ) ;
#1970 = DIRECTION ( 'NONE',  ( -1.000000000000000000, 0.0000000000000000000, 0.0000000000000000000 ) ) ;
#1971 = LINE ( 'NONE', #3134, #2099 ) ;
#1972 = CARTESIAN_POINT ( 'NONE',  ( -1.500000000000000000, 1.899999999999999245, 0.0000000000000000000 ) ) ;
#1973 = ORIENTED_EDGE ( 'NONE', *, *, #1592, .F. ) ;
#1974 = APPLICATION_PROTOCOL_DEFINITION ( 'draft international standard', 'automotive_design', 1998, #518 ) ;
#1975 = CIRCLE ( 'NONE', #295, 3.000000000000000888 ) ;
#1976 = ADVANCED_FACE ( 'NONE', ( #665 ), #1910, .F. ) ;
#1977 = CARTESIAN_POINT ( 'NONE',  ( -3.001123811401384955, -3.499999999999999556, 2.199999999999999734 ) ) ;
#1978 = ORIENTED_EDGE ( 'NONE', *, *, #188, .F. ) ;
#1979 = VECTOR ( 'NONE', #2339, 1000.000000000000000 ) ;
#1980 = DIRECTION ( 'NONE',  ( 1.000000000000000000, 0.0000000000000000000, 0.0000000000000000000 ) ) ;
#1981 = ADVANCED_BREP_SHAPE_REPRESENTATION ( '', ( #1992, #594 ), #2262 ) ;
#1982 = EDGE_CURVE ( 'NONE', #3352, #1351, #2351, .T. ) ;
#1983 = EDGE_CURVE ( 'NONE', #2098, #3722, #2501, .T. ) ;
#1984 = VECTOR ( 'NONE', #2246, 1000.000000000000000 ) ;
#1985 = APPLICATION_CONTEXT ( 'automotive_design' ) ;
#1986 = CARTESIAN_POINT ( 'NONE',  ( 0.5000000000000000000, 1.399999999994816058, 0.0000000000000000000 ) ) ;
#1987 = EDGE_LOOP ( 'NONE', ( #3539, #2906, #1076, #2974 ) ) ;
#1988 = CARTESIAN_POINT ( 'NONE',  ( -2.450000000000000178, -5.299999999975160137, 0.2500000000000002220 ) ) ;
#1989 = FACE_BOUND ( 'NONE', #2356, .T. ) ;
#1990 = ORIENTED_EDGE ( 'NONE', *, *, #58, .F. ) ;
#1991 = CARTESIAN_POINT ( 'NONE',  ( 3.000384657911015863E-16, -2.450000000000000178, 0.2500000000000002220 ) ) ;
#1992 = MANIFOLD_SOLID_BREP ( '切除-拉伸9', #667 ) ;
#1993 = ORIENTED_EDGE ( 'NONE', *, *, #2140, .F. ) ;
#1994 = CARTESIAN_POINT ( 'NONE',  ( -1.187662442330045920, -3.076737326052138677, -0.8245582693234956295 ) ) ;
#1995 = DIRECTION ( 'NONE',  ( 0.0000000000000000000, -0.0000000000000000000, 1.000000000000000000 ) ) ;
#1996 = AXIS2_PLACEMENT_3D ( 'NONE', #2631, #1166, #2355 ) ;
#1997 = CARTESIAN_POINT ( 'NONE',  ( -3.000000000000003553, 6.349999999999996980, 0.2500000000000002220 ) ) ;
#1998 = ORIENTED_EDGE ( 'NONE', *, *, #585, .F. ) ;
#1999 = CONTEXT_DEPENDENT_SHAPE_REPRESENTATION ( #294, #2707 ) ;
#2000 = EDGE_CURVE ( 'NONE', #3391, #2350, #2208, .T. ) ;
#2001 = ORIENTED_EDGE ( 'NONE', *, *, #1952, .F. ) ;
#2002 = CARTESIAN_POINT ( 'NONE',  ( 0.0000000000000000000, -6.349999999999998757, 2.199999999999999734 ) ) ;
#2003 = ADVANCED_FACE ( 'NONE', ( #2677 ), #32, .T. ) ;
#2004 = CARTESIAN_POINT ( 'NONE',  ( 1.000000000000000000, 2.950000000000000178, 3.299999999999999378 ) ) ;
#2005 = EDGE_LOOP ( 'NONE', ( #602, #2703 ) ) ;
#2006 = CARTESIAN_POINT ( 'NONE',  ( 1.001902650954127116, -3.200000000000000178, 0.0000000000000000000 ) ) ;
#2007 = VECTOR ( 'NONE', #2244, 1000.000000000000000 ) ;
#2008 = ORIENTED_EDGE ( 'NONE', *, *, #2453, .F. ) ;
#2009 = DIRECTION ( 'NONE',  ( -0.0000000000000000000, -0.0000000000000000000, -1.000000000000000000 ) ) ;
#2010 = ORIENTED_EDGE ( 'NONE', *, *, #1083, .F. ) ;
#2011 = CARTESIAN_POINT ( 'NONE',  ( -2.500000000000002220, 6.349999999999996980, 0.3999999999999993006 ) ) ;
#2012 = ORIENTED_EDGE ( 'NONE', *, *, #745, .T. ) ;
#2013 = CIRCLE ( 'NONE', #326, 0.5000000000000000000 ) ;
#2014 = CARTESIAN_POINT ( 'NONE',  ( -3.001123811401384955, -3.499999999999999556, 2.199999999999999734 ) ) ;
#2015 = CARTESIAN_POINT ( 'NONE',  ( 0.5000000000000000000, 1.399999999994816058, 3.299999999999999378 ) ) ;
#2016 = AXIS2_PLACEMENT_3D ( 'NONE', #596, #3239, #2074 ) ;
#2017 = PLANE ( 'NONE',  #2529 ) ;
#2018 = FACE_OUTER_BOUND ( 'NONE', #1247, .T. ) ;
#2019 = EDGE_LOOP ( 'NONE', ( #228, #504, #248, #2294 ) ) ;
#2020 = CYLINDRICAL_SURFACE ( 'NONE', #632, 0.5000000000000000000 ) ;
#2021 = ORIENTED_EDGE ( 'NONE', *, *, #2865, .T. ) ;
#2022 = FACE_BOUND ( 'NONE', #664, .T. ) ;
#2023 = ORIENTED_EDGE ( 'NONE', *, *, #289, .T. ) ;
#2024 = CARTESIAN_POINT ( 'NONE',  ( 1.282199884191092210, -2.982199884191092831, -0.8245582693234959626 ) ) ;
#2025 = CARTESIAN_POINT ( 'NONE',  ( -1.010908467008164724, -2.929245101670590934, -1.000000000000000000 ) ) ;
#2026 = ADVANCED_FACE ( 'NONE', ( #1196, #2384 ), #3555, .F. ) ;
#2027 = CARTESIAN_POINT ( 'NONE',  ( 2.500000000000002220, 6.349999999999998757, 0.3999999999999993006 ) ) ;
#2028 = PLANE ( 'NONE',  #366 ) ;
#2029 = DIRECTION ( 'NONE',  ( -1.000000000000000000, -0.0000000000000000000, -0.0000000000000000000 ) ) ;
#2030 = CARTESIAN_POINT ( 'NONE',  ( 1.005657735840931544, -3.203755084886804383, 0.04292081665748333219 ) ) ;
#2031 = EDGE_CURVE ( 'NONE', #1351, #3351, #720, .T. ) ;
#2032 = LINE ( 'NONE', #568, #1099 ) ;
#2033 = LINE ( 'NONE', #3198, #1116 ) ;
#2034 = CIRCLE ( 'NONE', #364, 3.000000000000000888 ) ;
#2035 = ORIENTED_EDGE ( 'NONE', *, *, #2599, .T. ) ;
#2036 = EDGE_CURVE ( 'NONE', #2436, #3621, #221, .T. ) ;
#2037 = FACE_BOUND ( 'NONE', #1537, .T. ) ;
#2038 = VECTOR ( 'NONE', #3473, 1000.000000000000000 ) ;
#2039 = CARTESIAN_POINT ( 'NONE',  ( 2.500000000000001776, -6.349999999999997868, 4.799999999999999822 ) ) ;
#2040 = FACE_BOUND ( 'NONE', #2686, .T. ) ;
#2041 = VECTOR ( 'NONE', #990, 1000.000000000000000 ) ;
#2042 = ADVANCED_FACE ( 'NONE', ( #1287 ), #112, .F. ) ;
#2043 = DIRECTION ( 'NONE',  ( -0.0000000000000000000, -0.0000000000000000000, -1.000000000000000000 ) ) ;
#2044 = DIRECTION ( 'NONE',  ( 0.0000000000000000000, 1.000000000000000000, -0.0000000000000000000 ) ) ;
#2045 = DIRECTION ( 'NONE',  ( 1.000000000000000000, 0.0000000000000000000, 0.0000000000000000000 ) ) ;
#2046 = DIRECTION ( 'NONE',  ( 0.0000000000000000000, 0.0000000000000000000, -1.000000000000000000 ) ) ;
#2047 = CARTESIAN_POINT ( 'NONE',  ( -2.450000000000000178, -5.299999999975160137, 4.400000000000000355 ) ) ;
#2048 = FACE_OUTER_BOUND ( 'NONE', #1953, .T. ) ;
#2049 = VECTOR ( 'NONE', #3299, 1000.000000000000000 ) ;
#2050 = VECTOR ( 'NONE', #2743, 1000.000000000000000 ) ;
#2051 = ORIENTED_EDGE ( 'NONE', *, *, #1546, .F. ) ;
#2052 = CARTESIAN_POINT ( 'NONE',  ( 0.0000000000000000000, 1.399999999994816058, -1.000000000000000000 ) ) ;
#2053 = CIRCLE ( 'NONE', #70, 3.000000000000002665 ) ;
#2054 = CARTESIAN_POINT ( 'NONE',  ( 2.450000000000000622, -2.449999999975159160, 4.400000000000000355 ) ) ;
#2055 = DIRECTION ( 'NONE',  ( 0.0000000000000000000, 0.0000000000000000000, -1.000000000000000000 ) ) ;
#2056 = CARTESIAN_POINT ( 'NONE',  ( 1.282199884191092210, -2.982199884191092831, -0.8245582693234959626 ) ) ;
#2057 = ORIENTED_EDGE ( 'NONE', *, *, #3541, .F. ) ;
#2058 = FACE_OUTER_BOUND ( 'NONE', #1911, .T. ) ;
#2059 = VERTEX_POINT ( 'NONE', #3058 ) ;
#2060 = CARTESIAN_POINT ( 'NONE',  ( 1.266850721647529543, -2.966850721647530609, -0.9999999999999998890 ) ) ;
#2061 = VECTOR ( 'NONE', #960, 1000.000000000000000 ) ;
#2062 = DIRECTION ( 'NONE',  ( -1.000000000000000000, 0.0000000000000000000, 0.0000000000000000000 ) ) ;
#2063 = CIRCLE ( 'NONE', #398, 0.1999999999999999833 ) ;
#2064 = EDGE_LOOP ( 'NONE', ( #3383, #1844 ) ) ;
#2065 = EDGE_CURVE ( 'NONE', #2794, #2423, #565, .T. ) ;
#2066 = PLANE ( 'NONE',  #1930 ) ;
#2067 = DIRECTION ( 'NONE',  ( 1.000000000000000000, 0.0000000000000000000, 0.0000000000000000000 ) ) ;
#2068 = DIRECTION ( 'NONE',  ( -0.0000000000000000000, -0.0000000000000000000, -1.000000000000000000 ) ) ;
#2069 = AXIS2_PLACEMENT_3D ( 'NONE', #578, #3223, #2055 ) ;
#2070 = EDGE_CURVE ( 'NONE', #1766, #3727, #2170, .T. ) ;
#2071 = DIRECTION ( 'NONE',  ( -1.000000000000000000, 0.0000000000000000000, 0.0000000000000000000 ) ) ;
#2072 = FILL_AREA_STYLE_COLOUR ( '', #2755 ) ;
#2073 = ADVANCED_FACE ( 'NONE', ( #2458 ), #3601, .T. ) ;
#2074 = DIRECTION ( 'NONE',  ( 0.0000000000000000000, 0.0000000000000000000, -1.000000000000000000 ) ) ;
#2075 = DIRECTION ( 'NONE',  ( 1.000000000000000000, 0.0000000000000000000, 0.0000000000000000000 ) ) ;
#2076 = EDGE_LOOP ( 'NONE', ( #2942, #64, #3226, #2581 ) ) ;
#2077 = DIRECTION ( 'NONE',  ( 1.000000000000000000, 0.0000000000000000000, 0.0000000000000000000 ) ) ;
#2078 = DIRECTION ( 'NONE',  ( -0.0000000000000000000, -0.0000000000000000000, 1.000000000000000000 ) ) ;
#2079 = ORIENTED_EDGE ( 'NONE', *, *, #1672, .F. ) ;
#2080 = CARTESIAN_POINT ( 'NONE',  ( 0.5000000000000000000, -1.399999999994816058, 3.299999999999999378 ) ) ;
#2081 = VERTEX_POINT ( 'NONE', #1057 ) ;
#2082 = FACE_OUTER_BOUND ( 'NONE', #363, .T. ) ;
#2083 = APPLICATION_CONTEXT ( 'automotive_design' ) ;
#2084 = B_SPLINE_CURVE_WITH_KNOTS ( 'NONE', 3,
 ( #1013, #2198, #3365, #729 ),
 .UNSPECIFIED., .F., .F.,
 ( 4, 4 ),
 ( 0.0001832699832355266984, 0.001003839874946678336 ),
 .UNSPECIFIED. ) ;
#2085 = ORIENTED_EDGE ( 'NONE', *, *, #2309, .T. ) ;
#2086 = PLANE ( 'NONE',  #3253 ) ;
#2087 = EDGE_CURVE ( 'NONE', #2547, #3682, #3190, .T. ) ;
#2088 = CARTESIAN_POINT ( 'NONE',  ( 2.981555974335137194E-16, 1.684615384615384404, -1.000000000000000000 ) ) ;
#2089 = DIRECTION ( 'NONE',  ( 1.000000000000000000, 0.0000000000000000000, 0.0000000000000000000 ) ) ;
#2090 = LINE ( 'NONE', #3260, #3781 ) ;
#2091 = VERTEX_POINT ( 'NONE', #3472 ) ;
#2092 = CIRCLE ( 'NONE', #3076, 4.000000000000001776 ) ;
#2093 = CARTESIAN_POINT ( 'NONE',  ( 0.0000000000000000000, -6.349999999999998757, 4.799999999999999822 ) ) ;
#2094 = FACE_OUTER_BOUND ( 'NONE', #263, .T. ) ;
#2095 = VECTOR ( 'NONE', #2903, 1000.000000000000000 ) ;
#2096 = VERTEX_POINT ( 'NONE', #2300 ) ;
#2097 = CARTESIAN_POINT ( 'NONE',  ( -1.500000000000002220, 2.950000000000000178, 3.299999999999999378 ) ) ;
#2098 = VERTEX_POINT ( 'NONE', #1112 ) ;
#2099 = VECTOR ( 'NONE', #497, 1000.000000000000000 ) ;
#2100 = ORIENTED_EDGE ( 'NONE', *, *, #3536, .T. ) ;
#2101 = CARTESIAN_POINT ( 'NONE',  ( -0.9000000000000000222, -1.399999999994816058, -0.6000000000000000888 ) ) ;
#2102 = EDGE_CURVE ( 'NONE', #3682, #2850, #1680, .T. ) ;
#2103 = ORIENTED_EDGE ( 'NONE', *, *, #902, .F. ) ;
#2104 = AXIS2_PLACEMENT_3D ( 'NONE', #148, #1326, #2517 ) ;
#2105 = CARTESIAN_POINT ( 'NONE',  ( -2.500000000000002220, 6.349999999999996980, 4.799999999999999822 ) ) ;
#2106 = EDGE_CURVE ( 'NONE', #2752, #2059, #236, .T. ) ;
#2107 = ORIENTED_EDGE ( 'NONE', *, *, #188, .T. ) ;
#2108 = DIRECTION ( 'NONE',  ( 0.0000000000000000000, 0.0000000000000000000, -1.000000000000000000 ) ) ;
#2109 = VECTOR ( 'NONE', #2165, 1000.000000000000000 ) ;
#2110 = VERTEX_POINT ( 'NONE', #531 ) ;
#2111 = CARTESIAN_POINT ( 'NONE',  ( -1.294138467812655513, -3.200000000000000622, 0.0000000000000000000 ) ) ;
#2112 = CARTESIAN_POINT ( 'NONE',  ( -1.141848732774663810, -2.841848732774663766, -1.000000000000000000 ) ) ;
#2113 = CARTESIAN_POINT ( 'NONE',  ( 0.0000000000000000000, 0.0000000000000000000, 4.299999999999999822 ) ) ;
#2114 = ORIENTED_EDGE ( 'NONE', *, *, #899, .F. ) ;
#2115 = EDGE_CURVE ( 'NONE', #2096, #2601, #3174, .T. ) ;
#2116 = DIRECTION ( 'NONE',  ( -0.0000000000000000000, -0.0000000000000000000, -1.000000000000000000 ) ) ;
#2117 = CARTESIAN_POINT ( 'NONE',  ( 2.450000000000001066, -5.299999999975159248, 4.400000000000000355 ) ) ;
#2118 = AXIS2_PLACEMENT_3D ( 'NONE', #2728, #79, #1250 ) ;
#2119 = DIRECTION ( 'NONE',  ( 0.9961946980917455452, -2.541356366799087033E-16, -0.08715574274765836016 ) ) ;
#2120 = ORIENTED_EDGE ( 'NONE', *, *, #709, .F. ) ;
#2121 = CIRCLE ( 'NONE', #458, 0.9000000000000000222 ) ;
#2122 = VECTOR ( 'NONE', #2842, 1000.000000000000000 ) ;
#2123 = SURFACE_STYLE_USAGE ( .BOTH. , #939 ) ;
#2124 = FACE_OUTER_BOUND ( 'NONE', #3656, .T. ) ;
#2125 = ORIENTED_EDGE ( 'NONE', *, *, #333, .F. ) ;
#2126 = PLANE ( 'NONE',  #127 ) ;
#2127 = VERTEX_POINT ( 'NONE', #3712 ) ;
#2128 = ADVANCED_FACE ( 'NONE', ( #2839 ), #187, .F. ) ;
#2129 = DIRECTION ( 'NONE',  ( 0.0000000000000000000, 0.0000000000000000000, 1.000000000000000000 ) ) ;
#2130 = CARTESIAN_POINT ( 'NONE',  ( 0.0000000000000000000, 0.0000000000000000000, 5.299999999999999822 ) ) ;
#2131 = SURFACE_STYLE_USAGE ( .BOTH. , #951 ) ;
#2132 = ORIENTED_EDGE ( 'NONE', *, *, #1592, .T. ) ;
#2133 = CARTESIAN_POINT ( 'NONE',  ( -1.229245101670590978, 1.893657422652373912, -1.000000000000000000 ) ) ;
#2134 = ORIENTED_EDGE ( 'NONE', *, *, #2912, .F. ) ;
#2135 = EDGE_CURVE ( 'NONE', #1579, #2143, #997, .T. ) ;
#2136 = ORIENTED_EDGE ( 'NONE', *, *, #902, .T. ) ;
#2137 = ORIENTED_EDGE ( 'NONE', *, *, #2135, .T. ) ;
#2138 = DIRECTION ( 'NONE',  ( -0.0000000000000000000, -0.0000000000000000000, -1.000000000000000000 ) ) ;
#2139 = PLANE ( 'NONE',  #1856 ) ;
#2140 = EDGE_CURVE ( 'NONE', #616, #540, #3146, .T. ) ;
#2141 = PRODUCT_DEFINITION_FORMATION_WITH_SPECIFIED_SOURCE ( '任何', '', #434, .NOT_KNOWN. ) ;
#2142 = CARTESIAN_POINT ( 'NONE',  ( 3.500000000001252332, 5.000000000000000000, 2.199999999999999734 ) ) ;
#2143 = VERTEX_POINT ( 'NONE', #777 ) ;
#2144 = DIRECTION ( 'NONE',  ( 1.000000000000000000, 0.0000000000000000000, 0.0000000000000000000 ) ) ;
#2145 = CARTESIAN_POINT ( 'NONE',  ( 2.981555974335137194E-16, 1.684615384615384404, -0.8174311485495318053 ) ) ;
#2146 = EDGE_LOOP ( 'NONE', ( #1269, #408, #1545, #470 ) ) ;
#2147 = ORIENTED_EDGE ( 'NONE', *, *, #2570, .T. ) ;
#2148 = LINE ( 'NONE', #3316, #2689 ) ;
#2149 = CARTESIAN_POINT ( 'NONE',  ( 2.200000000000000622, -2.449999999977694021, 0.0000000000000000000 ) ) ;
#2150 = CARTESIAN_POINT ( 'NONE',  ( 0.9000000000000000222, 1.102182119232617788E-16, 0.4000000000000000222 ) ) ;
#2151 =( GEOMETRIC_REPRESENTATION_CONTEXT ( 3 ) GLOBAL_UNCERTAINTY_ASSIGNED_CONTEXT ( ( #1736 ) ) GLOBAL_UNIT_ASSIGNED_CONTEXT ( ( #3411, #2659, #3534 ) ) REPRESENTATION_CONTEXT ( 'NONE', 'WORKASPACE' ) );
#2152 = EDGE_CURVE ( 'NONE', #3507, #3480, #3413, .T. ) ;
#2153 = EDGE_CURVE ( 'NONE', #161, #907, #3693, .T. ) ;
#2154 = CIRCLE ( 'NONE', #3619, 1.515384615384615552 ) ;
#2155 = ORIENTED_EDGE ( 'NONE', *, *, #773, .F. ) ;
#2156 = ORIENTED_EDGE ( 'NONE', *, *, #1858, .F. ) ;
#2157 = FACE_OUTER_BOUND ( 'NONE', #2005, .T. ) ;
#2158 = PLANE ( 'NONE',  #861 ) ;
#2159 = PRODUCT_DEFINITION_SHAPE ( 'NONE', 'NONE',  #3808 ) ;
#2160 = AXIS2_PLACEMENT_3D ( 'NONE', #3489, #858, #2045 ) ;
#2161 = CARTESIAN_POINT ( 'NONE',  ( 1.282199884191092210, -2.982199884191092831, -0.8245582693234959626 ) ) ;
#2162 = FACE_OUTER_BOUND ( 'NONE', #2389, .T. ) ;
#2163 = ORIENTED_EDGE ( 'NONE', *, *, #1530, .T. ) ;
#2164 = EDGE_LOOP ( 'NONE', ( #1669, #895, #1018, #1756 ) ) ;
#2165 = DIRECTION ( 'NONE',  ( 0.0000000000000000000, 1.000000000000000000, 0.0000000000000000000 ) ) ;
#2166 = ORIENTED_EDGE ( 'NONE', *, *, #3557, .T. ) ;
#2167 = DIRECTION ( 'NONE',  ( 1.000000000000000000, 0.0000000000000000000, 0.0000000000000000000 ) ) ;
#2168 = DIRECTION ( 'NONE',  ( 0.0000000000000000000, 0.0000000000000000000, 1.000000000000000000 ) ) ;
#2169 = DIRECTION ( 'NONE',  ( -0.0000000000000000000, -0.0000000000000000000, -1.000000000000000000 ) ) ;
#2170 = LINE ( 'NONE', #986, #2522 ) ;
#2171 = FACE_BOUND ( 'NONE', #2380, .T. ) ;
#2172 = VECTOR ( 'NONE', #937, 1000.000000000000000 ) ;
#2173 = ORIENTED_EDGE ( 'NONE', *, *, #1949, .F. ) ;
#2174 = PLANE ( 'NONE',  #3031 ) ;
#2175 = LINE ( 'NONE', #3344, #3681 ) ;
#2176 = VECTOR ( 'NONE', #1707, 1000.000000000000000 ) ;
#2177 =( NAMED_UNIT ( * ) PLANE_ANGLE_UNIT ( ) SI_UNIT ( $, .RADIAN. ) );
#2178 = CIRCLE ( 'NONE', #516, 0.5000000000000000000 ) ;
#2179 = ADVANCED_FACE ( 'NONE', ( #168, #2820 ), #1639, .F. ) ;
#2180 = EDGE_LOOP ( 'NONE', ( #1278, #3020, #995, #2612, #2147, #37, #3440, #2741 ) ) ;
#2181 = CARTESIAN_POINT ( 'NONE',  ( -1.229245101670591422, -2.630386692243066982, -1.000000000000000000 ) ) ;
#2182 = AXIS2_PLACEMENT_3D ( 'NONE', #2093, #1152, #3787 ) ;
#2183 = ORIENTED_EDGE ( 'NONE', *, *, #3485, .F. ) ;
#2184 = VERTEX_POINT ( 'NONE', #3783 ) ;
#2185 = DIRECTION ( 'NONE',  ( -0.0000000000000000000, -1.000000000000000000, -0.0000000000000000000 ) ) ;
#2186 = EDGE_CURVE ( 'NONE', #2059, #77, #821, .T. ) ;
#2187 = ORIENTED_EDGE ( 'NONE', *, *, #695, .F. ) ;
#2188 = VERTEX_POINT ( 'NONE', #868 ) ;
#2189 = VECTOR ( 'NONE', #2507, 1000.000000000000000 ) ;
#2190 = DIRECTION ( 'NONE',  ( 0.0000000000000000000, -1.000000000000000000, 0.0000000000000000000 ) ) ;
#2191 = DIRECTION ( 'NONE',  ( -2.731847993664264205E-16, 1.000000000000000000, -0.0000000000000000000 ) ) ;
#2192 = ORIENTED_EDGE ( 'NONE', *, *, #1836, .T. ) ;
#2193 = DIRECTION ( 'NONE',  ( 0.0000000000000000000, 0.0000000000000000000, 1.000000000000000000 ) ) ;
#2194 = EDGE_CURVE ( 'NONE', #3621, #2436, #1303, .T. ) ;
#2195 = ORIENTED_EDGE ( 'NONE', *, *, #1705, .T. ) ;
#2196 = DIRECTION ( 'NONE',  ( -0.0000000000000000000, -0.0000000000000000000, 1.000000000000000000 ) ) ;
#2197 = DIRECTION ( 'NONE',  ( 0.0000000000000000000, 0.0000000000000000000, 1.000000000000000000 ) ) ;
#2198 = CARTESIAN_POINT ( 'NONE',  ( 1.452322682482054539, 1.896574300304797234, -0.5449542328854859452 ) ) ;
#2199 = CARTESIAN_POINT ( 'NONE',  ( 44.84270711785296015, -13.72992998833139033, -1.899999999999999689 ) ) ;
#2200 = VECTOR ( 'NONE', #1249, 1000.000000000000000 ) ;
#2201 = ORIENTED_EDGE ( 'NONE', *, *, #3598, .F. ) ;
#2202 = LINE ( 'NONE', #3369, #201 ) ;
#2203 = EDGE_CURVE ( 'NONE', #933, #2567, #1754, .T. ) ;
#2204 = CARTESIAN_POINT ( 'NONE',  ( 0.0000000000000000000, 0.0000000000000000000, 0.4000000000000000222 ) ) ;
#2205 =( BOUNDED_SURFACE ( )  B_SPLINE_SURFACE ( 3, 2, ( 
 ( #2056, #872, #3506 ),
 ( #2335, #3542, #2353 ),
 ( #3521, #888, #268 ),
 ( #2913, #1735, #558 ) ),
 .UNSPECIFIED., .F., .F., .T. ) 
 B_SPLINE_SURFACE_WITH_KNOTS ( ( 4, 4 ),
 ( 3, 3 ),
 ( 2.710505431213759606E-16, 0.7816000651241665764 ),
 ( 0.0000000000000000000, 1.000000000000000000 ),
 .UNSPECIFIED. ) 
 GEOMETRIC_REPRESENTATION_ITEM ( )  RATIONAL_B_SPLINE_SURFACE ( (
 ( 1.000000000000000000, 0.7492634205062600472, 1.000000000000000000),
 ( 1.000000000000000000, 0.7493005499708272898, 1.000000000000000000),
 ( 1.000000000000000000, 0.7449550586513156158, 1.000000000000000000),
 ( 1.000000000000000000, 0.7372773368101238622, 1.000000000000000000) ) ) 
 REPRESENTATION_ITEM ( '' )  SURFACE ( )  );
#2206 = ORIENTED_EDGE ( 'NONE', *, *, #1441, .T. ) ;
#2207 = DIRECTION ( 'NONE',  ( 0.0000000000000000000, 0.0000000000000000000, 1.000000000000000000 ) ) ;
#2208 = LINE ( 'NONE', #318, #1464 ) ;
#2209 = LINE ( 'NONE', #3375, #3090 ) ;
#2210 = ORIENTED_EDGE ( 'NONE', *, *, #2405, .F. ) ;
#2211 = PLANE ( 'NONE',  #3558 ) ;
#2212 = CYLINDRICAL_SURFACE ( 'NONE', #2890, 0.2500000000000002220 ) ;
#2213 = AXIS2_PLACEMENT_3D ( 'NONE', #1354, #2539, #3700 ) ;
#2214 = CARTESIAN_POINT ( 'NONE',  ( 0.0000000000000000000, 0.0000000000000000000, 0.0000000000000000000 ) ) ;
#2215 = VECTOR ( 'NONE', #1917, 1000.000000000000000 ) ;
#2216 = DIRECTION ( 'NONE',  ( 0.0000000000000000000, 0.0000000000000000000, 1.000000000000000000 ) ) ;
#2217 = ORIENTED_EDGE ( 'NONE', *, *, #2252, .T. ) ;
#2218 = CARTESIAN_POINT ( 'NONE',  ( 3.500000000000003553, -6.349999999999997868, 1.699999999999999734 ) ) ;
#2219 = CARTESIAN_POINT ( 'NONE',  ( 2.500000000000002220, 6.349999999999998757, 0.3999999999999993006 ) ) ;
#2220 = CIRCLE ( 'NONE', #57, 0.4000000000000000222 ) ;
#2221 = ORIENTED_EDGE ( 'NONE', *, *, #1337, .F. ) ;
#2222 = EDGE_CURVE ( 'NONE', #3800, #711, #132, .T. ) ;
#2223 = PLANE ( 'NONE',  #2416 ) ;
#2224 = EDGE_CURVE ( 'NONE', #2311, #3019, #1791, .T. ) ;
#2225 = DIRECTION ( 'NONE',  ( -0.0000000000000000000, -0.0000000000000000000, 1.000000000000000000 ) ) ;
#2226 = DIRECTION ( 'NONE',  ( 0.7071067811865469066, 0.7071067811865480168, 0.0000000000000000000 ) ) ;
#2227 = DIRECTION ( 'NONE',  ( 1.495451272393800528E-16, 1.000000000000000000, -0.0000000000000000000 ) ) ;
#2228 = CARTESIAN_POINT ( 'NONE',  ( 2.000000000000001776, -2.450000000000000178, 3.299999999999999378 ) ) ;
#2229 = EDGE_CURVE ( 'NONE', #3105, #468, #2322, .T. ) ;
#2230 = VECTOR ( 'NONE', #2980, 1000.000000000000000 ) ;
#2231 = ORIENTED_EDGE ( 'NONE', *, *, #3373, .T. ) ;
#2232 = CARTESIAN_POINT ( 'NONE',  ( 0.0000000000000000000, 6.349999999999998757, 1.699999999999999734 ) ) ;
#2233 = CARTESIAN_POINT ( 'NONE',  ( 3.001123811401384955, -5.000000000000000000, 1.699999999999999734 ) ) ;
#2234 = TOROIDAL_SURFACE ( 'NONE', #563, 2.200000000000000622, 0.2500000000000000000 ) ;
#2235 = ADVANCED_FACE ( 'NONE', ( #2396 ), #630, .T. ) ;
#2236 = FACE_OUTER_BOUND ( 'NONE', #2817, .T. ) ;
#2237 = CIRCLE ( 'NONE', #1366, 0.2999999999999990452 ) ;
#2238 = DIRECTION ( 'NONE',  ( 0.7071067811865476838, 0.7071067811865473507, 0.0000000000000000000 ) ) ;
#2239 = DIRECTION ( 'NONE',  ( 0.0000000000000000000, 0.0000000000000000000, 1.000000000000000000 ) ) ;
#2240 = DIRECTION ( 'NONE',  ( 0.0000000000000000000, 0.0000000000000000000, 1.000000000000000000 ) ) ;
#2241 = VERTEX_POINT ( 'NONE', #1824 ) ;
#2242 = DIRECTION ( 'NONE',  ( 4.486353817181398134E-16, -1.000000000000000000, -0.0000000000000000000 ) ) ;
#2243 = AXIS2_PLACEMENT_3D ( 'NONE', #431, #1603, #2781 ) ;
#2244 = DIRECTION ( 'NONE',  ( -1.000000000000000000, -0.0000000000000000000, -0.0000000000000000000 ) ) ;
#2245 = AXIS2_PLACEMENT_3D ( 'NONE', #1023, #53, #2700 ) ;
#2246 = DIRECTION ( 'NONE',  ( -0.0000000000000000000, -0.0000000000000000000, 1.000000000000000000 ) ) ;
#2247 =( GEOMETRIC_REPRESENTATION_CONTEXT ( 3 ) GLOBAL_UNCERTAINTY_ASSIGNED_CONTEXT ( ( #2665 ) ) GLOBAL_UNIT_ASSIGNED_CONTEXT ( ( #2492, #2832, #3122 ) ) REPRESENTATION_CONTEXT ( 'NONE', 'WORKASPACE' ) );
#2248 = CARTESIAN_POINT ( 'NONE',  ( 1.229245101670590978, -2.614413987428203967, -1.000000000000000000 ) ) ;
#2249 = ORIENTED_EDGE ( 'NONE', *, *, #414, .T. ) ;
#2250 = CYLINDRICAL_SURFACE ( 'NONE', #3680, 4.000000000000001776 ) ;
#2251 = CARTESIAN_POINT ( 'NONE',  ( 1.428484041288939910, -2.630386692243067870, -0.8174311485495316942 ) ) ;
#2252 = EDGE_CURVE ( 'NONE', #717, #2127, #1640, .T. ) ;
#2253 = CARTESIAN_POINT ( 'NONE',  ( -1.428484041288940132, 1.894829659837395486, -0.8174311485495313612 ) ) ;
#2254 = ORIENTED_EDGE ( 'NONE', *, *, #1367, .T. ) ;
#2255 = EDGE_CURVE ( 'NONE', #2184, #2708, #1115, .T. ) ;
#2256 = SHAPE_DEFINITION_REPRESENTATION ( #114, #1535 ) ;
#2257 = LINE ( 'NONE', #3425, #3650 ) ;
#2258 = VERTEX_POINT ( 'NONE', #1846 ) ;
#2259 = DIRECTION ( 'NONE',  ( 0.0000000000000000000, 0.0000000000000000000, -1.000000000000000000 ) ) ;
#2260 = ORIENTED_EDGE ( 'NONE', *, *, #3032, .T. ) ;
#2261 = CARTESIAN_POINT ( 'NONE',  ( -1.500000000000001998, 2.450000000000000178, 4.799999999999999822 ) ) ;
#2262 =( GEOMETRIC_REPRESENTATION_CONTEXT ( 3 ) GLOBAL_UNCERTAINTY_ASSIGNED_CONTEXT ( ( #2821 ) ) GLOBAL_UNIT_ASSIGNED_CONTEXT ( ( #1772, #437, #2477 ) ) REPRESENTATION_CONTEXT ( 'NONE', 'WORKASPACE' ) );
#2263 = ORIENTED_EDGE ( 'NONE', *, *, #2269, .T. ) ;
#2264 = DIRECTION ( 'NONE',  ( 0.0000000000000000000, 0.0000000000000000000, -1.000000000000000000 ) ) ;
#2265 = VERTEX_POINT ( 'NONE', #3012 ) ;
#2266 = ORIENTED_EDGE ( 'NONE', *, *, #1687, .F. ) ;
#2267 = ADVANCED_FACE ( 'NONE', ( #377 ), #1548, .T. ) ;
#2268 = PLANE ( 'NONE',  #554 ) ;
#2269 = EDGE_CURVE ( 'NONE', #1582, #1501, #2441, .T. ) ;
#2270 = DIRECTION ( 'NONE',  ( 4.486353817181404050E-16, -1.000000000000000000, 0.0000000000000000000 ) ) ;
#2271 = VERTEX_POINT ( 'NONE', #2149 ) ;
#2272 = ITEM_DEFINED_TRANSFORMATION ( 'NONE', 'NONE', #3482,  #594 ) ;
#2273 = DIRECTION ( 'NONE',  ( 0.7071067811865470176, 8.659560562354926695E-17, -0.7071067811865481278 ) ) ;
#2274 = DIRECTION ( 'NONE',  ( -1.024442997624099077E-16, 1.000000000000000000, -0.0000000000000000000 ) ) ;
#2275 = AXIS2_PLACEMENT_3D ( 'NONE', #1748, #2828, #179 ) ;
#2276 = CARTESIAN_POINT ( 'NONE',  ( 2.000000000000001776, -2.450000000000000178, 3.299999999999999378 ) ) ;
#2277 = VERTEX_POINT ( 'NONE', #3317 ) ;
#2278 = COLOUR_RGB ( '',1.000000000000000000, 0.0000000000000000000, 0.0000000000000000000 ) ;
#2279 = DIRECTION ( 'NONE',  ( -0.7071067811865470176, 0.0000000000000000000, -0.7071067811865481278 ) ) ;
#2280 = UNCERTAINTY_MEASURE_WITH_UNIT (LENGTH_MEASURE( 1.000000000000000082E-05 ), #2387, 'distance_accuracy_value', 'NONE');
#2281 = ORIENTED_EDGE ( 'NONE', *, *, #2203, .T. ) ;
#2282 = FACE_OUTER_BOUND ( 'NONE', #1471, .T. ) ;
#2283 = CARTESIAN_POINT ( 'NONE',  ( 1.500000000000001776, -2.950000000000000178, 3.299999999999999378 ) ) ;
#2284 = LINE ( 'NONE', #3451, #493 ) ;
#2285 = CARTESIAN_POINT ( 'NONE',  ( 3.001123811401384955, 5.000000000000000000, 2.199999999999999734 ) ) ;
#2286 = CARTESIAN_POINT ( 'NONE',  ( 3.000000000000001776, 6.349999999999997868, 0.2500000000000002220 ) ) ;
#2287 = ORIENTED_EDGE ( 'NONE', *, *, #2697, .F. ) ;
#2288 = VECTOR ( 'NONE', #2723, 1000.000000000000000 ) ;
#2289 = CARTESIAN_POINT ( 'NONE',  ( 1.000000000000000000, 3.457717923282643824, 4.299999999999999822 ) ) ;
#2290 = ORIENTED_EDGE ( 'NONE', *, *, #1775, .T. ) ;
#2291 = EDGE_CURVE ( 'NONE', #2143, #3154, #677, .T. ) ;
#2292 = LINE ( 'NONE', #3462, #826 ) ;
#2293 = AXIS2_PLACEMENT_3D ( 'NONE', #1460, #2643, #3613 ) ;
#2294 = ORIENTED_EDGE ( 'NONE', *, *, #1717, .T. ) ;
#2295 = CARTESIAN_POINT ( 'NONE',  ( 0.9303866922430672481, -3.128484041288940531, -0.8174311485495318053 ) ) ;
#2296 = EDGE_CURVE ( 'NONE', #2495, #1514, #2603, .T. ) ;
#2297 = EDGE_LOOP ( 'NONE', ( #2023, #1938, #663, #1231 ) ) ;
#2298 = CARTESIAN_POINT ( 'NONE',  ( -4.000000000000000888, -6.349999999999999645, 2.199999999999999734 ) ) ;
#2299 = VECTOR ( 'NONE', #1420, 1000.000000000000000 ) ;
#2300 = CARTESIAN_POINT ( 'NONE',  ( -3.500000000000002665, -3.499999999999999556, 2.199999999999999734 ) ) ;
#2301 = CARTESIAN_POINT ( 'NONE',  ( 2.500000000000002220, 3.450000000000000178, 4.799999999999999822 ) ) ;
#2302 = CIRCLE ( 'NONE', #636, 4.000000000000001776 ) ;
#2303 = DIRECTION ( 'NONE',  ( 1.000000000000000000, 0.0000000000000000000, 0.0000000000000000000 ) ) ;
#2304 = CARTESIAN_POINT ( 'NONE',  ( 3.000000000000001776, -6.349999999999997868, 4.799999999999999822 ) ) ;
#2305 = CARTESIAN_POINT ( 'NONE',  ( 3.001123811401384955, 5.000000000000000000, 1.699999999999999734 ) ) ;
#2306 = ORIENTED_EDGE ( 'NONE', *, *, #2229, .T. ) ;
#2307 = CARTESIAN_POINT ( 'NONE',  ( -3.001123811401384955, -3.499999999999999556, 3.780783809238926541 ) ) ;
#2308 = ORIENTED_EDGE ( 'NONE', *, *, #3348, .T. ) ;
#2309 = EDGE_CURVE ( 'NONE', #1204, #379, #3100, .T. ) ;
#2310 = EDGE_LOOP ( 'NONE', ( #1964, #359, #380, #2726, #3186, #1106, #3276, #1871, #1283, #931, #167, #1665, #2120, #1887, #2114, #1886, #649, #2893, #1697, #925 ) ) ;
#2311 = VERTEX_POINT ( 'NONE', #3625 ) ;
#2312 = DIRECTION ( 'NONE',  ( 0.0000000000000000000, 0.0000000000000000000, 1.000000000000000000 ) ) ;
#2313 = CARTESIAN_POINT ( 'NONE',  ( -1.500000000000000888, -2.450000000000000178, 3.299999999999999378 ) ) ;
#2314 = DIRECTION ( 'NONE',  ( 0.0000000000000000000, 0.0000000000000000000, -1.000000000000000000 ) ) ;
#2315 = CIRCLE ( 'NONE', #652, 1.443868656673555684 ) ;
#2316 = CARTESIAN_POINT ( 'NONE',  ( 3.000000000000001776, 6.349999999999997868, 4.799999999999999822 ) ) ;
#2317 = FACE_OUTER_BOUND ( 'NONE', #3696, .T. ) ;
#2318 = AXIS2_PLACEMENT_3D ( 'NONE', #1033, #2216, #3382 ) ;
#2319 = ORIENTED_EDGE ( 'NONE', *, *, #1273, .F. ) ;
#2320 = CARTESIAN_POINT ( 'NONE',  ( -1.141848732774663810, -2.841848732774663766, -1.000000000000000000 ) ) ;
#2321 = CARTESIAN_POINT ( 'NONE',  ( -1.327795952015355496, 1.887345265437331721, -0.9809197033203802540 ) ) ;
#2322 =( BOUNDED_CURVE ( )  B_SPLINE_CURVE ( 3, ( #3568, #926, #2111, #3277 ),
 .UNSPECIFIED., .F., .F. ) 
 B_SPLINE_CURVE_WITH_KNOTS ( ( 4, 4 ),
 ( 5.501585242055420544, 7.064785372303753697 ),
 .UNSPECIFIED. ) 
 CURVE ( )  GEOMETRIC_REPRESENTATION_ITEM ( )  RATIONAL_B_SPLINE_CURVE ( ( 1.000000000000000000, 0.8065248903853482476, 0.8065248903853482476, 1.000000000000000000 ) ) 
 REPRESENTATION_ITEM ( '' )  );
#2323 = ORIENTED_EDGE ( 'NONE', *, *, #1860, .F. ) ;
#2324 = CARTESIAN_POINT ( 'NONE',  ( 0.0000000000000000000, 0.0000000000000000000, 7.799999999999999822 ) ) ;
#2325 = DIRECTION ( 'NONE',  ( -1.440101941186149171E-16, -0.9961946980917455452, -0.08715574274765836016 ) ) ;
#2326 = CARTESIAN_POINT ( 'NONE',  ( 0.0000000000000000000, 1.399999999994816058, -0.6000000000000000888 ) ) ;
#2327 = ORIENTED_EDGE ( 'NONE', *, *, #2466, .F. ) ;
#2328 = ORIENTED_EDGE ( 'NONE', *, *, #2194, .F. ) ;
#2329 = DIRECTION ( 'NONE',  ( 0.0000000000000000000, 0.0000000000000000000, 1.000000000000000000 ) ) ;
#2330 = CIRCLE ( 'NONE', #174, 0.2500000000000000000 ) ;
#2331 = CARTESIAN_POINT ( 'NONE',  ( -3.000000000000002665, 6.349999999999996092, 0.2500000000000002220 ) ) ;
#2332 = CARTESIAN_POINT ( 'NONE',  ( 0.0000000000000000000, 6.349999999999998757, 1.199999999999999956 ) ) ;
#2333 = TOROIDAL_SURFACE ( 'NONE', #175, 2.200000000000000622, 0.2500000000000000000 ) ;
#2334 = ORIENTED_EDGE ( 'NONE', *, *, #2031, .F. ) ;
#2335 = CARTESIAN_POINT ( 'NONE',  ( 1.189543075285681484, -3.074856693080863401, -0.8245582694128777979 ) ) ;
#2336 = LINE ( 'NONE', #3381, #797 ) ;
#2337 = AXIS2_PLACEMENT_3D ( 'NONE', #2885, #238, #1416 ) ;
#2338 = ORIENTED_EDGE ( 'NONE', *, *, #1950, .T. ) ;
#2339 = DIRECTION ( 'NONE',  ( 0.0000000000000000000, 0.0000000000000000000, -1.000000000000000000 ) ) ;
#2340 = ORIENTED_EDGE ( 'NONE', *, *, #1169, .T. ) ;
#2341 = CARTESIAN_POINT ( 'NONE',  ( 1.355294264511525126, -2.878407177562643415, -1.000000000000025535 ) ) ;
#2342 = PLANE ( 'NONE',  #3611 ) ;
#2343 = EDGE_CURVE ( 'NONE', #2188, #1262, #3591, .T. ) ;
#2344 = CARTESIAN_POINT ( 'NONE',  ( 0.0000000000000000000, -6.349999999999998757, 4.799999999999999822 ) ) ;
#2345 = DIRECTION ( 'NONE',  ( -0.0000000000000000000, 1.000000000000000000, -0.0000000000000000000 ) ) ;
#2346 = CYLINDRICAL_SURFACE ( 'NONE', #606, 0.2000000000000000944 ) ;
#2347 = EDGE_CURVE ( 'NONE', #3477, #352, #698, .T. ) ;
#2348 = CARTESIAN_POINT ( 'NONE',  ( 2.000000000000001776, -2.450000000000000178, 3.299999999999999378 ) ) ;
#2349 = DIRECTION ( 'NONE',  ( 0.0000000000000000000, 0.0000000000000000000, 1.000000000000000000 ) ) ;
#2350 = VERTEX_POINT ( 'NONE', #413 ) ;
#2351 = CIRCLE ( 'NONE', #993, 0.2500000000000000000 ) ;
#2352 = DIRECTION ( 'NONE',  ( -0.0000000000000000000, -1.000000000000000000, -0.0000000000000000000 ) ) ;
#2353 = CARTESIAN_POINT ( 'NONE',  ( 1.086253903843432012, -2.897443560668540474, -1.000000000000000000 ) ) ;
#2354 = VECTOR ( 'NONE', #249, 1000.000000000000000 ) ;
#2355 = DIRECTION ( 'NONE',  ( -1.000000000000000000, 0.0000000000000000000, 0.0000000000000000000 ) ) ;
#2356 = EDGE_LOOP ( 'NONE', ( #3065, #2955, #3108, #488 ) ) ;
#2357 = PLANE ( 'NONE',  #2738 ) ;
#2358 = AXIS2_PLACEMENT_3D ( 'NONE', #1003, #3644, #2479 ) ;
#2359 = DIRECTION ( 'NONE',  ( -1.000000000000000000, 0.0000000000000000000, 0.0000000000000000000 ) ) ;
#2360 = ORIENTED_EDGE ( 'NONE', *, *, #414, .F. ) ;
#2361 = CARTESIAN_POINT ( 'NONE',  ( -3.001123811401384955, 5.000000000000000000, 3.780783809238926541 ) ) ;
#2362 = ORIENTED_EDGE ( 'NONE', *, *, #2747, .F. ) ;
#2363 = DIRECTION ( 'NONE',  ( -0.0000000000000000000, -0.0000000000000000000, -1.000000000000000000 ) ) ;
#2364 = VECTOR ( 'NONE', #445, 1000.000000000000000 ) ;
#2365 = PRODUCT_DEFINITION ( '未知', '', #2141, #3204 ) ;
#2366 = CONICAL_SURFACE ( 'NONE', #703, 1.515384615384615552, 0.08726646259971666819 ) ;
#2367 = EDGE_LOOP ( 'NONE', ( #2107, #2483, #2683, #3620 ) ) ;
#2368 = EDGE_CURVE ( 'NONE', #3410, #3029, #2429, .T. ) ;
#2369 = DIRECTION ( 'NONE',  ( 1.000000000000000000, -0.0000000000000000000, 0.0000000000000000000 ) ) ;
#2370 = DIRECTION ( 'NONE',  ( 1.000000000000000000, 0.0000000000000000000, -0.0000000000000000000 ) ) ;
#2371 = VECTOR ( 'NONE', #1098, 1000.000000000000000 ) ;
#2372 = EDGE_CURVE ( 'NONE', #2667, #717, #1286, .T. ) ;
#2373 = CARTESIAN_POINT ( 'NONE',  ( 3.500000000001252332, -5.000000000000000000, 3.780783809238926541 ) ) ;
#2374 = DIRECTION ( 'NONE',  ( 0.0000000000000000000, -0.0000000000000000000, -1.000000000000000000 ) ) ;
#2375 = ORIENTED_EDGE ( 'NONE', *, *, #1130, .T. ) ;
#2376 = CARTESIAN_POINT ( 'NONE',  ( 1.229245101670590978, -2.630386692243067870, -0.8000000000000000444 ) ) ;
#2377 = CARTESIAN_POINT ( 'NONE',  ( 0.0000000000000000000, -1.399999999994816058, -1.000000000000000000 ) ) ;
#2378 = EDGE_LOOP ( 'NONE', ( #1758, #173, #1507, #2712 ) ) ;
#2379 = CARTESIAN_POINT ( 'NONE',  ( 3.500000000000003553, -6.349999999999998757, 2.199999999999999734 ) ) ;
#2380 = EDGE_LOOP ( 'NONE', ( #3645, #1141 ) ) ;
#2381 = EDGE_CURVE ( 'NONE', #161, #1123, #1240, .T. ) ;
#2382 = PRESENTATION_LAYER_ASSIGNMENT (  '', '', ( #225 ) ) ;
#2383 = ORIENTED_EDGE ( 'NONE', *, *, #695, .T. ) ;
#2384 = FACE_OUTER_BOUND ( 'NONE', #2064, .T. ) ;
#2385 = CARTESIAN_POINT ( 'NONE',  ( -2.000000000000001776, 2.450000000000000178, 3.299999999999999378 ) ) ;
#2386 = EDGE_CURVE ( 'NONE', #1718, #260, #719, .T. ) ;
#2387 =( LENGTH_UNIT ( ) NAMED_UNIT ( * ) SI_UNIT ( .MILLI., .METRE. ) );
#2388 = ORIENTED_EDGE ( 'NONE', *, *, #1775, .F. ) ;
#2389 = EDGE_LOOP ( 'NONE', ( #3293, #1384, #998, #2621 ) ) ;
#2390 = LINE ( 'NONE', #1202, #2737 ) ;
#2391 = EDGE_LOOP ( 'NONE', ( #1531, #3447 ) ) ;
#2392 = EDGE_CURVE ( 'NONE', #1684, #390, #80, .T. ) ;
#2393 = DIRECTION ( 'NONE',  ( 0.0000000000000000000, 1.000000000000000000, 0.0000000000000000000 ) ) ;
#2394 = ORIENTED_EDGE ( 'NONE', *, *, #3346, .F. ) ;
#2395 = AXIS2_PLACEMENT_3D ( 'NONE', #2806, #152, #1330 ) ;
#2396 = FACE_OUTER_BOUND ( 'NONE', #3255, .T. ) ;
#2397 = CARTESIAN_POINT ( 'NONE',  ( -1.086253903843378943, -2.897443560668517826, -1.000000000000000000 ) ) ;
#2398 = AXIS2_PLACEMENT_3D ( 'NONE', #1629, #2807, #154 ) ;
#2399 = ORIENTED_EDGE ( 'NONE', *, *, #31, .T. ) ;
#2400 = DIRECTION ( 'NONE',  ( -0.0000000000000000000, 0.0000000000000000000, 1.000000000000000000 ) ) ;
#2401 = VERTEX_POINT ( 'NONE', #129 ) ;
#2402 = AXIS2_PLACEMENT_3D ( 'NONE', #582, #1762, #2939 ) ;
#2403 = DIRECTION ( 'NONE',  ( -2.731847993664264205E-16, 1.000000000000000000, 0.0000000000000000000 ) ) ;
#2404 = PLANE ( 'NONE',  #560 ) ;
#2405 = EDGE_CURVE ( 'NONE', #724, #786, #570, .T. ) ;
#2406 = LINE ( 'NONE', #3576, #2172 ) ;
#2407 = ORIENTED_EDGE ( 'NONE', *, *, #1958, .T. ) ;
#2408 = EDGE_CURVE ( 'NONE', #2708, #455, #2412, .T. ) ;
#2409 = FILL_AREA_STYLE ('',( #1217 ) ) ;
#2410 = AXIS2_PLACEMENT_3D ( 'NONE', #277, #1455, #2637 ) ;
#2411 = CARTESIAN_POINT ( 'NONE',  ( 0.0000000000000000000, -1.399999999994816058, 0.0000000000000000000 ) ) ;
#2412 = LINE ( 'NONE', #3584, #1060 ) ;
#2413 = ORIENTED_EDGE ( 'NONE', *, *, #2787, .T. ) ;
#2414 = ADVANCED_FACE ( 'NONE', ( #2124 ), #3290, .T. ) ;
#2415 = DIRECTION ( 'NONE',  ( 0.0000000000000000000, 0.0000000000000000000, 1.000000000000000000 ) ) ;
#2416 = AXIS2_PLACEMENT_3D ( 'NONE', #3389, #754, #1941 ) ;
#2417 = ORIENTED_EDGE ( 'NONE', *, *, #2453, .T. ) ;
#2418 = DIRECTION ( 'NONE',  ( 0.0000000000000000000, 0.0000000000000000000, 1.000000000000000000 ) ) ;
#2419 = CARTESIAN_POINT ( 'NONE',  ( 1.327795952015357273, 1.887345265437323949, -0.9809197033203802540 ) ) ;
#2420 = AXIS2_PLACEMENT_3D ( 'NONE', #3565, #924, #2108 ) ;
#2421 = EDGE_CURVE ( 'NONE', #2959, #56, #370, .T. ) ;
#2422 = FILL_AREA_STYLE ('',( #1228 ) ) ;
#2423 = VERTEX_POINT ( 'NONE', #72 ) ;
#2424 = CARTESIAN_POINT ( 'NONE',  ( 3.500000000000002220, 6.349999999999997868, 1.699999999999999734 ) ) ;
#2425 = ORIENTED_EDGE ( 'NONE', *, *, #3189, .F. ) ;
#2426 = ORIENTED_EDGE ( 'NONE', *, *, #2908, .T. ) ;
#2427 = ORIENTED_EDGE ( 'NONE', *, *, #2926, .F. ) ;
#2428 = CARTESIAN_POINT ( 'NONE',  ( 0.0000000000000000000, 6.349999999999998757, 4.799999999999999822 ) ) ;
#2429 = CIRCLE ( 'NONE', #761, 0.2500000000000000000 ) ;
#2430 = CARTESIAN_POINT ( 'NONE',  ( 3.000384657911015863E-16, -2.450000000000000178, 0.2500000000000002220 ) ) ;
#2431 = AXIS2_PLACEMENT_3D ( 'NONE', #1221, #3112, #1945 ) ;
#2432 = COLOUR_RGB ( '',1.000000000000000000, 1.000000000000000000, 0.0000000000000000000 ) ;
#2433 =( NAMED_UNIT ( * ) SI_UNIT ( $, .STERADIAN. ) SOLID_ANGLE_UNIT ( ) );
#2434 = LINE ( 'NONE', #3604, #2061 ) ;
#2435 = DIRECTION ( 'NONE',  ( 0.0000000000000000000, 1.000000000000000000, -0.0000000000000000000 ) ) ;
#2436 = VERTEX_POINT ( 'NONE', #1241 ) ;
#2437 = EDGE_CURVE ( 'NONE', #2350, #2265, #2434, .T. ) ;
#2438 = DIRECTION ( 'NONE',  ( -0.0000000000000000000, -0.0000000000000000000, -1.000000000000000000 ) ) ;
#2439 = DIRECTION ( 'NONE',  ( -0.0000000000000000000, -0.0000000000000000000, -1.000000000000000000 ) ) ;
#2440 = LINE ( 'NONE', #3608, #536 ) ;
#2441 = LINE ( 'NONE', #3609, #3757 ) ;
#2442 =( NAMED_UNIT ( * ) SI_UNIT ( $, .STERADIAN. ) SOLID_ANGLE_UNIT ( ) );
#2443 = DIRECTION ( 'NONE',  ( -0.0000000000000000000, -0.0000000000000000000, 1.000000000000000000 ) ) ;
#2444 = EDGE_LOOP ( 'NONE', ( #912, #2835, #346, #2970 ) ) ;
#2445 = LINE ( 'NONE', #3615, #685 ) ;
#2446 = DIRECTION ( 'NONE',  ( -1.000000000000000000, 0.0000000000000000000, 0.0000000000000000000 ) ) ;
#2447 = VECTOR ( 'NONE', #3152, 1000.000000000000000 ) ;
#2448 =( NAMED_UNIT ( * ) SI_UNIT ( $, .STERADIAN. ) SOLID_ANGLE_UNIT ( ) );
#2449 = LINE ( 'NONE', #3618, #884 ) ;
#2450 = EDGE_LOOP ( 'NONE', ( #3648, #3789, #714, #2813 ) ) ;
#2451 = VERTEX_POINT ( 'NONE', #2142 ) ;
#2452 = DIRECTION ( 'NONE',  ( -0.0000000000000000000, -0.0000000000000000000, -1.000000000000000000 ) ) ;
#2453 = EDGE_CURVE ( 'NONE', #3540, #3287, #3311, .T. ) ;
#2454 = ORIENTED_EDGE ( 'NONE', *, *, #1913, .F. ) ;
#2455 = CARTESIAN_POINT ( 'NONE',  ( 0.0000000000000000000, 6.349999999999998757, 1.699999999999999734 ) ) ;
#2456 = DIRECTION ( 'NONE',  ( -1.000000000000000000, 0.0000000000000000000, 0.0000000000000000000 ) ) ;
#2457 = DIRECTION ( 'NONE',  ( -0.0000000000000000000, -1.000000000000000000, -0.0000000000000000000 ) ) ;
#2458 = FACE_OUTER_BOUND ( 'NONE', #874, .T. ) ;
#2459 = CARTESIAN_POINT ( 'NONE',  ( 3.500000000000003553, -5.000000000000000888, 2.199999999999999734 ) ) ;
#2460 = AXIS2_PLACEMENT_3D ( 'NONE', #1070, #2259, #3428 ) ;
#2461 = ADVANCED_FACE ( 'NONE', ( #3026 ), #388, .T. ) ;
#2462 = EDGE_LOOP ( 'NONE', ( #2979, #134, #329, #1895 ) ) ;
#2463 = VERTEX_POINT ( 'NONE', #1258 ) ;
#2464 = CARTESIAN_POINT ( 'NONE',  ( 2.450000000000000622, -2.449999999975159160, 4.150000000000000355 ) ) ;
#2465 = LINE ( 'NONE', #3634, #2041 ) ;
#2466 = EDGE_CURVE ( 'NONE', #3114, #1539, #2449, .T. ) ;
#2467 = AXIS2_PLACEMENT_3D ( 'NONE', #472, #1642, #2822 ) ;
#2468 = ADVANCED_FACE ( 'NONE', ( #2162 ), #356, .T. ) ;
#2469 =( LENGTH_UNIT ( ) NAMED_UNIT ( * ) SI_UNIT ( .MILLI., .METRE. ) );
#2470 = ORIENTED_EDGE ( 'NONE', *, *, #3585, .T. ) ;
#2471 = CARTESIAN_POINT ( 'NONE',  ( -1.229245100948067382, -2.709309150500238239, -1.000000000000000000 ) ) ;
#2472 = ORIENTED_EDGE ( 'NONE', *, *, #662, .T. ) ;
#2473 = CARTESIAN_POINT ( 'NONE',  ( -1.000000000000000222, 3.457717923282643824, 4.299999999999999822 ) ) ;
#2474 = AXIS2_PLACEMENT_3D ( 'NONE', #814, #2009, #3170 ) ;
#2475 = EDGE_LOOP ( 'NONE', ( #3054, #1820, #16, #1175 ) ) ;
#2476 = CARTESIAN_POINT ( 'NONE',  ( 1.428484041288941242, 1.893657422652371025, -0.8174311485495316942 ) ) ;
#2477 =( NAMED_UNIT ( * ) SI_UNIT ( $, .STERADIAN. ) SOLID_ANGLE_UNIT ( ) );
#2478 = COLOUR_RGB ( '',0.7529411764705882248, 0.7529411764705882248, 0.7529411764705882248 ) ;
#2479 = DIRECTION ( 'NONE',  ( -1.000000000000000000, 0.0000000000000000000, 0.0000000000000000000 ) ) ;
#2480 = ORIENTED_EDGE ( 'NONE', *, *, #170, .F. ) ;
#2481 = PLANE ( 'NONE',  #1552 ) ;
#2482 = ADVANCED_FACE ( 'NONE', ( #3350 ), #712, .T. ) ;
#2483 = ORIENTED_EDGE ( 'NONE', *, *, #2070, .F. ) ;
#2484 = DIRECTION ( 'NONE',  ( -0.0000000000000000000, 0.0000000000000000000, 1.000000000000000000 ) ) ;
#2485 = DIRECTION ( 'NONE',  ( -1.000000000000000000, 0.0000000000000000000, 0.0000000000000000000 ) ) ;
#2486 = EDGE_CURVE ( 'NONE', #3361, #3594, #1372, .T. ) ;
#2487 = DIRECTION ( 'NONE',  ( -1.024442997624099200E-16, 1.000000000000000000, 0.0000000000000000000 ) ) ;
#2488 = AXIS2_PLACEMENT_3D ( 'NONE', #471, #1444, #2622 ) ;
#2489 = CARTESIAN_POINT ( 'NONE',  ( 0.0000000000000000000, 0.0000000000000000000, 0.0000000000000000000 ) ) ;
#2490 = VECTOR ( 'NONE', #1385, 1000.000000000000000 ) ;
#2491 = ORIENTED_EDGE ( 'NONE', *, *, #3373, .F. ) ;
#2492 =( LENGTH_UNIT ( ) NAMED_UNIT ( * ) SI_UNIT ( .MILLI., .METRE. ) );
#2493 = LINE ( 'NONE', #3657, #1879 ) ;
#2494 = VECTOR ( 'NONE', #1108, 1000.000000000000000 ) ;
#2495 = VERTEX_POINT ( 'NONE', #1300 ) ;
#2496 = FACE_BOUND ( 'NONE', #1207, .T. ) ;
#2497 = VECTOR ( 'NONE', #498, 1000.000000000000000 ) ;
#2498 = CYLINDRICAL_SURFACE ( 'NONE', #1064, 3.500000000000003109 ) ;
#2499 = DIRECTION ( 'NONE',  ( 0.0000000000000000000, 0.0000000000000000000, 1.000000000000000000 ) ) ;
#2500 = DIRECTION ( 'NONE',  ( -1.000000000000000000, 0.0000000000000000000, -0.0000000000000000000 ) ) ;
#2501 = LINE ( 'NONE', #3665, #2662 ) ;
#2502 = CARTESIAN_POINT ( 'NONE',  ( 2.200000000000000622, -2.449999999975159160, 0.2500000000000002220 ) ) ;
#2503 = EDGE_CURVE ( 'NONE', #2844, #2258, #2493, .T. ) ;
#2504 = CARTESIAN_POINT ( 'NONE',  ( -3.001123811401384955, 5.000000000000000000, 3.780783809238926541 ) ) ;
#2505 = CARTESIAN_POINT ( 'NONE',  ( -1.282199884191092654, -2.982199884191092387, -0.8245582693234958516 ) ) ;
#2506 = EDGE_CURVE ( 'NONE', #2350, #980, #2202, .T. ) ;
#2507 = DIRECTION ( 'NONE',  ( -0.0000000000000000000, -0.0000000000000000000, -1.000000000000000000 ) ) ;
#2508 = DIRECTION ( 'NONE',  ( 0.0000000000000000000, 0.0000000000000000000, 1.000000000000000000 ) ) ;
#2509 = AXIS2_PLACEMENT_3D ( 'NONE', #412, #110, #984 ) ;
#2510 = LINE ( 'NONE', #3675, #1182 ) ;
#2511 = DIRECTION ( 'NONE',  ( 1.013945871708442777E-11, -1.000000000000000000, 1.013945871708441000E-11 ) ) ;
#2512 = ORIENTED_EDGE ( 'NONE', *, *, #195, .F. ) ;
#2513 = FILL_AREA_STYLE_COLOUR ( '', #2432 ) ;
#2514 = CARTESIAN_POINT ( 'NONE',  ( 3.000000000000001776, -6.349999999999997868, 1.199999999999999956 ) ) ;
#2515 = DIRECTION ( 'NONE',  ( 8.850629979473504779E-17, -1.000000000000000000, 0.0000000000000000000 ) ) ;
#2516 = EDGE_CURVE ( 'NONE', #352, #802, #1922, .T. ) ;
#2517 = DIRECTION ( 'NONE',  ( 1.000000000000000000, 0.0000000000000000000, 0.0000000000000000000 ) ) ;
#2518 = ORIENTED_EDGE ( 'NONE', *, *, #490, .F. ) ;
#2519 = CARTESIAN_POINT ( 'NONE',  ( 0.4899999999999999911, 6.000769315822030986E-17, 5.000000000000000000 ) ) ;
#2520 = AXIS2_PLACEMENT_3D ( 'NONE', #3284, #2116, #643 ) ;
#2521 = DIRECTION ( 'NONE',  ( 0.0000000000000000000, 0.0000000000000000000, 1.000000000000000000 ) ) ;
#2522 = VECTOR ( 'NONE', #3626, 1000.000000000000000 ) ;
#2523 = AXIS2_PLACEMENT_3D ( 'NONE', #2590, #3754, #1113 ) ;
#2524 = DIRECTION ( 'NONE',  ( 1.000000000000000000, 0.0000000000000000000, 0.0000000000000000000 ) ) ;
#2525 = CARTESIAN_POINT ( 'NONE',  ( 1.141848732774663366, -2.841848732774663766, -0.8000000000000000444 ) ) ;
#2526 = VECTOR ( 'NONE', #1576, 1000.000000000000000 ) ;
#2527 =( NAMED_UNIT ( * ) SI_UNIT ( $, .STERADIAN. ) SOLID_ANGLE_UNIT ( ) );
#2528 = DIRECTION ( 'NONE',  ( 4.486353817181398134E-16, -1.000000000000000000, 0.0000000000000000000 ) ) ;
#2529 = AXIS2_PLACEMENT_3D ( 'NONE', #3176, #533, #1710 ) ;
#2530 = DIRECTION ( 'NONE',  ( 0.0000000000000000000, 0.0000000000000000000, -1.000000000000000000 ) ) ;
#2531 = VERTEX_POINT ( 'NONE', #1613 ) ;
#2532 = CYLINDRICAL_SURFACE ( 'NONE', #69, 0.5000000000000000000 ) ;
#2533 = EDGE_LOOP ( 'NONE', ( #2562, #2334, #3528, #2057 ) ) ;
#2534 = CARTESIAN_POINT ( 'NONE',  ( 3.850000000000001865, 6.349999999999998757, 1.199999999999999956 ) ) ;
#2535 = EDGE_CURVE ( 'NONE', #93, #455, #699, .T. ) ;
#2536 = DIRECTION ( 'NONE',  ( -1.000000000000000000, 0.0000000000000000000, 0.0000000000000000000 ) ) ;
#2537 = VECTOR ( 'NONE', #62, 1000.000000000000000 ) ;
#2538 = EDGE_CURVE ( 'NONE', #317, #2667, #2510, .T. ) ;
#2539 = DIRECTION ( 'NONE',  ( 0.0000000000000000000, 1.000000000000000000, 0.0000000000000000000 ) ) ;
#2540 = CARTESIAN_POINT ( 'NONE',  ( 1.282199884191092210, -2.982199884191092831, -0.8245582693234959626 ) ) ;
#2541 = AXIS2_PLACEMENT_3D ( 'NONE', #682, #1873, #3041 ) ;
#2542 = CARTESIAN_POINT ( 'NONE',  ( -3.001123811401384955, 3.499999999999999556, 2.199999999999999734 ) ) ;
#2543 = ORIENTED_EDGE ( 'NONE', *, *, #2102, .T. ) ;
#2544 = APPLICATION_PROTOCOL_DEFINITION ( 'draft international standard', 'automotive_design', 1998, #1891 ) ;
#2546 = LINE ( 'NONE', #3708, #1497 ) ;
#2545 = DIRECTION ( 'NONE',  ( -1.000000000000000000, 0.0000000000000000000, 0.0000000000000000000 ) ) ;
#2547 = VERTEX_POINT ( 'NONE', #2219 ) ;
#2548 = AXIS2_PLACEMENT_3D ( 'NONE', #1558, #2740, #89 ) ;
#2549 = CARTESIAN_POINT ( 'NONE',  ( 0.0000000000000000000, 6.349999999999998757, 4.799999999999999822 ) ) ;
#2550 = CIRCLE ( 'NONE', #887, 0.9000000000000000222 ) ;
#2551 = ADVANCED_FACE ( 'NONE', ( #3387 ), #3343, .T. ) ;
#2552 = ORIENTED_EDGE ( 'NONE', *, *, #2065, .F. ) ;
#2553 = CARTESIAN_POINT ( 'NONE',  ( -0.9303866922430676922, -3.128484041288940087, -0.8174311485495315832 ) ) ;
#2554 = AXIS2_PLACEMENT_3D ( 'NONE', #2332, #271, #2916 ) ;
#2555 = ADVANCED_FACE ( 'NONE', ( #1939 ), #2816, .F. ) ;
#2556 = ORIENTED_EDGE ( 'NONE', *, *, #1546, .T. ) ;
#2557 = CARTESIAN_POINT ( 'NONE',  ( -3.000000000000000000, -6.349999999999998757, 1.699999999999999734 ) ) ;
#2558 = DIRECTION ( 'NONE',  ( 0.0000000000000000000, 0.0000000000000000000, -1.000000000000000000 ) ) ;
#2559 = CARTESIAN_POINT ( 'NONE',  ( 3.500000000000003109, -3.499999999999999556, 1.699999999999999734 ) ) ;
#2560 = ORIENTED_EDGE ( 'NONE', *, *, #1198, .F. ) ;
#2561 = CARTESIAN_POINT ( 'NONE',  ( -0.5000000000000000000, 0.0000000000000000000, 0.4000000000000000222 ) ) ;
#2562 = ORIENTED_EDGE ( 'NONE', *, *, #1730, .T. ) ;
#2563 = CARTESIAN_POINT ( 'NONE',  ( -3.500000000001252332, -3.499999999999999556, 3.780783809238926541 ) ) ;
#2564 = ORIENTED_EDGE ( 'NONE', *, *, #1126, .F. ) ;
#2565 = CARTESIAN_POINT ( 'NONE',  ( -2.500000000000001332, -3.450000000000000178, 4.799999999999999822 ) ) ;
#2566 =( GEOMETRIC_REPRESENTATION_CONTEXT ( 3 ) GLOBAL_UNCERTAINTY_ASSIGNED_CONTEXT ( ( #1391 ) ) GLOBAL_UNIT_ASSIGNED_CONTEXT ( ( #14, #3537, #3254 ) ) REPRESENTATION_CONTEXT ( 'NONE', 'WORKASPACE' ) );
#2567 = VERTEX_POINT ( 'NONE', #3689 ) ;
#2568 = LINE ( 'NONE', #3731, #1291 ) ;
#2569 = FACE_OUTER_BOUND ( 'NONE', #2533, .T. ) ;
#2570 = EDGE_CURVE ( 'NONE', #1188, #2731, #2178, .T. ) ;
#2571 = ORIENTED_EDGE ( 'NONE', *, *, #3454, .T. ) ;
#2572 = LINE ( 'NONE', #3734, #1036 ) ;
#2573 = LINE ( 'NONE', #3737, #3202 ) ;
#2574 = DIRECTION ( 'NONE',  ( -1.000000000000000000, 0.0000000000000000000, 0.0000000000000000000 ) ) ;
#2575 = LINE ( 'NONE', #3733, #2826 ) ;
#2576 = ADVANCED_FACE ( 'NONE', ( #774 ), #1960, .T. ) ;
#2577 = VECTOR ( 'NONE', #2196, 1000.000000000000000 ) ;
#2578 = DIRECTION ( 'NONE',  ( 0.0000000000000000000, 0.0000000000000000000, 1.000000000000000000 ) ) ;
#2579 = EDGE_CURVE ( 'NONE', #3262, #3477, #2833, .T. ) ;
#2580 = AXIS2_PLACEMENT_3D ( 'NONE', #3513, #3232, #1160 ) ;
#2581 = ORIENTED_EDGE ( 'NONE', *, *, #2224, .F. ) ;
#2582 = ORIENTED_EDGE ( 'NONE', *, *, #2619, .T. ) ;
#2583 = AXIS2_PLACEMENT_3D ( 'NONE', #2377, #3550, #909 ) ;
#2584 = PLANE ( 'NONE',  #2431 ) ;
#2585 = ORIENTED_EDGE ( 'NONE', *, *, #992, .T. ) ;
#2586 = DIRECTION ( 'NONE',  ( -0.0000000000000000000, -0.0000000000000000000, 1.000000000000000000 ) ) ;
#2587 = ORIENTED_EDGE ( 'NONE', *, *, #166, .T. ) ;
#2588 = CARTESIAN_POINT ( 'NONE',  ( -3.000000000000000000, -6.349999999999998757, 0.2500000000000002220 ) ) ;
#2589 = DIRECTION ( 'NONE',  ( 0.0000000000000000000, 0.0000000000000000000, 1.000000000000000000 ) ) ;
#2590 = CARTESIAN_POINT ( 'NONE',  ( 0.0000000000000000000, 6.349999999999998757, 0.2500000000000002220 ) ) ;
#2591 = CARTESIAN_POINT ( 'NONE',  ( 4.000000000000001776, 6.349999999999998757, 1.349999999999999867 ) ) ;
#2592 = AXIS2_PLACEMENT_3D ( 'NONE', #450, #1622, #2803 ) ;
#2593 = CARTESIAN_POINT ( 'NONE',  ( 1.000000000000000000, 3.450000000000000178, 4.299999999999999822 ) ) ;
#2594 =( BOUNDED_CURVE ( )  B_SPLINE_CURVE ( 3, ( #2295, #3467, #835, #2024 ),
 .UNSPECIFIED., .F., .F. ) 
 B_SPLINE_CURVE_WITH_KNOTS ( ( 4, 4 ),
 ( 5.501585242055420544, 6.283185307179586232 ),
 .UNSPECIFIED. ) 
 CURVE ( )  GEOMETRIC_REPRESENTATION_ITEM ( )  RATIONAL_B_SPLINE_CURVE ( ( 1.000000000000000000, 0.9497364005219713912, 0.9497364005219713912, 1.000000000000000000 ) ) 
 REPRESENTATION_ITEM ( '' )  );
#2595 = EDGE_CURVE ( 'NONE', #3638, #3792, #2546, .T. ) ;
#2596 = CARTESIAN_POINT ( 'NONE',  ( 1.229245101670591200, -2.710908467008165346, -1.000000000000000000 ) ) ;
#2597 = VECTOR ( 'NONE', #3639, 1000.000000000000000 ) ;
#2598 = EDGE_LOOP ( 'NONE', ( #3597, #2136, #1404, #834 ) ) ;
#2599 = EDGE_CURVE ( 'NONE', #2401, #1684, #2257, .T. ) ;
#2600 = CARTESIAN_POINT ( 'NONE',  ( 1.428484041288939910, -2.630386692243067870, -0.8174311485495316942 ) ) ;
#2601 = VERTEX_POINT ( 'NONE', #1977 ) ;
#2602 = CARTESIAN_POINT ( 'NONE',  ( 1.500000000000001776, 2.450000000000000178, 3.299999999999999378 ) ) ;
#2603 = CIRCLE ( 'NONE', #940, 2.500000000000000888 ) ;
#2604 = CARTESIAN_POINT ( 'NONE',  ( -3.850000000000001865, 6.349999999999995204, 1.199999999999999956 ) ) ;
#2605 = PLANE ( 'NONE',  #3045 ) ;
#2606 = AXIS2_PLACEMENT_3D ( 'NONE', #1751, #2927, #279 ) ;
#2607 = LINE ( 'NONE', #1427, #3167 ) ;
#2608 = LINE ( 'NONE', #3770, #3010 ) ;
#2609 = VECTOR ( 'NONE', #2273, 1000.000000000000000 ) ;
#2610 = LINE ( 'NONE', #3771, #3322 ) ;
#2611 = CARTESIAN_POINT ( 'NONE',  ( -1.428484041288940132, 1.894829659837395486, -0.8174311485495313612 ) ) ;
#2612 = ORIENTED_EDGE ( 'NONE', *, *, #159, .T. ) ;
#2613 = LINE ( 'NONE', #3212, #2095 ) ;
#2614 = FACE_OUTER_BOUND ( 'NONE', #2786, .T. ) ;
#2615 = EDGE_CURVE ( 'NONE', #648, #286, #2013, .T. ) ;
#2616 = LINE ( 'NONE', #3778, #3760 ) ;
#2617 = EDGE_CURVE ( 'NONE', #3564, #1718, #2852, .T. ) ;
#2618 = VERTEX_POINT ( 'NONE', #2561 ) ;
#2619 = EDGE_CURVE ( 'NONE', #813, #1543, #3724, .T. ) ;
#2620 = ORIENTED_EDGE ( 'NONE', *, *, #2252, .F. ) ;
#2621 = ORIENTED_EDGE ( 'NONE', *, *, #1747, .F. ) ;
#2622 = DIRECTION ( 'NONE',  ( -1.000000000000000000, 0.0000000000000000000, -0.0000000000000000000 ) ) ;
#2623 = UNCERTAINTY_MEASURE_WITH_UNIT (LENGTH_MEASURE( 1.000000000000000082E-05 ), #3103, 'distance_accuracy_value', 'NONE');
#2624 = ADVANCED_FACE ( 'NONE', ( #3444 ), #808, .T. ) ;
#2625 = CARTESIAN_POINT ( 'NONE',  ( -2.500000000000001332, 3.450000000000000178, 0.3999999999999993006 ) ) ;
#2626 = CARTESIAN_POINT ( 'NONE',  ( -1.376737326052139165, -2.887662442330045209, -0.8245582693234956295 ) ) ;
#2627 = AXIS2_PLACEMENT_3D ( 'NONE', #200, #2169, #2545 ) ;
#2628 = CARTESIAN_POINT ( 'NONE',  ( -3.850000000000000977, -6.349999999999999645, 1.199999999999999956 ) ) ;
#2629 = ADVANCED_FACE ( 'NONE', ( #1696 ), #2874, .F. ) ;
#2630 = DIRECTION ( 'NONE',  ( 1.000000000000000000, 0.0000000000000000000, 0.0000000000000000000 ) ) ;
#2631 = CARTESIAN_POINT ( 'NONE',  ( 1.500000000000001776, -2.450000000000000178, 4.799999999999999822 ) ) ;
#2632 = ORIENTED_EDGE ( 'NONE', *, *, #1496, .T. ) ;
#2633 = CARTESIAN_POINT ( 'NONE',  ( 1.408373023707932381, -2.755885756829391298, -1.000000000000000000 ) ) ;
#2634 = CARTESIAN_POINT ( 'NONE',  ( -2.500000000000001332, 3.450000000000000178, 0.3999999999999993006 ) ) ;
#2635 = ORIENTED_EDGE ( 'NONE', *, *, #1025, .F. ) ;
#2636 = CARTESIAN_POINT ( 'NONE',  ( 3.000000000000001776, 6.349999999999997868, 1.699999999999999734 ) ) ;
#2637 = DIRECTION ( 'NONE',  ( -1.000000000000000000, 0.0000000000000000000, 0.0000000000000000000 ) ) ;
#2638 = CARTESIAN_POINT ( 'NONE',  ( -2.500000000000001332, -3.450000000000000178, 0.3999999999999993006 ) ) ;
#2639 = CARTESIAN_POINT ( 'NONE',  ( -1.500000000000000000, 1.899999999999999245, 0.0000000000000000000 ) ) ;
#2640 = LINE ( 'NONE', #3798, #942 ) ;
#2641 = MECHANICAL_DESIGN_GEOMETRIC_PRESENTATION_REPRESENTATION (  '', ( #3077 ), #1652 ) ;
#2642 = VERTEX_POINT ( 'NONE', #3744 ) ;
#2643 = DIRECTION ( 'NONE',  ( 0.0000000000000000000, 0.0000000000000000000, -1.000000000000000000 ) ) ;
#2644 = VECTOR ( 'NONE', #1708, 1000.000000000000000 ) ;
#2645 = DIRECTION ( 'NONE',  ( 1.000000000000000000, 0.0000000000000000000, 0.0000000000000000000 ) ) ;
#2646 = ORIENTED_EDGE ( 'NONE', *, *, #811, .T. ) ;
#2647 = DIRECTION ( 'NONE',  ( 1.521687259628778015E-16, -1.000000000000000000, 0.0000000000000000000 ) ) ;
#2648 = CIRCLE ( 'NONE', #3497, 0.5000000000000000000 ) ;
#2649 = EDGE_CURVE ( 'NONE', #1539, #3125, #1105, .T. ) ;
#2650 = DIRECTION ( 'NONE',  ( -1.000000000000000000, 0.0000000000000000000, 0.0000000000000000000 ) ) ;
#2651 = CARTESIAN_POINT ( 'NONE',  ( 2.750000000000001776, 6.349999999999997868, 0.2500000000000002220 ) ) ;
#2652 = ORIENTED_EDGE ( 'NONE', *, *, #259, .F. ) ;
#2653 = DIRECTION ( 'NONE',  ( 0.0000000000000000000, 0.0000000000000000000, 1.000000000000000000 ) ) ;
#2654 = ORIENTED_EDGE ( 'NONE', *, *, #1711, .F. ) ;
#2655 = FACE_OUTER_BOUND ( 'NONE', #91, .T. ) ;
#2656 = ADVANCED_FACE ( 'NONE', ( #829 ), #2020, .T. ) ;
#2657 = EDGE_CURVE ( 'NONE', #56, #1339, #2889, .T. ) ;
#2658 = ORIENTED_EDGE ( 'NONE', *, *, #31, .F. ) ;
#2659 =( NAMED_UNIT ( * ) PLANE_ANGLE_UNIT ( ) SI_UNIT ( $, .RADIAN. ) );
#2660 = PLANE ( 'NONE',  #1593 ) ;
#2661 = ADVANCED_BREP_SHAPE_REPRESENTATION ( '', ( #700, #594 ), #3547 ) ;
#2662 = VECTOR ( 'NONE', #1026, 1000.000000000000000 ) ;
#2663 = CARTESIAN_POINT ( 'NONE',  ( 0.4000000000000000222, 4.898587196589413075E-17, 5.299999999999999822 ) ) ;
#2664 = CARTESIAN_POINT ( 'NONE',  ( 0.0000000000000000000, -6.349999999999998757, 0.3999999999999993006 ) ) ;
#2665 = UNCERTAINTY_MEASURE_WITH_UNIT (LENGTH_MEASURE( 1.000000000000000082E-05 ), #2492, 'distance_accuracy_value', 'NONE');
#2666 = PLANE ( 'NONE',  #13 ) ;
#2667 = VERTEX_POINT ( 'NONE', #2600 ) ;
#2668 = ADVANCED_FACE ( 'NONE', ( #3758 ), #1120, .F. ) ;
#2669 = CARTESIAN_POINT ( 'NONE',  ( 0.0000000000000000000, 0.0000000000000000000, 0.4000000000000000222 ) ) ;
#2670 = CARTESIAN_POINT ( 'NONE',  ( 0.0000000000000000000, 0.0000000000000000000, 4.299999999999999822 ) ) ;
#2671 = EDGE_LOOP ( 'NONE', ( #1066, #1219, #2166, #2472 ) ) ;
#2672 = DIRECTION ( 'NONE',  ( -0.0000000000000000000, -0.0000000000000000000, 1.000000000000000000 ) ) ;
#2673 = EDGE_CURVE ( 'NONE', #1092, #56, #2033, .T. ) ;
#2674 = EDGE_LOOP ( 'NONE', ( #3509, #337, #475, #1069, #827, #34, #573, #1194 ) ) ;
#2675 = VECTOR ( 'NONE', #2043, 1000.000000000000000 ) ;
#2676 = ORIENTED_EDGE ( 'NONE', *, *, #2065, .T. ) ;
#2677 = FACE_OUTER_BOUND ( 'NONE', #372, .T. ) ;
#2678 = CARTESIAN_POINT ( 'NONE',  ( -3.500000000000002665, -6.349999999999998757, 1.699999999999999734 ) ) ;
#2679 = VERTEX_POINT ( 'NONE', #1729 ) ;
#2680 = ORIENTED_EDGE ( 'NONE', *, *, #917, .T. ) ;
#2681 = FACE_OUTER_BOUND ( 'NONE', #943, .T. ) ;
#2682 = DIRECTION ( 'NONE',  ( -1.000000000000000000, 0.0000000000000000000, 0.0000000000000000000 ) ) ;
#2683 = ORIENTED_EDGE ( 'NONE', *, *, #1611, .F. ) ;
#2684 = CARTESIAN_POINT ( 'NONE',  ( 1.085126267658035326, -2.898571197891291362, -1.000000000000000000 ) ) ;
#2685 = CARTESIAN_POINT ( 'NONE',  ( -1.009309150500276253, -2.929245100948058678, -1.000000000000000000 ) ) ;
#2686 = EDGE_LOOP ( 'NONE', ( #2328, #1189 ) ) ;
#2687 = FACE_OUTER_BOUND ( 'NONE', #1574, .T. ) ;
#2688 = ORIENTED_EDGE ( 'NONE', *, *, #136, .F. ) ;
#2689 = VECTOR ( 'NONE', #676, 1000.000000000000000 ) ;
#2690 = EDGE_CURVE ( 'NONE', #401, #1437, #3282, .T. ) ;
#2691 =( GEOMETRIC_REPRESENTATION_CONTEXT ( 3 ) GLOBAL_UNCERTAINTY_ASSIGNED_CONTEXT ( ( #2280 ) ) GLOBAL_UNIT_ASSIGNED_CONTEXT ( ( #2387, #2739, #2448 ) ) REPRESENTATION_CONTEXT ( 'NONE', 'WORKASPACE' ) );
#2692 = CARTESIAN_POINT ( 'NONE',  ( -1.428484041288940132, 1.894829659837395486, -0.8174311485495313612 ) ) ;
#2693 = DIRECTION ( 'NONE',  ( -1.024442997624099200E-16, 1.000000000000000000, 0.0000000000000000000 ) ) ;
#2694 = CARTESIAN_POINT ( 'NONE',  ( -0.9000000000000000222, 0.0000000000000000000, 0.0000000000000000000 ) ) ;
#2695 = EDGE_CURVE ( 'NONE', #2423, #2436, #2616, .T. ) ;
#2696 = ORIENTED_EDGE ( 'NONE', *, *, #3779, .T. ) ;
#2697 = EDGE_CURVE ( 'NONE', #2423, #2794, #2121, .T. ) ;
#2698 = EDGE_LOOP ( 'NONE', ( #2543, #2491, #624, #438 ) ) ;
#2699 = ADVANCED_FACE ( 'NONE', ( #2048, #3217 ), #572, .T. ) ;
#2700 = DIRECTION ( 'NONE',  ( -1.000000000000000000, 0.0000000000000000000, 0.0000000000000000000 ) ) ;
#2701 = EDGE_LOOP ( 'NONE', ( #1973, #3, #2010, #2838 ) ) ;
#2702 = DIRECTION ( 'NONE',  ( 0.0000000000000000000, 1.000000000000000000, -0.0000000000000000000 ) ) ;
#2703 = ORIENTED_EDGE ( 'NONE', *, *, #3548, .T. ) ;
#2704 = CARTESIAN_POINT ( 'NONE',  ( 1.428484041288941242, 1.894829659837392377, -0.8174311485495313612 ) ) ;
#2705 = DIRECTION ( 'NONE',  ( 1.521687259628778015E-16, -1.000000000000000000, -0.0000000000000000000 ) ) ;
#2706 = VECTOR ( 'NONE', #2197, 1000.000000000000000 ) ;
#2707 = PRODUCT_DEFINITION_SHAPE ( 'NONE', 'NONE',  #3805 ) ;
#2708 = VERTEX_POINT ( 'NONE', #1458 ) ;
#2709 = CARTESIAN_POINT ( 'NONE',  ( 3.000000000000001776, -6.349999999999997868, 4.799999999999999822 ) ) ;
#2710 = ORIENTED_EDGE ( 'NONE', *, *, #1297, .F. ) ;
#2711 = AXIS2_PLACEMENT_3D ( 'NONE', #1378, #2558, #3719 ) ;
#2712 = ORIENTED_EDGE ( 'NONE', *, *, #1858, .T. ) ;
#2713 = LINE ( 'NONE', #1532, #853 ) ;
#2714 = LINE ( 'NONE', #1533, #1549 ) ;
#2715 = FACE_OUTER_BOUND ( 'NONE', #3499, .T. ) ;
#2716 = ORIENTED_EDGE ( 'NONE', *, *, #3698, .T. ) ;
#2717 = EDGE_CURVE ( 'NONE', #1092, #2451, #2640, .T. ) ;
#2718 =( NAMED_UNIT ( * ) PLANE_ANGLE_UNIT ( ) SI_UNIT ( $, .RADIAN. ) );
#2719 = VECTOR ( 'NONE', #936, 1000.000000000000000 ) ;
#2720 = DIRECTION ( 'NONE',  ( -1.000000000000000000, -0.0000000000000000000, -0.0000000000000000000 ) ) ;
#2721 = CARTESIAN_POINT ( 'NONE',  ( 3.850000000000001865, 6.349999999999998757, 1.199999999999999956 ) ) ;
#2722 = ORIENTED_EDGE ( 'NONE', *, *, #1913, .T. ) ;
#2723 = DIRECTION ( 'NONE',  ( 0.0000000000000000000, 0.0000000000000000000, -1.000000000000000000 ) ) ;
#2724 = VECTOR ( 'NONE', #1267, 1000.000000000000000 ) ;
#2725 = ORIENTED_EDGE ( 'NONE', *, *, #12, .F. ) ;
#2726 = ORIENTED_EDGE ( 'NONE', *, *, #3098, .F. ) ;
#2727 = LINE ( 'NONE', #78, #2200 ) ;
#2728 = CARTESIAN_POINT ( 'NONE',  ( 0.0000000000000000000, 0.0000000000000000000, 5.000000000000000000 ) ) ;
#2729 = CIRCLE ( 'NONE', #3149, 2.750000000000000888 ) ;
#2730 =( NAMED_UNIT ( * ) PLANE_ANGLE_UNIT ( ) SI_UNIT ( $, .RADIAN. ) );
#2731 = VERTEX_POINT ( 'NONE', #2348 ) ;
#2732 = ORIENTED_EDGE ( 'NONE', *, *, #1784, .T. ) ;
#2733 = ORIENTED_EDGE ( 'NONE', *, *, #3082, .F. ) ;
#2734 = LINE ( 'NONE', #87, #191 ) ;
#2735 = AXIS2_PLACEMENT_3D ( 'NONE', #1305, #2500, #3664 ) ;
#2736 = FACE_OUTER_BOUND ( 'NONE', #3047, .T. ) ;
#2737 = VECTOR ( 'NONE', #36, 1000.000000000000000 ) ;
#2738 = AXIS2_PLACEMENT_3D ( 'NONE', #1168, #1457, #2647 ) ;
#2739 =( NAMED_UNIT ( * ) PLANE_ANGLE_UNIT ( ) SI_UNIT ( $, .RADIAN. ) );
#2740 = DIRECTION ( 'NONE',  ( 0.0000000000000000000, 0.0000000000000000000, 1.000000000000000000 ) ) ;
#2741 = ORIENTED_EDGE ( 'NONE', *, *, #655, .T. ) ;
#2742 = ORIENTED_EDGE ( 'NONE', *, *, #1297, .T. ) ;
#2743 = DIRECTION ( 'NONE',  ( -0.0000000000000000000, -0.0000000000000000000, -1.000000000000000000 ) ) ;
#2744 = EDGE_LOOP ( 'NONE', ( #3434, #3178, #1462, #1843 ) ) ;
#2745 = CARTESIAN_POINT ( 'NONE',  ( 3.000000000000001776, -6.349999999999997868, 4.799999999999999822 ) ) ;
#2746 = DIRECTION ( 'NONE',  ( -1.000000000000000000, 0.0000000000000000000, 0.0000000000000000000 ) ) ;
#2747 = EDGE_CURVE ( 'NONE', #3154, #2098, #3104, .T. ) ;
#2748 = CARTESIAN_POINT ( 'NONE',  ( 0.0000000000000000000, -1.399999999994816058, -0.6000000000000000888 ) ) ;
#2749 = DIRECTION ( 'NONE',  ( 1.000000000000000000, 0.0000000000000000000, 0.0000000000000000000 ) ) ;
#2750 = ADVANCED_FACE ( 'NONE', ( #3237 ), #591, .T. ) ;
#2751 = ORIENTED_EDGE ( 'NONE', *, *, #3082, .T. ) ;
#2752 = VERTEX_POINT ( 'NONE', #1390 ) ;
#2753 = CARTESIAN_POINT ( 'NONE',  ( 3.000384657911015863E-16, -2.450000000000000178, 0.0000000000000000000 ) ) ;
#2754 = LINE ( 'NONE', #102, #371 ) ;
#2755 = COLOUR_RGB ( '',0.7529411764705882248, 0.7529411764705882248, 0.7529411764705882248 ) ;
#2756 = FACE_OUTER_BOUND ( 'NONE', #3561, .T. ) ;
#2757 = PRESENTATION_STYLE_ASSIGNMENT (( #1577 ) ) ;
#2758 = CARTESIAN_POINT ( 'NONE',  ( -1.197443560668534301, -2.786253903843430635, -1.000000000000000000 ) ) ;
#2759 = APPLICATION_CONTEXT ( 'automotive_design' ) ;
#2760 = ORIENTED_EDGE ( 'NONE', *, *, #2106, .T. ) ;
#2761 = VERTEX_POINT ( 'NONE', #2565 ) ;
#2762 = DIRECTION ( 'NONE',  ( -0.0000000000000000000, 0.0000000000000000000, -1.000000000000000000 ) ) ;
#2763 = EDGE_CURVE ( 'NONE', #2188, #1633, #3728, .T. ) ;
#2764 = ORIENTED_EDGE ( 'NONE', *, *, #1459, .T. ) ;
#2765 = DIRECTION ( 'NONE',  ( 1.770125995894700463E-16, -1.000000000000000000, -0.0000000000000000000 ) ) ;
#2766 = CARTESIAN_POINT ( 'NONE',  ( 0.0000000000000000000, -1.399999999994816058, -0.6000000000000000888 ) ) ;
#2767 = EDGE_LOOP ( 'NONE', ( #86, #2470, #1090, #3459 ) ) ;
#2768 = DIRECTION ( 'NONE',  ( -0.08682659386424779191, -0.08682659386424777803, 0.9924325091389669673 ) ) ;
#2769 = EDGE_CURVE ( 'NONE', #1109, #317, #728, .T. ) ;
#2770 = AXIS2_PLACEMENT_3D ( 'NONE', #1434, #3195, #553 ) ;
#2771 = EDGE_LOOP ( 'NONE', ( #3017, #308, #1392, #2323 ) ) ;
#2772 = CARTESIAN_POINT ( 'NONE',  ( -0.4000000000000000222, 0.0000000000000000000, 5.299999999999999822 ) ) ;
#2773 = CARTESIAN_POINT ( 'NONE',  ( 3.850000000000001865, -6.349999999999997868, 1.199999999999999956 ) ) ;
#2774 = AXIS2_PLACEMENT_3D ( 'NONE', #3279, #638, #1826 ) ;
#2775 = PLANE ( 'NONE',  #3347 ) ;
#2776 = SHAPE_REPRESENTATION_RELATIONSHIP ( 'NONE' , 'NONE' ,  #1535, #1084 ) ;
#2777 = EDGE_LOOP ( 'NONE', ( #144, #633, #1167, #1589 ) ) ;
#2778 = DIRECTION ( 'NONE',  ( 0.0000000000000000000, 1.000000000000000000, 0.0000000000000000000 ) ) ;
#2779 = ORIENTED_EDGE ( 'NONE', *, *, #3052, .T. ) ;
#2780 = CARTESIAN_POINT ( 'NONE',  ( -1.229245101670591644, -2.710908467008164457, -1.000000000000000000 ) ) ;
#2781 = DIRECTION ( 'NONE',  ( -1.000000000000000000, 0.0000000000000000000, 0.0000000000000000000 ) ) ;
#2782 = EDGE_CURVE ( 'NONE', #2873, #77, #812, .T. ) ;
#2783 = CARTESIAN_POINT ( 'NONE',  ( -2.750000000000000000, -6.349999999999998757, 0.2500000000000002220 ) ) ;
#2784 = CARTESIAN_POINT ( 'NONE',  ( 3.000000000000001776, -6.349999999999997868, 0.2500000000000002220 ) ) ;
#2785 = ADVANCED_FACE ( 'NONE', ( #1405 ), #2584, .F. ) ;
#2786 = EDGE_LOOP ( 'NONE', ( #599, #1486, #1382, #965 ) ) ;
#2787 = EDGE_CURVE ( 'NONE', #2463, #1440, #757, .T. ) ;
#2788 = DIRECTION ( 'NONE',  ( -0.0000000000000000000, 0.0000000000000000000, -1.000000000000000000 ) ) ;
#2789 = CARTESIAN_POINT ( 'NONE',  ( 1.500000000000001776, 2.450000000000000178, 3.299999999999999378 ) ) ;
#2790 = CARTESIAN_POINT ( 'NONE',  ( 3.000000000000001776, 6.349999999999997868, 1.199999999999999956 ) ) ;
#2791 = AXIS2_PLACEMENT_3D ( 'NONE', #2991, #353, #1524 ) ;
#2792 = DIRECTION ( 'NONE',  ( 0.0000000000000000000, 0.0000000000000000000, -1.000000000000000000 ) ) ;
#2793 = AXIS2_PLACEMENT_3D ( 'NONE', #2307, #3478, #847 ) ;
#2794 = VERTEX_POINT ( 'NONE', #1039 ) ;
#2795 = DIRECTION ( 'NONE',  ( -1.000000000000000000, 0.0000000000000000000, 0.0000000000000000000 ) ) ;
#2796 = CARTESIAN_POINT ( 'NONE',  ( 0.0000000000000000000, 0.0000000000000000000, 5.000000000000000000 ) ) ;
#2797 = EDGE_CURVE ( 'NONE', #3449, #3417, #3677, .T. ) ;
#2798 = VECTOR ( 'NONE', #842, 1000.000000000000000 ) ;
#2799 = DIRECTION ( 'NONE',  ( 0.0000000000000000000, 0.0000000000000000000, 1.000000000000000000 ) ) ;
#2800 = SURFACE_SIDE_STYLE ('',( #145 ) ) ;
#2801 = CARTESIAN_POINT ( 'NONE',  ( 0.0000000000000000000, -1.399999999994816058, -0.6000000000000000888 ) ) ;
#2802 = CARTESIAN_POINT ( 'NONE',  ( -0.9303866922430676922, -2.929245101670591822, -1.000000000000000000 ) ) ;
#2803 = DIRECTION ( 'NONE',  ( -2.731847993664264205E-16, 1.000000000000000000, 0.0000000000000000000 ) ) ;
#2804 = VERTEX_POINT ( 'NONE', #146 ) ;
#2805 = ORIENTED_EDGE ( 'NONE', *, *, #3274, .F. ) ;
#2806 = CARTESIAN_POINT ( 'NONE',  ( -1.500000000000000888, -2.450000000000000178, 3.299999999999999378 ) ) ;
#2807 = DIRECTION ( 'NONE',  ( -0.0000000000000000000, -0.0000000000000000000, 1.000000000000000000 ) ) ;
#2808 = EDGE_CURVE ( 'NONE', #379, #1204, #1243, .T. ) ;
#2809 = DIRECTION ( 'NONE',  ( -1.000000000000000000, 0.0000000000000000000, 0.0000000000000000000 ) ) ;
#2810 = CARTESIAN_POINT ( 'NONE',  ( 1.500000000000001776, -2.950000000000000178, 3.299999999999999378 ) ) ;
#2811 =( NAMED_UNIT ( * ) PLANE_ANGLE_UNIT ( ) SI_UNIT ( $, .RADIAN. ) );
#2812 = ADVANCED_FACE ( 'NONE', ( #3091 ), #1926, .F. ) ;
#2813 = ORIENTED_EDGE ( 'NONE', *, *, #3145, .T. ) ;
#2814 = ORIENTED_EDGE ( 'NONE', *, *, #1290, .T. ) ;
#2815 = CARTESIAN_POINT ( 'NONE',  ( 0.0000000000000000000, -6.349999999999998757, 1.699999999999999734 ) ) ;
#2816 = PLANE ( 'NONE',  #18 ) ;
#2817 = EDGE_LOOP ( 'NONE', ( #2882, #2399, #613, #68 ) ) ;
#2818 = DIRECTION ( 'NONE',  ( -0.0000000000000000000, -0.0000000000000000000, -1.000000000000000000 ) ) ;
#2819 = EDGE_CURVE ( 'NONE', #1839, #3500, #83, .T. ) ;
#2820 = FACE_OUTER_BOUND ( 'NONE', #2146, .T. ) ;
#2821 = UNCERTAINTY_MEASURE_WITH_UNIT (LENGTH_MEASURE( 1.000000000000000082E-05 ), #1772, 'distance_accuracy_value', 'NONE');
#2822 = DIRECTION ( 'NONE',  ( -1.000000000000000000, 0.0000000000000000000, 0.0000000000000000000 ) ) ;
#2823 = FACE_OUTER_BOUND ( 'NONE', #2450, .T. ) ;
#2824 = CLOSED_SHELL ( 'NONE', ( #3674, #3328, #1679, #3264, #350, #1878, #1389, #832, #7, #969, #1804, #625 ) ) ;
#2825 = DIRECTION ( 'NONE',  ( -1.000000000000000000, 0.0000000000000000000, 0.0000000000000000000 ) ) ;
#2826 = VECTOR ( 'NONE', #1401, 1000.000000000000000 ) ;
#2827 = CARTESIAN_POINT ( 'NONE',  ( 3.850000000000001865, 6.349999999999998757, 1.349999999999999867 ) ) ;
#2828 = DIRECTION ( 'NONE',  ( 1.000000000000000000, 0.0000000000000000000, -0.0000000000000000000 ) ) ;
#2829 = CIRCLE ( 'NONE', #671, 0.2500000000000000000 ) ;
#2830 = PRODUCT_CONTEXT ( 'NONE', #1985, 'mechanical' ) ;
#2831 = ADVANCED_FACE ( 'NONE', ( #1520 ), #347, .T. ) ;
#2832 =( NAMED_UNIT ( * ) PLANE_ANGLE_UNIT ( ) SI_UNIT ( $, .RADIAN. ) );
#2833 = LINE ( 'NONE', #181, #1002 ) ;
#2834 = AXIS2_PLACEMENT_3D ( 'NONE', #3755, #1114, #2303 ) ;
#2835 = ORIENTED_EDGE ( 'NONE', *, *, #2717, .T. ) ;
#2836 = EDGE_LOOP ( 'NONE', ( #2560, #321, #2957, #1200 ) ) ;
#2837 = DIRECTION ( 'NONE',  ( -1.000000000000000000, 0.0000000000000000000, 0.0000000000000000000 ) ) ;
#2838 = ORIENTED_EDGE ( 'NONE', *, *, #2763, .F. ) ;
#2839 = FACE_OUTER_BOUND ( 'NONE', #2698, .T. ) ;
#2840 = ORIENTED_EDGE ( 'NONE', *, *, #1715, .T. ) ;
#2841 = CARTESIAN_POINT ( 'NONE',  ( 0.0000000000000000000, 1.399999999994816058, 3.299999999999999378 ) ) ;
#2842 = DIRECTION ( 'NONE',  ( 2.731847993664264205E-16, -1.000000000000000000, 0.0000000000000000000 ) ) ;
#2843 = SHAPE_REPRESENTATION ( 'M0062B-00', ( #594 ), #3547 ) ;
#2844 = VERTEX_POINT ( 'NONE', #3272 ) ;
#2845 = DIRECTION ( 'NONE',  ( -0.0000000000000000000, -0.0000000000000000000, -1.000000000000000000 ) ) ;
#2846 = DIRECTION ( 'NONE',  ( -0.0000000000000000000, -0.0000000000000000000, -1.000000000000000000 ) ) ;
#2847 = AXIS2_PLACEMENT_3D ( 'NONE', #3021, #382, #1555 ) ;
#2848 = CARTESIAN_POINT ( 'NONE',  ( 3.000384657911015863E-16, -2.450000000000000178, 4.400000000000000355 ) ) ;
#2849 = AXIS2_PLACEMENT_3D ( 'NONE', #1738, #2915, #270 ) ;
#2850 = VERTEX_POINT ( 'NONE', #2105 ) ;
#2851 = APPLICATION_PROTOCOL_DEFINITION ( 'draft international standard', 'automotive_design', 1998, #186 ) ;
#2852 = LINE ( 'NONE', #205, #2490 ) ;
#2853 = ORIENTED_EDGE ( 'NONE', *, *, #1251, .T. ) ;
#2854 = DIRECTION ( 'NONE',  ( 1.000000000000000000, -1.445602896647339163E-16, -9.095034660833357308E-34 ) ) ;
#2855 = AXIS2_PLACEMENT_3D ( 'NONE', #2796, #142, #1320 ) ;
#2856 = VERTEX_POINT ( 'NONE', #921 ) ;
#2857 = ORIENTED_EDGE ( 'NONE', *, *, #2000, .T. ) ;
#2858 = LINE ( 'NONE', #1678, #2494 ) ;
#2859 = CIRCLE ( 'NONE', #1184, 0.5000000000000000000 ) ;
#2860 = VERTEX_POINT ( 'NONE', #3562 ) ;
#2861 = DIRECTION ( 'NONE',  ( -0.08715574274765836016, 0.0000000000000000000, -0.9961946980917455452 ) ) ;
#2862 = DIRECTION ( 'NONE',  ( 2.731847993664264205E-16, -1.000000000000000000, 0.0000000000000000000 ) ) ;
#2863 = AXIS2_PLACEMENT_3D ( 'NONE', #708, #1898, #3064 ) ;
#2864 = DIRECTION ( 'NONE',  ( -0.0000000000000000000, -0.0000000000000000000, -1.000000000000000000 ) ) ;
#2865 = EDGE_CURVE ( 'NONE', #802, #2679, #2390, .T. ) ;
#2866 = ORIENTED_EDGE ( 'NONE', *, *, #2898, .T. ) ;
#2867 = CARTESIAN_POINT ( 'NONE',  ( 0.0000000000000000000, 0.0000000000000000000, 7.799999999999999822 ) ) ;
#2868 = CARTESIAN_POINT ( 'NONE',  ( 0.0000000000000000000, 0.0000000000000000000, 7.699999999999998401 ) ) ;
#2869 = ADVANCED_FACE ( 'NONE', ( #2681 ), #1502, .F. ) ;
#2870 = SHAPE_REPRESENTATION ( 'X0060B-00', ( #594 ), #2262 ) ;
#2871 = DIRECTION ( 'NONE',  ( 0.0000000000000000000, 1.000000000000000000, 0.0000000000000000000 ) ) ;
#2872 = CONTEXT_DEPENDENT_SHAPE_REPRESENTATION ( #1857, #3658 ) ;
#2873 = VERTEX_POINT ( 'NONE', #612 ) ;
#2874 = PLANE ( 'NONE',  #1306 ) ;
#2875 = ORIENTED_EDGE ( 'NONE', *, *, #2615, .T. ) ;
#2876 = ORIENTED_EDGE ( 'NONE', *, *, #1961, .F. ) ;
#2877 = CARTESIAN_POINT ( 'NONE',  ( -0.4000000000000000222, 0.0000000000000000000, 5.000000000000000000 ) ) ;
#2878 = EDGE_LOOP ( 'NONE', ( #2654, #1800, #1140, #3418 ) ) ;
#2879 = DIRECTION ( 'NONE',  ( 0.0000000000000000000, 0.0000000000000000000, -1.000000000000000000 ) ) ;
#2880 = VERTEX_POINT ( 'NONE', #3257 ) ;
#2881 = CARTESIAN_POINT ( 'NONE',  ( 1.500000000000001776, 2.450000000000000178, 4.799999999999999822 ) ) ;
#2882 = ORIENTED_EDGE ( 'NONE', *, *, #1083, .T. ) ;
#2883 = CARTESIAN_POINT ( 'NONE',  ( 0.4000000000000000222, 4.898587196589413075E-17, 5.000000000000000000 ) ) ;
#2884 = FACE_OUTER_BOUND ( 'NONE', #2962, .T. ) ;
#2885 = CARTESIAN_POINT ( 'NONE',  ( 0.0000000000000000000, -1.399999999994816058, -0.6000000000000000888 ) ) ;
#2886 = DIRECTION ( 'NONE',  ( 0.0000000000000000000, -0.0000000000000000000, 1.000000000000000000 ) ) ;
#2887 = VECTOR ( 'NONE', #476, 1000.000000000000000 ) ;
#2888 = ORIENTED_EDGE ( 'NONE', *, *, #1314, .F. ) ;
#2889 = LINE ( 'NONE', #243, #2299 ) ;
#2890 = AXIS2_PLACEMENT_3D ( 'NONE', #3379, #744, #1933 ) ;
#2891 = ORIENTED_EDGE ( 'NONE', *, *, #259, .T. ) ;
#2892 = FACE_OUTER_BOUND ( 'NONE', #2462, .T. ) ;
#2893 = ORIENTED_EDGE ( 'NONE', *, *, #1700, .F. ) ;
#2894 = CARTESIAN_POINT ( 'NONE',  ( -0.5000000000000000000, 1.399999999994816058, 0.0000000000000000000 ) ) ;
#2895 = DIRECTION ( 'NONE',  ( 1.521687259628777768E-16, 1.000000000000000000, 0.0000000000000000000 ) ) ;
#2896 = LINE ( 'NONE', #2373, #1498 ) ;
#2897 = CARTESIAN_POINT ( 'NONE',  ( 0.0000000000000000000, 6.349999999999998757, 1.699999999999999734 ) ) ;
#2898 = EDGE_CURVE ( 'NONE', #3106, #2127, #1560, .T. ) ;
#2899 = LINE ( 'NONE', #256, #1859 ) ;
#2900 = DIRECTION ( 'NONE',  ( 0.0000000000000000000, 0.0000000000000000000, 1.000000000000000000 ) ) ;
#2901 = EDGE_CURVE ( 'NONE', #2667, #1779, #2063, .T. ) ;
#2902 = VECTOR ( 'NONE', #3214, 1000.000000000000000 ) ;
#2903 = DIRECTION ( 'NONE',  ( -0.0000000000000000000, -0.0000000000000000000, -1.000000000000000000 ) ) ;
#2904 = CARTESIAN_POINT ( 'NONE',  ( 0.0000000000000000000, -6.349999999999998757, 4.799999999999999822 ) ) ;
#2905 = VECTOR ( 'NONE', #3030, 1000.000000000000000 ) ;
#2906 = ORIENTED_EDGE ( 'NONE', *, *, #3376, .F. ) ;
#2907 = AXIS2_PLACEMENT_3D ( 'NONE', #1522, #2702, #55 ) ;
#2908 = EDGE_CURVE ( 'NONE', #1234, #2911, #2550, .T. ) ;
#2909 = CARTESIAN_POINT ( 'NONE',  ( 0.0000000000000000000, 0.0000000000000000000, 0.0000000000000000000 ) ) ;
#2910 = VERTEX_POINT ( 'NONE', #2956 ) ;
#2911 = VERTEX_POINT ( 'NONE', #1783 ) ;
#2912 = EDGE_CURVE ( 'NONE', #2856, #1523, #601, .T. ) ;
#2913 = CARTESIAN_POINT ( 'NONE',  ( 0.9303866922430670261, -3.128484041288940531, -0.8174311485495315832 ) ) ;
#2914 = VECTOR ( 'NONE', #3642, 1000.000000000000000 ) ;
#2915 = DIRECTION ( 'NONE',  ( -0.0000000000000000000, -0.0000000000000000000, -1.000000000000000000 ) ) ;
#2916 = DIRECTION ( 'NONE',  ( -1.000000000000000000, 0.0000000000000000000, 0.0000000000000000000 ) ) ;
#2917 = VECTOR ( 'NONE', #1323, 1000.000000000000000 ) ;
#2918 = DIRECTION ( 'NONE',  ( 1.000000000000000000, 0.0000000000000000000, 0.0000000000000000000 ) ) ;
#2919 = DIRECTION ( 'NONE',  ( -0.0000000000000000000, -1.000000000000000000, -0.0000000000000000000 ) ) ;
#2920 = PRESENTATION_LAYER_ASSIGNMENT (  '', '', ( #768 ) ) ;
#2921 = CARTESIAN_POINT ( 'NONE',  ( 1.412511336474076007, -2.630386692243067426, -1.000000000000000000 ) ) ;
#2922 = CYLINDRICAL_SURFACE ( 'NONE', #1965, 0.9000000000000000222 ) ;
#2923 = DIRECTION ( 'NONE',  ( 1.000000000000000000, -0.0000000000000000000, -0.0000000000000000000 ) ) ;
#2924 = CARTESIAN_POINT ( 'NONE',  ( -2.750000000000000000, -6.349999999999998757, 0.0000000000000000000 ) ) ;
#2925 = CARTESIAN_POINT ( 'NONE',  ( 4.000000000000001776, -6.349999999999997868, 1.349999999999999867 ) ) ;
#2926 = EDGE_CURVE ( 'NONE', #617, #3251, #894, .T. ) ;
#2927 = DIRECTION ( 'NONE',  ( 0.0000000000000000000, 0.0000000000000000000, -1.000000000000000000 ) ) ;
#2928 = EDGE_CURVE ( 'NONE', #2642, #3287, #1170, .T. ) ;
#2929 = ORIENTED_EDGE ( 'NONE', *, *, #3655, .F. ) ;
#2930 = CARTESIAN_POINT ( 'NONE',  ( 3.000000000000001776, 6.349999999999997868, 4.799999999999999822 ) ) ;
#2931 = DIRECTION ( 'NONE',  ( -0.0000000000000000000, -1.000000000000000000, -0.0000000000000000000 ) ) ;
#2932 = ADVANCED_FACE ( 'NONE', ( #1466 ), #2366, .T. ) ;
#2933 = ORIENTED_EDGE ( 'NONE', *, *, #707, .T. ) ;
#2934 = DIRECTION ( 'NONE',  ( 1.000000000000000000, 0.0000000000000000000, 0.0000000000000000000 ) ) ;
#2935 = AXIS2_PLACEMENT_3D ( 'NONE', #1991, #799, #1396 ) ;
#2936 = DIRECTION ( 'NONE',  ( -0.0000000000000000000, -0.0000000000000000000, 1.000000000000000000 ) ) ;
#2937 = DIRECTION ( 'NONE',  ( 0.0000000000000000000, 1.000000000000000000, -1.013945871708442777E-11 ) ) ;
#2938 = ORIENTED_EDGE ( 'NONE', *, *, #1717, .F. ) ;
#2939 = DIRECTION ( 'NONE',  ( 1.000000000000000000, 0.0000000000000000000, 0.0000000000000000000 ) ) ;
#2940 = ORIENTED_EDGE ( 'NONE', *, *, #12, .T. ) ;
#2941 = LINE ( 'NONE', #293, #1663 ) ;
#2942 = ORIENTED_EDGE ( 'NONE', *, *, #155, .F. ) ;
#2943 = CARTESIAN_POINT ( 'NONE',  ( -1.000000000000000222, 3.450000000000000178, 0.3999999999999993006 ) ) ;
#2944 = DIRECTION ( 'NONE',  ( 8.503546450866703280E-17, 1.000000000000000000, 0.0000000000000000000 ) ) ;
#2945 = DIRECTION ( 'NONE',  ( 0.0000000000000000000, 0.0000000000000000000, 1.000000000000000000 ) ) ;
#2946 = VECTOR ( 'NONE', #3445, 1000.000000000000000 ) ;
#2947 = SURFACE_STYLE_USAGE ( .BOTH. , #1774 ) ;
#2948 = ADVANCED_FACE ( 'NONE', ( #579 ), #2205, .T. ) ;
#2949 = FACE_OUTER_BOUND ( 'NONE', #763, .T. ) ;
#2950 = VECTOR ( 'NONE', #2435, 1000.000000000000000 ) ;
#2951 = ADVANCED_FACE ( 'NONE', ( #3203, #2037 ), #848, .F. ) ;
#2952 = DIRECTION ( 'NONE',  ( -0.0000000000000000000, -0.0000000000000000000, -1.000000000000000000 ) ) ;
#2953 = ORIENTED_EDGE ( 'NONE', *, *, #1158, .T. ) ;
#2954 = VECTOR ( 'NONE', #3113, 1000.000000000000000 ) ;
#2955 = ORIENTED_EDGE ( 'NONE', *, *, #3767, .F. ) ;
#2956 = CARTESIAN_POINT ( 'NONE',  ( -0.5000000000000000000, 0.0000000000000000000, 4.299999999999999822 ) ) ;
#2957 = ORIENTED_EDGE ( 'NONE', *, *, #3581, .T. ) ;
#2958 = CARTESIAN_POINT ( 'NONE',  ( 0.5000000000000000000, 6.123233995736766036E-17, 4.299999999999999822 ) ) ;
#2959 = VERTEX_POINT ( 'NONE', #3764 ) ;
#2960 = DIRECTION ( 'NONE',  ( 1.000000000000000000, 0.0000000000000000000, 0.0000000000000000000 ) ) ;
#2961 = ORIENTED_EDGE ( 'NONE', *, *, #194, .T. ) ;
#2962 = EDGE_LOOP ( 'NONE', ( #3520, #1253, #1643, #750 ) ) ;
#2963 = LINE ( 'NONE', #319, #427 ) ;
#2964 =( BOUNDED_CURVE ( )  B_SPLINE_CURVE ( 3, ( #1419, #2596, #240, #844 ),
 .UNSPECIFIED., .F., .F. ) 
 B_SPLINE_CURVE_WITH_KNOTS ( ( 4, 4 ),
 ( 5.501585242055419656, 6.283185307179586232 ),
 .UNSPECIFIED. ) 
 CURVE ( )  GEOMETRIC_REPRESENTATION_ITEM ( )  RATIONAL_B_SPLINE_CURVE ( ( 1.000000000000000000, 0.9497364005219712801, 0.9497364005219712801, 1.000000000000000000 ) ) 
 REPRESENTATION_ITEM ( '' )  );
#2965 = EDGE_LOOP ( 'NONE', ( #922, #27, #1364, #3040 ) ) ;
#2966 = DIRECTION ( 'NONE',  ( 1.000000000000000000, 0.0000000000000000000, 0.0000000000000000000 ) ) ;
#2967 = EDGE_CURVE ( 'NONE', #2856, #2241, #2859, .T. ) ;
#2968 = DIRECTION ( 'NONE',  ( -0.0000000000000000000, -0.0000000000000000000, -1.000000000000000000 ) ) ;
#2969 = FACE_OUTER_BOUND ( 'NONE', #725, .T. ) ;
#2970 = ORIENTED_EDGE ( 'NONE', *, *, #2421, .T. ) ;
#2971 = DIRECTION ( 'NONE',  ( -1.000000000000000000, 0.0000000000000000000, -0.0000000000000000000 ) ) ;
#2972 = AXIS2_PLACEMENT_3D ( 'NONE', #1145, #2329, #3503 ) ;
#2973 = CARTESIAN_POINT ( 'NONE',  ( -0.9303866922430675812, -2.929245101670591378, -1.000000000000000000 ) ) ;
#2974 = ORIENTED_EDGE ( 'NONE', *, *, #3617, .T. ) ;
#2975 = LINE ( 'NONE', #338, #567 ) ;
#2976 = ORIENTED_EDGE ( 'NONE', *, *, #1198, .T. ) ;
#2977 = ADVANCED_FACE ( 'NONE', ( #2892 ), #1716, .F. ) ;
#2978 = AXIS2_PLACEMENT_3D ( 'NONE', #2815, #3398, #1624 ) ;
#2979 = ORIENTED_EDGE ( 'NONE', *, *, #195, .T. ) ;
#2980 = DIRECTION ( 'NONE',  ( -0.0000000000000000000, 1.000000000000000000, -0.0000000000000000000 ) ) ;
#2981 = DIRECTION ( 'NONE',  ( -1.000000000000000000, 8.673617379884031528E-16, 0.0000000000000000000 ) ) ;
#2982 = ADVANCED_FACE ( 'NONE', ( #618 ), #3263, .T. ) ;
#2983 = CIRCLE ( 'NONE', #1310, 2.200000000000000622 ) ;
#2984 =( NAMED_UNIT ( * ) SI_UNIT ( $, .STERADIAN. ) SOLID_ANGLE_UNIT ( ) );
#2985 = ORIENTED_EDGE ( 'NONE', *, *, #1699, .F. ) ;
#2986 =( BOUNDED_CURVE ( )  B_SPLINE_CURVE ( 3, ( #428, #1601, #2780, #126 ),
 .UNSPECIFIED., .F., .T. ) 
 B_SPLINE_CURVE_WITH_KNOTS ( ( 4, 4 ),
 ( -8.881784197001252323E-16, 0.7816000651241691299 ),
 .UNSPECIFIED. ) 
 CURVE ( )  GEOMETRIC_REPRESENTATION_ITEM ( )  RATIONAL_B_SPLINE_CURVE ( ( 1.000000000000000000, 0.9497364005219708361, 0.9497364005219708361, 1.000000000000000000 ) ) 
 REPRESENTATION_ITEM ( '' )  );
#2987 = CARTESIAN_POINT ( 'NONE',  ( -3.850000000000001865, 6.349999999999998757, 1.349999999999999867 ) ) ;
#2988 = ORIENTED_EDGE ( 'NONE', *, *, #172, .F. ) ;
#2989 = DIRECTION ( 'NONE',  ( -0.0000000000000000000, -0.0000000000000000000, 1.000000000000000000 ) ) ;
#2990 = ORIENTED_EDGE ( 'NONE', *, *, #3367, .F. ) ;
#2991 = CARTESIAN_POINT ( 'NONE',  ( 0.0000000000000000000, -6.349999999999998757, 0.2500000000000002220 ) ) ;
#2992 = CARTESIAN_POINT ( 'NONE',  ( -2.200000000000000178, -2.449999999975159604, 4.400000000000000355 ) ) ;
#2993 = VERTEX_POINT ( 'NONE', #2628 ) ;
#2994 = CARTESIAN_POINT ( 'NONE',  ( -2.000000000000001776, 2.450000000000000178, 3.299999999999999378 ) ) ;
#2995 = ORIENTED_EDGE ( 'NONE', *, *, #1393, .T. ) ;
#2996 = EDGE_CURVE ( 'NONE', #3745, #1633, #23, .T. ) ;
#2997 = AXIS2_PLACEMENT_3D ( 'NONE', #1304, #2499, #3071 ) ;
#2998 = AXIS2_PLACEMENT_3D ( 'NONE', #2489, #3654, #1014 ) ;
#2999 = DIRECTION ( 'NONE',  ( 0.0000000000000000000, 0.0000000000000000000, 1.000000000000000000 ) ) ;
#3000 = CARTESIAN_POINT ( 'NONE',  ( 0.0000000000000000000, -1.399999999994816058, 3.299999999999999378 ) ) ;
#3001 = CARTESIAN_POINT ( 'NONE',  ( 2.750000000000002665, 6.349999999999997868, 0.2500000000000000000 ) ) ;
#3002 = ORIENTED_EDGE ( 'NONE', *, *, #566, .F. ) ;
#3003 =( LENGTH_UNIT ( ) NAMED_UNIT ( * ) SI_UNIT ( .MILLI., .METRE. ) );
#3004 = ORIENTED_EDGE ( 'NONE', *, *, #3702, .T. ) ;
#3005 = ORIENTED_EDGE ( 'NONE', *, *, #2140, .T. ) ;
#3006 = DIRECTION ( 'NONE',  ( -1.445602896647338424E-16, -1.000000000000000000, 0.0000000000000000000 ) ) ;
#3007 = ORIENTED_EDGE ( 'NONE', *, *, #864, .F. ) ;
#3008 = CARTESIAN_POINT ( 'NONE',  ( -2.500000000000000888, -6.349999999999998757, 0.3999999999999993006 ) ) ;
#3009 = ORIENTED_EDGE ( 'NONE', *, *, #2769, .T. ) ;
#3010 = VECTOR ( 'NONE', #1131, 1000.000000000000000 ) ;
#3011 = DIRECTION ( 'NONE',  ( -0.0000000000000000000, -0.0000000000000000000, -1.000000000000000000 ) ) ;
#3012 = CARTESIAN_POINT ( 'NONE',  ( 3.500000000001252332, 3.499999999999999556, 1.699999999999999734 ) ) ;
#3013 =( LENGTH_UNIT ( ) NAMED_UNIT ( * ) SI_UNIT ( .MILLI., .METRE. ) );
#3014 = AXIS2_PLACEMENT_3D ( 'NONE', #1257, #2446, #3616 ) ;
#3015 = PRODUCT ( 'X0060B-00', 'X0060B-00', '', ( #1670 ) ) ;
#3016 = FACE_OUTER_BOUND ( 'NONE', #893, .T. ) ;
#3017 = ORIENTED_EDGE ( 'NONE', *, *, #1130, .F. ) ;
#3018 = AXIS2_PLACEMENT_3D ( 'NONE', #604, #1789, #2960 ) ;
#3019 = VERTEX_POINT ( 'NONE', #1741 ) ;
#3020 = ORIENTED_EDGE ( 'NONE', *, *, #733, .T. ) ;
#3021 = CARTESIAN_POINT ( 'NONE',  ( 0.0000000000000000000, 1.399999999994816058, -0.6000000000000000888 ) ) ;
#3022 = LINE ( 'NONE', #383, #1347 ) ;
#3023 = EDGE_CURVE ( 'NONE', #2860, #988, #562, .T. ) ;
#3024 = B_SPLINE_CURVE_WITH_KNOTS ( 'NONE', 3,
 ( #2611, #3772, #1134, #2321, #3544, #905 ),
 .UNSPECIFIED., .F., .F.,
 ( 4, 2, 4 ),
 ( 3.252606517456513302E-19, 0.0001478063701219959594, 0.0002956127402439913767 ),
 .UNSPECIFIED. ) ;
#3025 = AXIS2_PLACEMENT_3D ( 'NONE', #2113, #3281, #640 ) ;
#3026 = FACE_OUTER_BOUND ( 'NONE', #1506, .T. ) ;
#3027 =( REPRESENTATION_RELATIONSHIP ('NONE','NONE', #749, #1535 ) REPRESENTATION_RELATIONSHIP_WITH_TRANSFORMATION ( #224 )SHAPE_REPRESENTATION_RELATIONSHIP( ) );
#3028 = ORIENTED_EDGE ( 'NONE', *, *, #2649, .T. ) ;
#3029 = VERTEX_POINT ( 'NONE', #854 ) ;
#3030 = DIRECTION ( 'NONE',  ( -0.0000000000000000000, -0.0000000000000000000, 1.000000000000000000 ) ) ;
#3031 = AXIS2_PLACEMENT_3D ( 'NONE', #3342, #705, #1896 ) ;
#3032 = EDGE_CURVE ( 'NONE', #3449, #1192, #3486, .T. ) ;
#3033 = ORIENTED_EDGE ( 'NONE', *, *, #2386, .F. ) ;
#3034 = CARTESIAN_POINT ( 'NONE',  ( -0.5000000000000000000, -1.399999999994816058, 0.0000000000000000000 ) ) ;
#3035 = DIRECTION ( 'NONE',  ( 8.850629979473504779E-17, -1.000000000000000000, 0.0000000000000000000 ) ) ;
#3036 = VECTOR ( 'NONE', #2968, 1000.000000000000000 ) ;
#3037 = CARTESIAN_POINT ( 'NONE',  ( 3.500000000000002220, 6.349999999999997868, 2.199999999999999734 ) ) ;
#3038 = LINE ( 'NONE', #98, #2724 ) ;
#3039 = ORIENTED_EDGE ( 'NONE', *, *, #1415, .F. ) ;
#3040 = ORIENTED_EDGE ( 'NONE', *, *, #1482, .T. ) ;
#3041 = DIRECTION ( 'NONE',  ( 1.000000000000000000, 0.0000000000000000000, -0.0000000000000000000 ) ) ;
#3042 = AXIS2_PLACEMENT_3D ( 'NONE', #1904, #3066, #425 ) ;
#3043 = LINE ( 'NONE', #403, #2526 ) ;
#3044 = VECTOR ( 'NONE', #2078, 1000.000000000000000 ) ;
#3045 = AXIS2_PLACEMENT_3D ( 'NONE', #1426, #252, #2895 ) ;
#3046 = SURFACE_STYLE_FILL_AREA ( #1877 ) ;
#3047 = EDGE_LOOP ( 'NONE', ( #1397, #1564, #2751, #3588 ) ) ;
#3048 = PRODUCT_RELATED_PRODUCT_CATEGORY ( 'part', '', ( #404 ) ) ;
#3049 = CARTESIAN_POINT ( 'NONE',  ( -1.141848732774663588, -2.841848732774663766, -1.000000000000000000 ) ) ;
#3050 = VERTEX_POINT ( 'NONE', #3769 ) ;
#3051 = ORIENTED_EDGE ( 'NONE', *, *, #2392, .T. ) ;
#3052 = EDGE_CURVE ( 'NONE', #2804, #1579, #2607, .T. ) ;
#3053 = FACE_BOUND ( 'NONE', #2391, .T. ) ;
#3054 = ORIENTED_EDGE ( 'NONE', *, *, #365, .F. ) ;
#3055 = DIRECTION ( 'NONE',  ( -1.000000000000000000, 1.445602896647339163E-16, -0.0000000000000000000 ) ) ;
#3056 = DIRECTION ( 'NONE',  ( -1.000000000000000000, 0.0000000000000000000, 0.0000000000000000000 ) ) ;
#3057 = EDGE_CURVE ( 'NONE', #1827, #1543, #2896, .T. ) ;
#3058 = CARTESIAN_POINT ( 'NONE',  ( 0.4000000000000000222, 4.898587196589413075E-17, 4.299999999999999822 ) ) ;
#3059 = ORIENTED_EDGE ( 'NONE', *, *, #2595, .F. ) ;
#3060 = DIRECTION ( 'NONE',  ( -1.000000000000000000, 0.0000000000000000000, -0.0000000000000000000 ) ) ;
#3061 = ORIENTED_EDGE ( 'NONE', *, *, #575, .T. ) ;
#3062 = LINE ( 'NONE', #420, #1361 ) ;
#3063 = CARTESIAN_POINT ( 'NONE',  ( -4.000000000000001776, 6.349999999999995204, 1.349999999999999867 ) ) ;
#3064 = DIRECTION ( 'NONE',  ( -1.000000000000000000, 0.0000000000000000000, -0.0000000000000000000 ) ) ;
#3065 = ORIENTED_EDGE ( 'NONE', *, *, #3308, .F. ) ;
#3066 = DIRECTION ( 'NONE',  ( -1.000000000000000000, -6.829619984160660511E-17, 0.0000000000000000000 ) ) ;
#3067 = ADVANCED_FACE ( 'NONE', ( #1185 ), #17, .F. ) ;
#3068 = ORIENTED_EDGE ( 'NONE', *, *, #642, .T. ) ;
#3069 = CARTESIAN_POINT ( 'NONE',  ( -0.5000000000000000000, 1.399999999994816058, -0.6000000000000000888 ) ) ;
#3070 = ADVANCED_FACE ( 'NONE', ( #2949 ), #1776, .F. ) ;
#3071 = DIRECTION ( 'NONE',  ( -1.000000000000000000, 0.0000000000000000000, 0.0000000000000000000 ) ) ;
#3072 = DIRECTION ( 'NONE',  ( 1.000000000000000000, 0.0000000000000000000, 0.0000000000000000000 ) ) ;
#3073 = CARTESIAN_POINT ( 'NONE',  ( 0.0000000000000000000, -1.399999999994816058, -0.6000000000000000888 ) ) ;
#3074 = ORIENTED_EDGE ( 'NONE', *, *, #2697, .T. ) ;
#3075 = DIRECTION ( 'NONE',  ( -2.551063935260010491E-16, -1.000000000000000000, -0.0000000000000000000 ) ) ;
#3076 = AXIS2_PLACEMENT_3D ( 'NONE', #629, #1813, #2981 ) ;
#3077 = STYLED_ITEM ( 'NONE', ( #3297 ), #700 ) ;
#3078 = EDGE_LOOP ( 'NONE', ( #651, #2552, #2742, #1082 ) ) ;
#3079 = ORIENTED_EDGE ( 'NONE', *, *, #1961, .T. ) ;
#3080 = FACE_OUTER_BOUND ( 'NONE', #918, .T. ) ;
#3081 = CARTESIAN_POINT ( 'NONE',  ( 3.000000000000001776, 6.349999999999997868, 4.799999999999999822 ) ) ;
#3082 = EDGE_CURVE ( 'NONE', #3477, #2679, #2858, .T. ) ;
#3083 = VECTOR ( 'NONE', #1786, 1000.000000000000000 ) ;
#3084 = CARTESIAN_POINT ( 'NONE',  ( 0.0000000000000000000, 0.0000000000000000000, 0.4000000000000000222 ) ) ;
#3085 = DIRECTION ( 'NONE',  ( 0.0000000000000000000, 0.0000000000000000000, 1.000000000000000000 ) ) ;
#3086 = CARTESIAN_POINT ( 'NONE',  ( -3.500000000001252332, 3.499999999999999556, 3.780783809238926541 ) ) ;
#3087 = ORIENTED_EDGE ( 'NONE', *, *, #2928, .T. ) ;
#3088 = FACE_OUTER_BOUND ( 'NONE', #1788, .T. ) ;
#3089 = EDGE_CURVE ( 'NONE', #2993, #1504, #2292, .T. ) ;
#3090 = VECTOR ( 'NONE', #742, 1000.000000000000000 ) ;
#3091 = FACE_OUTER_BOUND ( 'NONE', #2019, .T. ) ;
#3092 = AXIS2_PLACEMENT_3D ( 'NONE', #996, #2185, #3353 ) ;
#3093 = SURFACE_SIDE_STYLE ('',( #1928 ) ) ;
#3094 = PLANE ( 'NONE',  #2592 ) ;
#3095 = ADVANCED_FACE ( 'NONE', ( #2022, #3183 ), #541, .T. ) ;
#3096 = LINE ( 'NONE', #457, #732 ) ;
#3097 = FACE_OUTER_BOUND ( 'NONE', #3632, .T. ) ;
#3098 = EDGE_CURVE ( 'NONE', #2844, #1661, #762, .T. ) ;
#3099 = CYLINDRICAL_SURFACE ( 'NONE', #3173, 0.9000000000000000222 ) ;
#3100 = CIRCLE ( 'NONE', #1431, 0.9000000000000000222 ) ;
#3101 = LINE ( 'NONE', #1694, #668 ) ;
#3102 = EDGE_CURVE ( 'NONE', #2911, #1234, #3463, .T. ) ;
#3103 =( LENGTH_UNIT ( ) NAMED_UNIT ( * ) SI_UNIT ( .MILLI., .METRE. ) );
#3104 = CIRCLE ( 'NONE', #1432, 0.5000000000000000000 ) ;
#3105 = VERTEX_POINT ( 'NONE', #454 ) ;
#3106 = VERTEX_POINT ( 'NONE', #1634 ) ;
#3107 = CARTESIAN_POINT ( 'NONE',  ( 2.981555974335137194E-16, 1.684615384615384404, -0.8000000000000000444 ) ) ;
#3108 = ORIENTED_EDGE ( 'NONE', *, *, #1044, .F. ) ;
#3109 = AXIS2_PLACEMENT_3D ( 'NONE', #3329, #751, #1881 ) ;
#3110 = CARTESIAN_POINT ( 'NONE',  ( 1.229245101670590978, -2.630386692243067870, -1.000000000000000000 ) ) ;
#3111 = ORIENTED_EDGE ( 'NONE', *, *, #3294, .F. ) ;
#3112 = DIRECTION ( 'NONE',  ( 1.000000000000000000, 1.024442997624099200E-16, 0.0000000000000000000 ) ) ;
#3113 = DIRECTION ( 'NONE',  ( 1.521687259628778015E-16, -1.000000000000000000, -0.0000000000000000000 ) ) ;
#3114 = VERTEX_POINT ( 'NONE', #1740 ) ;
#3115 = ORIENTED_EDGE ( 'NONE', *, *, #3505, .F. ) ;
#3116 = CARTESIAN_POINT ( 'NONE',  ( -2.450000000000000178, -5.299999999975160137, 4.400000000000000355 ) ) ;
#3117 = ADVANCED_FACE ( 'NONE', ( #1144 ), #3408, .F. ) ;
#3118 = CARTESIAN_POINT ( 'NONE',  ( -1.500000000000000888, -2.950000000000000178, 3.299999999999999378 ) ) ;
#3119 = DIRECTION ( 'NONE',  ( -1.000000000000000000, 0.0000000000000000000, 0.0000000000000000000 ) ) ;
#3120 = DIRECTION ( 'NONE',  ( 1.000000000000000000, 0.0000000000000000000, 0.0000000000000000000 ) ) ;
#3121 = AXIS2_PLACEMENT_3D ( 'NONE', #3386, #2457, #927 ) ;
#3122 =( NAMED_UNIT ( * ) SI_UNIT ( $, .STERADIAN. ) SOLID_ANGLE_UNIT ( ) );
#3123 = CARTESIAN_POINT ( 'NONE',  ( -0.9672095630903899677, -2.667209563090390034, -0.3529659374529834359 ) ) ;
#3124 = ORIENTED_EDGE ( 'NONE', *, *, #534, .T. ) ;
#3125 = VERTEX_POINT ( 'NONE', #2593 ) ;
#3126 = PRODUCT_DEFINITION_CONTEXT ( 'detailed design', #1476, 'design' ) ;
#3127 = FACE_OUTER_BOUND ( 'NONE', #718, .T. ) ;
#3128 = LINE ( 'NONE', #492, #3138 ) ;
#3129 = DIRECTION ( 'NONE',  ( -2.551063935260010491E-16, -1.000000000000000000, -0.0000000000000000000 ) ) ;
#3130 = ORIENTED_EDGE ( 'NONE', *, *, #735, .T. ) ;
#3131 = FACE_OUTER_BOUND ( 'NONE', #3531, .T. ) ;
#3132 = AXIS2_PLACEMENT_3D ( 'NONE', #9, #2369, #3269 ) ;
#3133 = AXIS2_PLACEMENT_3D ( 'NONE', #1657, #2837, #184 ) ;
#3134 = CARTESIAN_POINT ( 'NONE',  ( -3.001123811401384955, -3.499999999999999556, 3.780783809238926541 ) ) ;
#3135 = CIRCLE ( 'NONE', #1470, 3.500000000000002220 ) ;
#3136 = CARTESIAN_POINT ( 'NONE',  ( -3.001123811401384955, 5.000000000000000000, 2.199999999999999734 ) ) ;
#3137 = ORIENTED_EDGE ( 'NONE', *, *, #2486, .T. ) ;
#3138 = VECTOR ( 'NONE', #1662, 1000.000000000000114 ) ;
#3139 = SHAPE_DEFINITION_REPRESENTATION ( #1011, #2843 ) ;
#3140 = EDGE_CURVE ( 'NONE', #1903, #3050, #2302, .T. ) ;
#3141 = ORIENTED_EDGE ( 'NONE', *, *, #2516, .T. ) ;
#3142 = CARTESIAN_POINT ( 'NONE',  ( 0.0000000000000000000, -1.399999999994816058, 3.299999999999999378 ) ) ;
#3143 = VERTEX_POINT ( 'NONE', #1352 ) ;
#3144 = CARTESIAN_POINT ( 'NONE',  ( 2.500000000000002220, 3.450000000000000178, 4.799999999999999822 ) ) ;
#3145 = EDGE_CURVE ( 'NONE', #1339, #2265, #669, .T. ) ;
#3146 = LINE ( 'NONE', #1986, #3647 ) ;
#3147 = ORIENTED_EDGE ( 'NONE', *, *, #1860, .T. ) ;
#3148 = CARTESIAN_POINT ( 'NONE',  ( 0.0000000000000000000, -6.349999999999998757, 2.199999999999999734 ) ) ;
#3149 = AXIS2_PLACEMENT_3D ( 'NONE', #3523, #890, #2075 ) ;
#3150 = EDGE_CURVE ( 'NONE', #2731, #3143, #1332, .T. ) ;
#3151 = FACE_OUTER_BOUND ( 'NONE', #880, .T. ) ;
#3152 = DIRECTION ( 'NONE',  ( -2.048885995248198153E-16, 1.000000000000000000, -0.0000000000000000000 ) ) ;
#3153 =( REPRESENTATION_RELATIONSHIP ('NONE','NONE', #749, #2870 ) REPRESENTATION_RELATIONSHIP_WITH_TRANSFORMATION ( #1383 )SHAPE_REPRESENTATION_RELATIONSHIP( ) );
#3154 = VERTEX_POINT ( 'NONE', #149 ) ;
#3155 = CARTESIAN_POINT ( 'NONE',  ( -1.064184955399753330, -3.128079346503796820, -0.8220568311103780834 ) ) ;
#3156 = LINE ( 'NONE', #514, #1721 ) ;
#3157 = PRESENTATION_LAYER_ASSIGNMENT (  '', '', ( #10 ) ) ;
#3158 = ORIENTED_EDGE ( 'NONE', *, *, #1568, .F. ) ;
#3159 = ITEM_DEFINED_TRANSFORMATION ( 'NONE', 'NONE', #1837,  #594 ) ;
#3160 = ADVANCED_FACE ( 'NONE', ( #3216 ), #133, .F. ) ;
#3161 = AXIS2_PLACEMENT_3D ( 'NONE', #1660, #1369, #1071 ) ;
#3162 = DIRECTION ( 'NONE',  ( 0.0000000000000000000, 0.0000000000000000000, -1.000000000000000000 ) ) ;
#3163 = ORIENTED_EDGE ( 'NONE', *, *, #289, .F. ) ;
#3164 = DIRECTION ( 'NONE',  ( 0.0000000000000000000, 0.0000000000000000000, -1.000000000000000000 ) ) ;
#3165 = AXIS2_PLACEMENT_3D ( 'NONE', #3123, #486, #1653 ) ;
#3166 = CARTESIAN_POINT ( 'NONE',  ( 1.294138467812655069, -3.200000000000000622, 0.0000000000000000000 ) ) ;
#3167 = VECTOR ( 'NONE', #253, 1000.000000000000000 ) ;
#3168 = EDGE_CURVE ( 'NONE', #3466, #3287, #502, .T. ) ;
#3169 = ORIENTED_EDGE ( 'NONE', *, *, #2309, .F. ) ;
#3170 = DIRECTION ( 'NONE',  ( -1.000000000000000000, 0.0000000000000000000, 0.0000000000000000000 ) ) ;
#3171 = ORIENTED_EDGE ( 'NONE', *, *, #2229, .F. ) ;
#3172 = LINE ( 'NONE', #2011, #207 ) ;
#3173 = AXIS2_PLACEMENT_3D ( 'NONE', #461, #1630, #2809 ) ;
#3174 = LINE ( 'NONE', #2014, #515 ) ;
#3175 = LINE ( 'NONE', #532, #2644 ) ;
#3176 = CARTESIAN_POINT ( 'NONE',  ( -2.500000000000002665, 6.349999999999996092, 0.3999999999999993006 ) ) ;
#3177 = DIRECTION ( 'NONE',  ( -0.0000000000000000000, 1.000000000000000000, 0.0000000000000000000 ) ) ;
#3178 = ORIENTED_EDGE ( 'NONE', *, *, #2408, .T. ) ;
#3179 = CARTESIAN_POINT ( 'NONE',  ( 1.005657735840931544, -2.705657735840931721, 0.08649868803131251227 ) ) ;
#3180 = ORIENTED_EDGE ( 'NONE', *, *, #3140, .T. ) ;
#3181 = VECTOR ( 'NONE', #95, 1000.000000000000000 ) ;
#3182 = VERTEX_POINT ( 'NONE', #2663 ) ;
#3183 = FACE_OUTER_BOUND ( 'NONE', #538, .T. ) ;
#3184 = EDGE_CURVE ( 'NONE', #1582, #736, #1087, .T. ) ;
#3185 = STYLED_ITEM ( 'NONE', ( #2757 ), #1084 ) ;
#3186 = ORIENTED_EDGE ( 'NONE', *, *, #881, .F. ) ;
#3187 = CARTESIAN_POINT ( 'NONE',  ( 3.500000000000002220, 6.349999999999997868, 1.699999999999999734 ) ) ;
#3188 = CARTESIAN_POINT ( 'NONE',  ( -0.9303866922430676922, -2.929245101670591822, -1.000000000000000000 ) ) ;
#3189 = EDGE_CURVE ( 'NONE', #2127, #1779, #3415, .T. ) ;
#3190 = LINE ( 'NONE', #2027, #1015 ) ;
#3191 = CARTESIAN_POINT ( 'NONE',  ( 2.000000000000001776, -2.450000000000000178, 3.299999999999999378 ) ) ;
#3192 = CARTESIAN_POINT ( 'NONE',  ( 0.0000000000000000000, 6.349999999999998757, 0.3999999999999993006 ) ) ;
#3193 = DIRECTION ( 'NONE',  ( 0.08682659386424776415, -0.08682659386424779191, 0.9924325091389669673 ) ) ;
#3194 = DIRECTION ( 'NONE',  ( 1.000000000000000000, 0.0000000000000000000, 0.0000000000000000000 ) ) ;
#3195 = DIRECTION ( 'NONE',  ( -0.0000000000000000000, -0.0000000000000000000, -1.000000000000000000 ) ) ;
#3196 = EDGE_CURVE ( 'NONE', #1262, #3745, #1597, .T. ) ;
#3197 = VECTOR ( 'NONE', #3718, 1000.000000000000000 ) ;
#3198 = CARTESIAN_POINT ( 'NONE',  ( 3.001123811401384955, 5.000000000000000000, 3.780783809238926541 ) ) ;
#3199 = CIRCLE ( 'NONE', #1038, 3.850000000000001865 ) ;
#3200 = ORIENTED_EDGE ( 'NONE', *, *, #1020, .F. ) ;
#3201 = VERTEX_POINT ( 'NONE', #2161 ) ;
#3202 = VECTOR ( 'NONE', #1102, 1000.000000000000000 ) ;
#3203 = FACE_OUTER_BOUND ( 'NONE', #392, .T. ) ;
#3204 = PRODUCT_DEFINITION_CONTEXT ( 'detailed design', #518, 'design' ) ;
#3205 = CARTESIAN_POINT ( 'NONE',  ( -2.200000000000000178, -5.299999999975160137, 4.400000000000000355 ) ) ;
#3206 = FACE_BOUND ( 'NONE', #348, .T. ) ;
#3207 = CARTESIAN_POINT ( 'NONE',  ( 3.001123811401384955, -5.000000000000000000, 3.780783809238926541 ) ) ;
#3208 = DIRECTION ( 'NONE',  ( 0.0000000000000000000, 0.0000000000000000000, 1.000000000000000000 ) ) ;
#3209 = VERTEX_POINT ( 'NONE', #2304 ) ;
#3210 = FACE_OUTER_BOUND ( 'NONE', #495, .T. ) ;
#3211 = CIRCLE ( 'NONE', #1050, 0.5000000000000000000 ) ;
#3212 = CARTESIAN_POINT ( 'NONE',  ( 0.4000000000000000222, 4.898587196589413075E-17, 7.799999999999999822 ) ) ;
#3213 = ADVANCED_FACE ( 'NONE', ( #828 ), #948, .T. ) ;
#3214 = DIRECTION ( 'NONE',  ( -0.0000000000000000000, -0.0000000000000000000, -1.000000000000000000 ) ) ;
#3215 = VECTOR ( 'NONE', #2768, 1000.000000000000114 ) ;
#3216 = FACE_OUTER_BOUND ( 'NONE', #419, .T. ) ;
#3217 = FACE_BOUND ( 'NONE', #3267, .T. ) ;
#3218 = EDGE_CURVE ( 'NONE', #813, #1238, #690, .T. ) ;
#3219 = ORIENTED_EDGE ( 'NONE', *, *, #3536, .F. ) ;
#3220 = CARTESIAN_POINT ( 'NONE',  ( 3.001123811401384955, 3.499999999999999556, 1.699999999999999734 ) ) ;
#3221 = DIRECTION ( 'NONE',  ( 0.0000000000000000000, 0.0000000000000000000, -1.000000000000000000 ) ) ;
#3222 = DIRECTION ( 'NONE',  ( -0.0000000000000000000, -0.0000000000000000000, -1.000000000000000000 ) ) ;
#3223 = DIRECTION ( 'NONE',  ( 0.0000000000000000000, -1.000000000000000000, 0.0000000000000000000 ) ) ;
#3224 = AXIS2_PLACEMENT_3D ( 'NONE', #325, #2966, #1799 ) ;
#3225 = CARTESIAN_POINT ( 'NONE',  ( -3.500000000000002665, -6.349999999999998757, 1.699999999999999734 ) ) ;
#3226 = ORIENTED_EDGE ( 'NONE', *, *, #642, .F. ) ;
#3227 = CYLINDRICAL_SURFACE ( 'NONE', #2402, 0.2500000000000002220 ) ;
#3228 = CIRCLE ( 'NONE', #1565, 0.5000000000000000000 ) ;
#3229 = ORIENTED_EDGE ( 'NONE', *, *, #1672, .T. ) ;
#3230 = CARTESIAN_POINT ( 'NONE',  ( 1.141848732774663366, -2.841848732774663766, -1.000000000000000000 ) ) ;
#3231 = ADVANCED_FACE ( 'NONE', ( #1220 ), #3715, .F. ) ;
#3232 = DIRECTION ( 'NONE',  ( -1.521687259628777768E-16, -1.000000000000000000, 0.0000000000000000000 ) ) ;
#3233 = CARTESIAN_POINT ( 'NONE',  ( 1.500000000000001776, -2.950000000000000178, 3.299999999999999378 ) ) ;
#3234 = FACE_OUTER_BOUND ( 'NONE', #3427, .T. ) ;
#3235 = LINE ( 'NONE', #1769, #1259 ) ;
#3236 = EDGE_CURVE ( 'NONE', #2860, #1341, #535, .T. ) ;
#3237 = FACE_OUTER_BOUND ( 'NONE', #607, .T. ) ;
#3238 = FILL_AREA_STYLE ('',( #2072 ) ) ;
#3239 = DIRECTION ( 'NONE',  ( 1.000000000000000000, 0.0000000000000000000, 0.0000000000000000000 ) ) ;
#3240 = UNCERTAINTY_MEASURE_WITH_UNIT (LENGTH_MEASURE( 1.000000000000000082E-05 ), #3003, 'distance_accuracy_value', 'NONE');
#3241 = CARTESIAN_POINT ( 'NONE',  ( -1.500000000000002220, 2.950000000000000178, 4.799999999999999822 ) ) ;
#3242 = ORIENTED_EDGE ( 'NONE', *, *, #3630, .T. ) ;
#3243 = DIRECTION ( 'NONE',  ( -0.0000000000000000000, -0.0000000000000000000, 1.000000000000000000 ) ) ;
#3244 = PRESENTATION_LAYER_ASSIGNMENT (  '', '', ( #1078 ) ) ;
#3245 = CARTESIAN_POINT ( 'NONE',  ( 2.000000000000001776, 2.450000000000000178, 3.299999999999999378 ) ) ;
#3246 = VERTEX_POINT ( 'NONE', #447 ) ;
#3247 = LINE ( 'NONE', #603, #3083 ) ;
#3248 = CYLINDRICAL_SURFACE ( 'NONE', #3018, 0.5000000000000000000 ) ;
#3249 = ORIENTED_EDGE ( 'NONE', *, *, #3761, .F. ) ;
#3250 = MANIFOLD_SOLID_BREP ( '倒角1', #1150 ) ;
#3251 = VERTEX_POINT ( 'NONE', #822 ) ;
#3252 = CARTESIAN_POINT ( 'NONE',  ( 3.001123811401384955, -3.499999999999999556, 3.780783809238926541 ) ) ;
#3253 = AXIS2_PLACEMENT_3D ( 'NONE', #3252, #608, #1794 ) ;
#3254 =( NAMED_UNIT ( * ) SI_UNIT ( $, .STERADIAN. ) SOLID_ANGLE_UNIT ( ) );
#3255 = EDGE_LOOP ( 'NONE', ( #1483, #1453, #3801, #2652 ) ) ;
#3256 =( BOUNDED_SURFACE ( )  B_SPLINE_SURFACE ( 3, 2, ( 
 ( #1744, #2921, #274 ),
 ( #1451, #2633, #3790 ),
 ( #1156, #2341, #3510 ),
 ( #877, #2060, #3230 ) ),
 .UNSPECIFIED., .F., .F., .T. ) 
 B_SPLINE_SURFACE_WITH_KNOTS ( ( 4, 4 ),
 ( 3, 3 ),
 ( 5.501585242055419656, 6.283185307179586232 ),
 ( 0.0000000000000000000, 1.000000000000000000 ),
 .UNSPECIFIED. ) 
 GEOMETRIC_REPRESENTATION_ITEM ( )  RATIONAL_B_SPLINE_SURFACE ( (
 ( 1.000000000000000000, 0.7372773368101240843, 1.000000000000000000),
 ( 1.000000000000000000, 0.7449550586513146166, 1.000000000000000000),
 ( 1.000000000000000000, 0.7493005499708281780, 1.000000000000000000),
 ( 1.000000000000000000, 0.7492634205062600472, 1.000000000000000000) ) ) 
 REPRESENTATION_ITEM ( '' )  SURFACE ( )  );
#3257 = CARTESIAN_POINT ( 'NONE',  ( -3.000000000000000000, -6.349999999999998757, 1.199999999999999956 ) ) ;
#3258 = ADVANCED_FACE ( 'NONE', ( #1780 ), #2498, .F. ) ;
#3259 = CARTESIAN_POINT ( 'NONE',  ( -1.500000000000002220, 2.950000000000000178, 3.299999999999999378 ) ) ;
#3260 = CARTESIAN_POINT ( 'NONE',  ( -1.428484041288940354, -2.614413987428203967, -0.8174311485495316942 ) ) ;
#3261 = AXIS2_PLACEMENT_3D ( 'NONE', #2748, #97, #449 ) ;
#3262 = VERTEX_POINT ( 'NONE', #892 ) ;
#3263 = CYLINDRICAL_SURFACE ( 'NONE', #2182, 3.000000000000000888 ) ;
#3264 = ADVANCED_FACE ( 'NONE', ( #3525 ), #2357, .F. ) ;
#3265 = ORIENTED_EDGE ( 'NONE', *, *, #3776, .F. ) ;
#3266 = DIRECTION ( 'NONE',  ( -0.0000000000000000000, 1.000000000000000000, 0.0000000000000000000 ) ) ;
#3267 = EDGE_LOOP ( 'NONE', ( #164, #1526 ) ) ;
#3268 = EDGE_LOOP ( 'NONE', ( #3599, #2134, #22, #1388 ) ) ;
#3269 = DIRECTION ( 'NONE',  ( 0.0000000000000000000, 0.0000000000000000000, -1.000000000000000000 ) ) ;
#3270 = CARTESIAN_POINT ( 'NONE',  ( -3.000000000000000000, -6.349999999999998757, 1.699999999999999734 ) ) ;
#3271 =( NAMED_UNIT ( * ) PLANE_ANGLE_UNIT ( ) SI_UNIT ( $, .RADIAN. ) );
#3272 = CARTESIAN_POINT ( 'NONE',  ( -3.001123811401384955, -5.000000000000000000, 2.199999999999999734 ) ) ;
#3273 = EDGE_LOOP ( 'NONE', ( #2929, #284, #1132, #1656, #780 ) ) ;
#3274 = EDGE_CURVE ( 'NONE', #660, #2910, #3228, .T. ) ;
#3275 = CARTESIAN_POINT ( 'NONE',  ( -0.4000000000000000222, 0.0000000000000000000, 7.699999999999998401 ) ) ;
#3276 = ORIENTED_EDGE ( 'NONE', *, *, #595, .F. ) ;
#3277 = CARTESIAN_POINT ( 'NONE',  ( -1.001902650954127338, -3.199999999999999734, 0.0000000000000000000 ) ) ;
#3278 = AXIS2_PLACEMENT_3D ( 'NONE', #2130, #3296, #658 ) ;
#3279 = CARTESIAN_POINT ( 'NONE',  ( 0.0000000000000000000, 0.0000000000000000000, 4.299999999999999822 ) ) ;
#3280 = ORIENTED_EDGE ( 'NONE', *, *, #1580, .F. ) ;
#3281 = DIRECTION ( 'NONE',  ( 0.0000000000000000000, 0.0000000000000000000, 1.000000000000000000 ) ) ;
#3282 = CIRCLE ( 'NONE', #1619, 0.9000000000000000222 ) ;
#3283 = ORIENTED_EDGE ( 'NONE', *, *, #2595, .T. ) ;
#3284 = CARTESIAN_POINT ( 'NONE',  ( 0.0000000000000000000, 6.349999999999998757, 4.799999999999999822 ) ) ;
#3285 = LINE ( 'NONE', #2117, #2719 ) ;
#3286 = DIRECTION ( 'NONE',  ( 0.0000000000000000000, 0.0000000000000000000, 1.000000000000000000 ) ) ;
#3287 = VERTEX_POINT ( 'NONE', #1757 ) ;
#3288 = PRESENTATION_STYLE_ASSIGNMENT (( #2123 ) ) ;
#3289 = ORIENTED_EDGE ( 'NONE', *, *, #2782, .F. ) ;
#3290 = CYLINDRICAL_SURFACE ( 'NONE', #3704, 0.2000000000000000944 ) ;
#3291 = ORIENTED_EDGE ( 'NONE', *, *, #2115, .T. ) ;
#3292 = CARTESIAN_POINT ( 'NONE',  ( -2.450000000000000178, -5.299999999975160137, 4.400000000000000355 ) ) ;
#3293 = ORIENTED_EDGE ( 'NONE', *, *, #735, .F. ) ;
#3294 = EDGE_CURVE ( 'NONE', #907, #1370, #3710, .T. ) ;
#3295 = DIRECTION ( 'NONE',  ( 1.000000000000000000, 0.0000000000000000000, 0.0000000000000000000 ) ) ;
#3296 = DIRECTION ( 'NONE',  ( 0.0000000000000000000, 0.0000000000000000000, 1.000000000000000000 ) ) ;
#3297 = PRESENTATION_STYLE_ASSIGNMENT (( #2131 ) ) ;
#3298 = VERTEX_POINT ( 'NONE', #871 ) ;
#3299 = DIRECTION ( 'NONE',  ( 8.503546450866703280E-17, 1.000000000000000000, -0.0000000000000000000 ) ) ;
#3300 = ORIENTED_EDGE ( 'NONE', *, *, #3442, .F. ) ;
#3301 = AXIS2_PLACEMENT_3D ( 'NONE', #964, #2439, #3314 ) ;
#3302 = ORIENTED_EDGE ( 'NONE', *, *, #923, .T. ) ;
#3303 =( GEOMETRIC_REPRESENTATION_CONTEXT ( 3 ) GLOBAL_UNCERTAINTY_ASSIGNED_CONTEXT ( ( #2623 ) ) GLOBAL_UNIT_ASSIGNED_CONTEXT ( ( #3103, #2811, #2527 ) ) REPRESENTATION_CONTEXT ( 'NONE', 'WORKASPACE' ) );
#3304 = ORIENTED_EDGE ( 'NONE', *, *, #2392, .F. ) ;
#3305 = DIRECTION ( 'NONE',  ( 0.0000000000000000000, 0.0000000000000000000, 1.000000000000000000 ) ) ;
#3306 = CARTESIAN_POINT ( 'NONE',  ( 2.500000000000002220, 3.450000000000000178, 0.3999999999999993006 ) ) ;
#3307 = EDGE_CURVE ( 'NONE', #3594, #954, #1814, .T. ) ;
#3308 = EDGE_CURVE ( 'NONE', #906, #3449, #399, .T. ) ;
#3309 = SHAPE_REPRESENTATION_RELATIONSHIP ( 'NONE' , 'NONE' ,  #2843, #2661 ) ;
#3310 = ORIENTED_EDGE ( 'NONE', *, *, #3652, .F. ) ;
#3311 = LINE ( 'NONE', #670, #395 ) ;
#3312 = VECTOR ( 'NONE', #678, 1000.000000000000000 ) ;
#3313 = CARTESIAN_POINT ( 'NONE',  ( 0.5000000000000000000, -1.399999999994816058, -0.6000000000000000888 ) ) ;
#3314 = DIRECTION ( 'NONE',  ( -1.000000000000000000, 0.0000000000000000000, 0.0000000000000000000 ) ) ;
#3315 = VECTOR ( 'NONE', #2923, 1000.000000000000000 ) ;
#3316 = CARTESIAN_POINT ( 'NONE',  ( -0.9000000000000000222, 0.0000000000000000000, 0.4000000000000000222 ) ) ;
#3317 = CARTESIAN_POINT ( 'NONE',  ( -4.000000000000001776, 6.349999999999995204, 1.349999999999999867 ) ) ;
#3318 = CARTESIAN_POINT ( 'NONE',  ( 4.000000000000001776, -6.349999999999997868, 2.199999999999999734 ) ) ;
#3319 = AXIS2_PLACEMENT_3D ( 'NONE', #1074, #2264, #3431 ) ;
#3320 = PRODUCT_DEFINITION_SHAPE ( 'NONE', 'NONE',  #991 ) ;
#3321 = DIRECTION ( 'NONE',  ( -0.0000000000000000000, -0.0000000000000000000, -1.000000000000000000 ) ) ;
#3322 = VECTOR ( 'NONE', #1133, 1000.000000000000000 ) ;
#3323 = VERTEX_POINT ( 'NONE', #1739 ) ;
#3324 = ORIENTED_EDGE ( 'NONE', *, *, #3236, .T. ) ;
#3325 = PLANE ( 'NONE',  #2541 ) ;
#3326 = CARTESIAN_POINT ( 'NONE',  ( 2.500000000000002220, -3.450000000000000178, 0.3999999999999993006 ) ) ;
#3327 = ADVANCED_FACE ( 'NONE', ( #561, #3206, #2040 ), #852, .T. ) ;
#3328 = ADVANCED_FACE ( 'NONE', ( #3768 ), #2605, .F. ) ;
#3329 = CARTESIAN_POINT ( 'NONE',  ( 0.0000000000000000000, 6.349999999999998757, 1.349999999999999867 ) ) ;
#3330 = ORIENTED_EDGE ( 'NONE', *, *, #172, .T. ) ;
#3331 = ORIENTED_EDGE ( 'NONE', *, *, #241, .T. ) ;
#3332 = CARTESIAN_POINT ( 'NONE',  ( 1.000000000000000000, 3.450000000000000178, 4.799999999999999822 ) ) ;
#3333 = CIRCLE ( 'NONE', #2847, 0.5000000000000000000 ) ;
#3334 = ORIENTED_EDGE ( 'NONE', *, *, #2087, .F. ) ;
#3335 = CARTESIAN_POINT ( 'NONE',  ( 2.750000000000001776, 6.349999999999997868, 0.0000000000000000000 ) ) ;
#3336 = DIRECTION ( 'NONE',  ( 1.000000000000000000, 0.0000000000000000000, 0.0000000000000000000 ) ) ;
#3337 = CIRCLE ( 'NONE', #2849, 2.200000000000000622 ) ;
#3338 = DIRECTION ( 'NONE',  ( 0.0000000000000000000, 0.0000000000000000000, -1.000000000000000000 ) ) ;
#3339 = PLANE ( 'NONE',  #1051 ) ;
#3340 = AXIS2_PLACEMENT_3D ( 'NONE', #2549, #1720, #546 ) ;
#3341 = EDGE_LOOP ( 'NONE', ( #206, #456 ) ) ;
#3342 = CARTESIAN_POINT ( 'NONE',  ( 3.000000000000001776, 6.349999999999997868, 4.799999999999999822 ) ) ;
#3343 = TOROIDAL_SURFACE ( 'NONE', #1685, 1.244629717055206530, 0.2000000000000000111 ) ;
#3344 = CARTESIAN_POINT ( 'NONE',  ( 3.001123811401384955, 5.000000000000000000, 2.199999999999999734 ) ) ;
#3345 = AXIS2_PLACEMENT_3D ( 'NONE', #334, #2971, #1805 ) ;
#3346 = EDGE_CURVE ( 'NONE', #724, #1173, #3358, .T. ) ;
#3347 = AXIS2_PLACEMENT_3D ( 'NONE', #121, #1296, #2487 ) ;
#3348 = EDGE_CURVE ( 'NONE', #3050, #1829, #544, .T. ) ;
#3349 = ORIENTED_EDGE ( 'NONE', *, *, #992, .F. ) ;
#3350 = FACE_OUTER_BOUND ( 'NONE', #2598, .T. ) ;
#3351 = VERTEX_POINT ( 'NONE', #3751 ) ;
#3352 = VERTEX_POINT ( 'NONE', #2588 ) ;
#3353 = DIRECTION ( 'NONE',  ( 0.0000000000000000000, 0.0000000000000000000, -1.000000000000000000 ) ) ;
#3354 = VERTEX_POINT ( 'NONE', #1410 ) ;
#3355 = LINE ( 'NONE', #697, #1835 ) ;
#3356 = DIRECTION ( 'NONE',  ( 0.0000000000000000000, 0.0000000000000000000, -1.000000000000000000 ) ) ;
#3357 = CARTESIAN_POINT ( 'NONE',  ( -2.750000000000000000, -6.349999999999999645, 0.0000000000000000000 ) ) ;
#3358 =( BOUNDED_CURVE ( )  B_SPLINE_CURVE ( 3, ( #3188, #2025, #837, #3469 ),
 .UNSPECIFIED., .F., .T. ) 
 B_SPLINE_CURVE_WITH_KNOTS ( ( 4, 4 ),
 ( 5.501585242055419656, 6.283185307179585344 ),
 .UNSPECIFIED. ) 
 CURVE ( )  GEOMETRIC_REPRESENTATION_ITEM ( )  RATIONAL_B_SPLINE_CURVE ( ( 1.000000000000000000, 0.9497364005219712801, 0.9497364005219712801, 1.000000000000000000 ) ) 
 REPRESENTATION_ITEM ( '' )  );
#3359 = EDGE_LOOP ( 'NONE', ( #100, #2853, #314, #2722 ) ) ;
#3360 = CARTESIAN_POINT ( 'NONE',  ( 2.450000000000000622, -2.449999999975159160, 0.2500000000000002220 ) ) ;
#3361 = VERTEX_POINT ( 'NONE', #234 ) ;
#3362 = LINE ( 'NONE', #726, #913 ) ;
#3363 = CIRCLE ( 'NONE', #1706, 0.4899999999999999911 ) ;
#3364 = LINE ( 'NONE', #727, #2215 ) ;
#3365 = CARTESIAN_POINT ( 'NONE',  ( 1.476161335804873520, 1.898297238271772880, -0.2724771785782691413 ) ) ;
#3366 = DIRECTION ( 'NONE',  ( 0.0000000000000000000, 0.0000000000000000000, 1.000000000000000000 ) ) ;
#3367 = EDGE_CURVE ( 'NONE', #1523, #3432, #3530, .T. ) ;
#3368 = ORIENTED_EDGE ( 'NONE', *, *, #1275, .T. ) ;
#3369 = CARTESIAN_POINT ( 'NONE',  ( 3.001123811401384955, 3.499999999999999556, 2.199999999999999734 ) ) ;
#3370 = DIRECTION ( 'NONE',  ( 0.0000000000000000000, 0.0000000000000000000, 1.000000000000000000 ) ) ;
#3371 = EDGE_LOOP ( 'NONE', ( #2327, #3302, #2779, #1433, #424, #51, #2995, #3603 ) ) ;
#3372 = DIRECTION ( 'NONE',  ( -1.000000000000000000, 0.0000000000000000000, 0.0000000000000000000 ) ) ;
#3373 = EDGE_CURVE ( 'NONE', #218, #2850, #3172, .T. ) ;
#3374 = FILL_AREA_STYLE_COLOUR ( '', #2478 ) ;
#3375 = CARTESIAN_POINT ( 'NONE',  ( -1.500000000000002220, 2.950000000000000178, 4.799999999999999822 ) ) ;
#3376 = EDGE_CURVE ( 'NONE', #1188, #3722, #3450, .T. ) ;
#3377 = AXIS2_PLACEMENT_3D ( 'NONE', #2789, #137, #1312 ) ;
#3378 = CARTESIAN_POINT ( 'NONE',  ( -3.500000000000002665, -6.349999999999998757, 1.699999999999999734 ) ) ;
#3379 = CARTESIAN_POINT ( 'NONE',  ( -2.199999999999999734, -2.449999999999999734, 4.150000000000000355 ) ) ;
#3380 = DIRECTION ( 'NONE',  ( 0.0000000000000000000, 0.0000000000000000000, 1.000000000000000000 ) ) ;
#3381 = CARTESIAN_POINT ( 'NONE',  ( -2.000000000000001332, -2.450000000000000178, 3.299999999999999378 ) ) ;
#3382 = DIRECTION ( 'NONE',  ( 1.000000000000000000, 0.0000000000000000000, 0.0000000000000000000 ) ) ;
#3383 = ORIENTED_EDGE ( 'NONE', *, *, #2535, .F. ) ;
#3384 = ORIENTED_EDGE ( 'NONE', *, *, #1797, .F. ) ;
#3385 = DIRECTION ( 'NONE',  ( -0.0000000000000000000, -0.0000000000000000000, 1.000000000000000000 ) ) ;
#3387 = FACE_OUTER_BOUND ( 'NONE', #689, .T. ) ;
#3386 = CARTESIAN_POINT ( 'NONE',  ( -3.850000000000000977, -6.349999999999999645, 1.349999999999999867 ) ) ;
#3388 = ORIENTED_EDGE ( 'NONE', *, *, #1500, .F. ) ;
#3389 = CARTESIAN_POINT ( 'NONE',  ( -1.499999999999999778, 1.899999999999999245, 0.0000000000000000000 ) ) ;
#3390 = AXIS2_PLACEMENT_3D ( 'NONE', #1138, #2325, #3494 ) ;
#3391 = VERTEX_POINT ( 'NONE', #3732 ) ;
#3392 = CARTESIAN_POINT ( 'NONE',  ( 3.500000000000002220, 6.349999999999998757, 1.699999999999999734 ) ) ;
#3393 = ADVANCED_FACE ( 'NONE', ( #2569 ), #1395, .T. ) ;
#3394 = CARTESIAN_POINT ( 'NONE',  ( -3.000000000000000000, -6.349999999999998757, 4.799999999999999822 ) ) ;
#3395 = FACE_OUTER_BOUND ( 'NONE', #2378, .T. ) ;
#3396 = AXIS2_PLACEMENT_3D ( 'NONE', #2766, #1587, #415 ) ;
#3397 = AXIS2_PLACEMENT_3D ( 'NONE', #1223, #2415, #3587 ) ;
#3398 = DIRECTION ( 'NONE',  ( 0.0000000000000000000, 0.0000000000000000000, 1.000000000000000000 ) ) ;
#3399 = EDGE_LOOP ( 'NONE', ( #1838, #639, #3586, #867 ) ) ;
#3400 = ORIENTED_EDGE ( 'NONE', *, *, #3454, .F. ) ;
#3401 = DIRECTION ( 'NONE',  ( -0.0000000000000000000, -0.0000000000000000000, 1.000000000000000000 ) ) ;
#3402 = CARTESIAN_POINT ( 'NONE',  ( 0.0000000000000000000, -6.349999999999998757, 1.699999999999999734 ) ) ;
#3403 = CYLINDRICAL_SURFACE ( 'NONE', #336, 0.4000000000000000222 ) ;
#3404 = AXIS2_PLACEMENT_3D ( 'NONE', #1001, #2190, #3356 ) ;
#3405 = CYLINDRICAL_SURFACE ( 'NONE', #3796, 0.4899999999999999911 ) ;
#3406 = CARTESIAN_POINT ( 'NONE',  ( 0.0000000000000000000, 0.0000000000000000000, 0.0000000000000000000 ) ) ;
#3407 = AXIS2_PLACEMENT_3D ( 'NONE', #2801, #1618, #448 ) ;
#3408 = PLANE ( 'NONE',  #138 ) ;
#3409 = DIRECTION ( 'NONE',  ( -1.000000000000000000, 0.0000000000000000000, 0.0000000000000000000 ) ) ;
#3410 = VERTEX_POINT ( 'NONE', #510 ) ;
#3411 =( LENGTH_UNIT ( ) NAMED_UNIT ( * ) SI_UNIT ( .MILLI., .METRE. ) );
#3412 = ORIENTED_EDGE ( 'NONE', *, *, #1727, .T. ) ;
#3413 = LINE ( 'NONE', #3748, #2007 ) ;
#3414 = CARTESIAN_POINT ( 'NONE',  ( 0.0000000000000000000, 0.0000000000000000000, 5.000000000000000000 ) ) ;
#3415 = LINE ( 'NONE', #2248, #460 ) ;
#3416 = ADVANCED_FACE ( 'NONE', ( #3151, #1989 ), #796, .T. ) ;
#3417 = VERTEX_POINT ( 'NONE', #422 ) ;
#3418 = ORIENTED_EDGE ( 'NONE', *, *, #1496, .F. ) ;
#3419 = CARTESIAN_POINT ( 'NONE',  ( 0.0000000000000000000, 6.349999999999998757, 2.199999999999999734 ) ) ;
#3420 = DIRECTION ( 'NONE',  ( -0.0000000000000000000, -0.0000000000000000000, 1.000000000000000000 ) ) ;
#3421 = CARTESIAN_POINT ( 'NONE',  ( -1.452322682482053651, 1.896574300304800120, -0.5449542328854857232 ) ) ;
#3422 = ORIENTED_EDGE ( 'NONE', *, *, #1836, .F. ) ;
#3423 = ADVANCED_FACE ( 'NONE', ( #1594 ), #2775, .F. ) ;
#3424 = APPLICATION_PROTOCOL_DEFINITION ( 'draft international standard', 'automotive_design', 1998, #2083 ) ;
#3425 = CARTESIAN_POINT ( 'NONE',  ( -2.500000000000000000, -6.349999999999999645, 0.3999999999999993006 ) ) ;
#3426 = EDGE_CURVE ( 'NONE', #717, #1733, #2084, .T. ) ;
#3427 = EDGE_LOOP ( 'NONE', ( #3137, #464, #3004, #3747 ) ) ;
#3428 = DIRECTION ( 'NONE',  ( -1.000000000000000000, 0.0000000000000000000, 0.0000000000000000000 ) ) ;
#3429 = DIRECTION ( 'NONE',  ( 0.0000000000000000000, 0.0000000000000000000, 1.000000000000000000 ) ) ;
#3430 = VERTEX_POINT ( 'NONE', #3653 ) ;
#3431 = DIRECTION ( 'NONE',  ( -1.000000000000000000, 0.0000000000000000000, 0.0000000000000000000 ) ) ;
#3432 = VERTEX_POINT ( 'NONE', #1919 ) ;
#3433 = CARTESIAN_POINT ( 'NONE',  ( 0.2999999999999990452, 3.673940397442047789E-17, 7.799999999999999822 ) ) ;
#3434 = ORIENTED_EDGE ( 'NONE', *, *, #3548, .F. ) ;
#3435 = FACE_OUTER_BOUND ( 'NONE', #357, .T. ) ;
#3436 = VECTOR ( 'NONE', #278, 1000.000000000000000 ) ;
#3437 = CARTESIAN_POINT ( 'NONE',  ( 3.001123811401384955, -5.000000000000000000, 3.780783809238926541 ) ) ;
#3438 = AXIS2_PLACEMENT_3D ( 'NONE', #2651, #2, #1467 ) ;
#3439 = CARTESIAN_POINT ( 'NONE',  ( -3.500000000000002665, 4.999999999999996447, 2.199999999999999734 ) ) ;
#3440 = ORIENTED_EDGE ( 'NONE', *, *, #2967, .T. ) ;
#3441 = CIRCLE ( 'NONE', #1281, 0.2000000000000001221 ) ;
#3442 = EDGE_CURVE ( 'NONE', #2091, #2618, #1693, .T. ) ;
#3443 = ORIENTED_EDGE ( 'NONE', *, *, #2570, .F. ) ;
#3444 = FACE_OUTER_BOUND ( 'NONE', #61, .T. ) ;
#3445 = DIRECTION ( 'NONE',  ( 0.0000000000000000000, 1.000000000000000000, 0.0000000000000000000 ) ) ;
#3446 = ORIENTED_EDGE ( 'NONE', *, *, #611, .F. ) ;
#3447 = ORIENTED_EDGE ( 'NONE', *, *, #1313, .F. ) ;
#3448 = CYLINDRICAL_SURFACE ( 'NONE', #2474, 0.9000000000000000222 ) ;
#3449 = VERTEX_POINT ( 'NONE', #2790 ) ;
#3450 = LINE ( 'NONE', #2283, #2371 ) ;
#3451 = CARTESIAN_POINT ( 'NONE',  ( 3.500000000000002220, 6.349999999999997868, 2.199999999999999734 ) ) ;
#3452 = CARTESIAN_POINT ( 'NONE',  ( 1.001902650954127116, -3.200000000000000178, 0.0000000000000000000 ) ) ;
#3453 = PLANE ( 'NONE',  #2275 ) ;
#3454 = EDGE_CURVE ( 'NONE', #736, #381, #139, .T. ) ;
#3455 = ADVANCED_FACE ( 'NONE', ( #3672 ), #1032, .F. ) ;
#3456 = ORIENTED_EDGE ( 'NONE', *, *, #1538, .F. ) ;
#3457 = AXIS2_PLACEMENT_3D ( 'NONE', #2052, #3221, #576 ) ;
#3458 = DIRECTION ( 'NONE',  ( -0.0000000000000000000, 1.000000000000000000, -0.0000000000000000000 ) ) ;
#3459 = ORIENTED_EDGE ( 'NONE', *, *, #929, .F. ) ;
#3460 = ADVANCED_FACE ( 'NONE', ( #1935 ), #3099, .F. ) ;
#3461 = AXIS2_PLACEMENT_3D ( 'NONE', #2002, #3162, #521 ) ;
#3462 = CARTESIAN_POINT ( 'NONE',  ( -3.850000000000001865, 6.349999999999998757, 1.199999999999999956 ) ) ;
#3463 = CIRCLE ( 'NONE', #1816, 0.9000000000000000222 ) ;
#3464 = PRODUCT_DEFINITION_CONTEXT ( 'detailed design', #186, 'design' ) ;
#3465 = EDGE_CURVE ( 'NONE', #1914, #3182, #1007, .T. ) ;
#3466 = VERTEX_POINT ( 'NONE', #3686 ) ;
#3467 = CARTESIAN_POINT ( 'NONE',  ( 1.064184955399752441, -3.128079346503796376, -0.8220568311103780834 ) ) ;
#3468 = VERTEX_POINT ( 'NONE', #1048 ) ;
#3469 = CARTESIAN_POINT ( 'NONE',  ( -1.141848732774663810, -2.841848732774663766, -1.000000000000000000 ) ) ;
#3470 = VECTOR ( 'NONE', #2270, 1000.000000000000000 ) ;
#3471 = ADVANCED_FACE ( 'NONE', ( #2236 ), #3403, .T. ) ;
#3472 = CARTESIAN_POINT ( 'NONE',  ( 0.5000000000000000000, 6.123233995736766036E-17, 0.4000000000000000222 ) ) ;
#3473 = DIRECTION ( 'NONE',  ( 0.0000000000000000000, 1.000000000000000000, 0.0000000000000000000 ) ) ;
#3474 = LINE ( 'NONE', #840, #3685 ) ;
#3475 = FACE_OUTER_BOUND ( 'NONE', #556, .T. ) ;
#3476 = ADVANCED_FACE ( 'NONE', ( #483 ), #1649, .T. ) ;
#3477 = VERTEX_POINT ( 'NONE', #2542 ) ;
#3478 = DIRECTION ( 'NONE',  ( 0.0000000000000000000, -1.000000000000000000, 0.0000000000000000000 ) ) ;
#3479 = AXIS2_PLACEMENT_3D ( 'NONE', #1889, #1000, #2167 ) ;
#3480 = VERTEX_POINT ( 'NONE', #3703 ) ;
#3481 = CARTESIAN_POINT ( 'NONE',  ( 0.0000000000000000000, -6.349999999999998757, 0.0000000000000000000 ) ) ;
#3482 = AXIS2_PLACEMENT_3D ( 'NONE', #1921, #3085, #443 ) ;
#3483 = DIRECTION ( 'NONE',  ( -0.0000000000000000000, -0.0000000000000000000, 1.000000000000000000 ) ) ;
#3484 = CARTESIAN_POINT ( 'NONE',  ( 2.981555974335137194E-16, 1.684615384615384404, -1.000000000000000000 ) ) ;
#3485 = EDGE_CURVE ( 'NONE', #210, #3545, #1901, .T. ) ;
#3486 = LINE ( 'NONE', #2316, #1006 ) ;
#3487 = PLANE ( 'NONE',  #977 ) ;
#3488 = ORIENTED_EDGE ( 'NONE', *, *, #2405, .T. ) ;
#3489 = CARTESIAN_POINT ( 'NONE',  ( 0.0000000000000000000, 0.0000000000000000000, 5.000000000000000000 ) ) ;
#3490 = EDGE_CURVE ( 'NONE', #3540, #3262, #1065, .T. ) ;
#3491 = VECTOR ( 'NONE', #956, 1000.000000000000000 ) ;
#3492 = ORIENTED_EDGE ( 'NONE', *, *, #929, .T. ) ;
#3493 = DIRECTION ( 'NONE',  ( -0.0000000000000000000, 1.000000000000000000, -0.0000000000000000000 ) ) ;
#3494 = DIRECTION ( 'NONE',  ( 0.0000000000000000000, 0.08715574274765836016, -0.9961946980917455452 ) ) ;
#3495 = TOROIDAL_SURFACE ( 'NONE', #2523, 2.750000000000002665, 0.2500000000000000000 ) ;
#3496 = DIRECTION ( 'NONE',  ( 0.0000000000000000000, 0.0000000000000000000, -1.000000000000000000 ) ) ;
#3497 = AXIS2_PLACEMENT_3D ( 'NONE', #478, #1648, #2825 ) ;
#3498 = ORIENTED_EDGE ( 'NONE', *, *, #136, .T. ) ;
#3499 = EDGE_LOOP ( 'NONE', ( #3524, #681, #1978, #3265 ) ) ;
#3500 = VERTEX_POINT ( 'NONE', #1668 ) ;
#3501 = ORIENTED_EDGE ( 'NONE', *, *, #688, .F. ) ;
#3502 = AXIS2_PLACEMENT_3D ( 'NONE', #3192, #549, #1723 ) ;
#3503 = DIRECTION ( 'NONE',  ( 1.000000000000000000, 0.0000000000000000000, 0.0000000000000000000 ) ) ;
#3504 = CARTESIAN_POINT ( 'NONE',  ( 3.500000000000003553, -5.000000000000000888, 1.699999999999999734 ) ) ;
#3505 = EDGE_CURVE ( 'NONE', #3246, #692, #2983, .T. ) ;
#3506 = CARTESIAN_POINT ( 'NONE',  ( 1.141848732774663366, -2.841848732774663766, -1.000000000000000000 ) ) ;
#3507 = VERTEX_POINT ( 'NONE', #2559 ) ;
#3508 = CARTESIAN_POINT ( 'NONE',  ( 0.5000000000000000000, 1.399999999994816058, -0.6000000000000000888 ) ) ;
#3509 = ORIENTED_EDGE ( 'NONE', *, *, #545, .T. ) ;
#3510 = CARTESIAN_POINT ( 'NONE',  ( 1.197443560668535190, -2.786253903843437740, -1.000000000000000000 ) ) ;
#3511 = DIRECTION ( 'NONE',  ( -0.0000000000000000000, -0.0000000000000000000, -1.000000000000000000 ) ) ;
#3512 = AXIS2_PLACEMENT_3D ( 'NONE', #1208, #2400, #3571 ) ;
#3513 = CARTESIAN_POINT ( 'NONE',  ( -2.199999999999999734, -2.449999999975159604, 0.2500000000000002220 ) ) ;
#3514 = CARTESIAN_POINT ( 'NONE',  ( 4.000000000000001776, -6.349999999999997868, 1.349999999999999867 ) ) ;
#3515 = VECTOR ( 'NONE', #2484, 1000.000000000000000 ) ;
#3516 = CARTESIAN_POINT ( 'NONE',  ( 1.229245101670592089, 1.684615384615384182, -0.8000000000000000444 ) ) ;
#3517 = VECTOR ( 'NONE', #2586, 1000.000000000000000 ) ;
#3518 = CARTESIAN_POINT ( 'NONE',  ( -1.500000000000000888, -2.450000000000000178, 4.799999999999999822 ) ) ;
#3519 = DIRECTION ( 'NONE',  ( 1.000000000000000000, 0.0000000000000000000, 0.0000000000000000000 ) ) ;
#3520 = ORIENTED_EDGE ( 'NONE', *, *, #815, .F. ) ;
#3521 = CARTESIAN_POINT ( 'NONE',  ( 1.061524179107070642, -3.128087394452462977, -0.8219648426361991778 ) ) ;
#3522 = AXIS2_PLACEMENT_3D ( 'NONE', #1598, #2778, #124 ) ;
#3523 = CARTESIAN_POINT ( 'NONE',  ( 0.0000000000000000000, -6.349999999999998757, 0.0000000000000000000 ) ) ;
#3524 = ORIENTED_EDGE ( 'NONE', *, *, #120, .T. ) ;
#3525 = FACE_OUTER_BOUND ( 'NONE', #672, .T. ) ;
#3526 = VECTOR ( 'NONE', #2650, 1000.000000000000000 ) ;
#3527 = CARTESIAN_POINT ( 'NONE',  ( -3.001123811401384955, -3.499999999999999556, 1.699999999999999734 ) ) ;
#3528 = ORIENTED_EDGE ( 'NONE', *, *, #1982, .F. ) ;
#3529 = DIRECTION ( 'NONE',  ( 0.0000000000000000000, -1.000000000000000000, 0.0000000000000000000 ) ) ;
#3530 = CIRCLE ( 'NONE', #1888, 0.5000000000000000000 ) ;
#3531 = EDGE_LOOP ( 'NONE', ( #1407, #3501, #3079, #1761 ) ) ;
#3532 = DIRECTION ( 'NONE',  ( -1.000000000000000000, 0.0000000000000000000, 0.0000000000000000000 ) ) ;
#3533 = ORIENTED_EDGE ( 'NONE', *, *, #1268, .T. ) ;
#3534 =( NAMED_UNIT ( * ) SI_UNIT ( $, .STERADIAN. ) SOLID_ANGLE_UNIT ( ) );
#3535 = CARTESIAN_POINT ( 'NONE',  ( -3.500000000001252332, 3.499999999999999556, 2.199999999999999734 ) ) ;
#3536 = EDGE_CURVE ( 'NONE', #218, #1931, #3721, .T. ) ;
#3537 =( NAMED_UNIT ( * ) PLANE_ANGLE_UNIT ( ) SI_UNIT ( $, .RADIAN. ) );
#3538 = AXIS2_PLACEMENT_3D ( 'NONE', #1180, #1266, #957 ) ;
#3539 = ORIENTED_EDGE ( 'NONE', *, *, #1983, .T. ) ;
#3540 = VERTEX_POINT ( 'NONE', #3439 ) ;
#3541 = EDGE_CURVE ( 'NONE', #1540, #3352, #805, .T. ) ;
#3542 = CARTESIAN_POINT ( 'NONE',  ( 1.178407177562598829, -3.055294264511544178, -1.000000000000033751 ) ) ;
#3543 = CARTESIAN_POINT ( 'NONE',  ( 0.0000000000000000000, 0.0000000000000000000, 7.799999999999999822 ) ) ;
#3544 = CARTESIAN_POINT ( 'NONE',  ( -1.278369582690564332, 1.883572490262016341, -1.000000000000000000 ) ) ;
#3545 = VERTEX_POINT ( 'NONE', #2639 ) ;
#3546 = EDGE_LOOP ( 'NONE', ( #3169, #231, #2961, #3640 ) ) ;
#3547 =( GEOMETRIC_REPRESENTATION_CONTEXT ( 3 ) GLOBAL_UNCERTAINTY_ASSIGNED_CONTEXT ( ( #3729 ) ) GLOBAL_UNIT_ASSIGNED_CONTEXT ( ( #3559, #3271, #2984 ) ) REPRESENTATION_CONTEXT ( 'NONE', 'WORKASPACE' ) );
#3548 = EDGE_CURVE ( 'NONE', #2708, #2184, #3363, .T. ) ;
#3549 = DIRECTION ( 'NONE',  ( -1.000000000000000000, 0.0000000000000000000, 0.0000000000000000000 ) ) ;
#3550 = DIRECTION ( 'NONE',  ( 0.0000000000000000000, 0.0000000000000000000, -1.000000000000000000 ) ) ;
#3551 = ORIENTED_EDGE ( 'NONE', *, *, #3218, .F. ) ;
#3552 = FACE_OUTER_BOUND ( 'NONE', #3371, .T. ) ;
#3553 = ORIENTED_EDGE ( 'NONE', *, *, #3736, .F. ) ;
#3554 = EDGE_LOOP ( 'NONE', ( #3147, #2480, #1731, #1179 ) ) ;
#3555 = PLANE ( 'NONE',  #3538 ) ;
#3556 = DIRECTION ( 'NONE',  ( -1.000000000000000000, -8.850629979473503546E-17, 0.0000000000000000000 ) ) ;
#3557 = EDGE_CURVE ( 'NONE', #379, #3468, #657, .T. ) ;
#3558 = AXIS2_PLACEMENT_3D ( 'NONE', #3378, #743, #1932 ) ;
#3559 =( LENGTH_UNIT ( ) NAMED_UNIT ( * ) SI_UNIT ( .MILLI., .METRE. ) );
#3560 = VERTEX_POINT ( 'NONE', #376 ) ;
#3561 = EDGE_LOOP ( 'NONE', ( #2287, #1616, #1852, #2710 ) ) ;
#3562 = CARTESIAN_POINT ( 'NONE',  ( 3.001123811401384955, -5.000000000000000000, 2.199999999999999734 ) ) ;
#3563 = AXIS2_PLACEMENT_3D ( 'NONE', #3402, #766, #1955 ) ;
#3564 = VERTEX_POINT ( 'NONE', #1547 ) ;
#3565 = CARTESIAN_POINT ( 'NONE',  ( 2.750000000000001776, -6.349999999999997868, 0.2500000000000000000 ) ) ;
#3566 = ORIENTED_EDGE ( 'NONE', *, *, #451, .T. ) ;
#3567 = CIRCLE ( 'NONE', #2583, 0.9000000000000000222 ) ;
#3568 = CARTESIAN_POINT ( 'NONE',  ( -1.500000000000000222, -2.701902650954127960, 0.0000000000000000000 ) ) ;
#3569 = CARTESIAN_POINT ( 'NONE',  ( -1.282199884191092654, -2.982199884191092831, -0.8245582693234959626 ) ) ;
#3570 = ORIENTED_EDGE ( 'NONE', *, *, #2901, .F. ) ;
#3571 = DIRECTION ( 'NONE',  ( 1.000000000000000000, 0.0000000000000000000, 0.0000000000000000000 ) ) ;
#3572 = ORIENTED_EDGE ( 'NONE', *, *, #2657, .T. ) ;
#3573 = DIRECTION ( 'NONE',  ( 1.000000000000000000, 2.731847993664264205E-16, -0.0000000000000000000 ) ) ;
#3574 = FACE_OUTER_BOUND ( 'NONE', #63, .T. ) ;
#3575 = EDGE_CURVE ( 'NONE', #3430, #806, #2727, .T. ) ;
#3576 = CARTESIAN_POINT ( 'NONE',  ( -2.500000000000001332, -3.450000000000000178, 0.3999999999999993006 ) ) ;
#3577 = VECTOR ( 'NONE', #1605, 1000.000000000000000 ) ;
#3578 = ORIENTED_EDGE ( 'NONE', *, *, #3776, .T. ) ;
#3579 = AXIS2_PLACEMENT_3D ( 'NONE', #1615, #2799, #143 ) ;
#3580 = SURFACE_STYLE_FILL_AREA ( #2409 ) ;
#3581 = EDGE_CURVE ( 'NONE', #3391, #3507, #2440, .T. ) ;
#3582 = EDGE_CURVE ( 'NONE', #1234, #401, #2148, .T. ) ;
#3583 = AXIS2_PLACEMENT_3D ( 'NONE', #328, #1505, #2682 ) ;
#3584 = CARTESIAN_POINT ( 'NONE',  ( 0.4899999999999999911, 6.000769315822030986E-17, 5.299999999999999822 ) ) ;
#3585 = EDGE_CURVE ( 'NONE', #123, #286, #1866, .T. ) ;
#3586 = ORIENTED_EDGE ( 'NONE', *, *, #3032, .F. ) ;
#3587 = DIRECTION ( 'NONE',  ( 1.000000000000000000, 0.0000000000000000000, 0.0000000000000000000 ) ) ;
#3588 = ORIENTED_EDGE ( 'NONE', *, *, #1318, .T. ) ;
#3589 = DIRECTION ( 'NONE',  ( 1.000000000000000000, 0.0000000000000000000, 0.0000000000000000000 ) ) ;
#3590 = CARTESIAN_POINT ( 'NONE',  ( 1.278369582690567663, 1.883572490261987253, -1.000000000000000000 ) ) ;
#3591 = CIRCLE ( 'NONE', #1942, 0.2999999999999990452 ) ;
#3592 = EDGE_CURVE ( 'NONE', #3209, #1233, #1566, .T. ) ;
#3593 = SURFACE_STYLE_FILL_AREA ( #2422 ) ;
#3594 = VERTEX_POINT ( 'NONE', #1263 ) ;
#3595 = DIRECTION ( 'NONE',  ( -1.024442997624099077E-16, 1.000000000000000000, -0.0000000000000000000 ) ) ;
#3596 = AXIS2_PLACEMENT_3D ( 'NONE', #1771, #2945, #211 ) ;
#3597 = ORIENTED_EDGE ( 'NONE', *, *, #611, .T. ) ;
#3598 = EDGE_CURVE ( 'NONE', #2567, #1501, #1517, .T. ) ;
#3599 = ORIENTED_EDGE ( 'NONE', *, *, #1621, .T. ) ;
#3600 = LINE ( 'NONE', #1054, #3491 ) ;
#3601 = CYLINDRICAL_SURFACE ( 'NONE', #3340, 3.000000000000002665 ) ;
#3602 = DIRECTION ( 'NONE',  ( 0.0000000000000000000, 0.0000000000000000000, 1.000000000000000000 ) ) ;
#3603 = ORIENTED_EDGE ( 'NONE', *, *, #309, .T. ) ;
#3604 = CARTESIAN_POINT ( 'NONE',  ( 3.500000000001252332, 3.499999999999999556, 3.780783809238926541 ) ) ;
#3605 = LINE ( 'NONE', #963, #3753 ) ;
#3606 = DIRECTION ( 'NONE',  ( 1.000000000000000000, 0.0000000000000000000, 0.0000000000000000000 ) ) ;
#3607 = ORIENTED_EDGE ( 'NONE', *, *, #490, .T. ) ;
#3608 = CARTESIAN_POINT ( 'NONE',  ( 3.500000000001252332, -3.499999999999999556, 3.780783809238926541 ) ) ;
#3609 = CARTESIAN_POINT ( 'NONE',  ( -3.000000000000002665, 6.349999999999996092, 4.799999999999999822 ) ) ;
#3610 = DIRECTION ( 'NONE',  ( 1.000000000000000000, 0.0000000000000000000, 0.0000000000000000000 ) ) ;
#3611 = AXIS2_PLACEMENT_3D ( 'NONE', #2634, #3791, #1157 ) ;
#3612 = ADVANCED_FACE ( 'NONE', ( #1225 ), #3641, .F. ) ;
#3613 = DIRECTION ( 'NONE',  ( -1.000000000000000000, 0.0000000000000000000, 0.0000000000000000000 ) ) ;
#3614 = EDGE_LOOP ( 'NONE', ( #2426, #3725 ) ) ;
#3615 = CARTESIAN_POINT ( 'NONE',  ( -0.5000000000000000000, 0.0000000000000000000, 4.299999999999999822 ) ) ;
#3616 = DIRECTION ( 'NONE',  ( 0.0000000000000000000, 0.0000000000000000000, 1.000000000000000000 ) ) ;
#3617 = EDGE_CURVE ( 'NONE', #1008, #2098, #1022, .T. ) ;
#3618 = CARTESIAN_POINT ( 'NONE',  ( -1.500000000000002220, 2.950000000000000178, 4.299999999999999822 ) ) ;
#3619 = AXIS2_PLACEMENT_3D ( 'NONE', #276, #1454, #1963 ) ;
#3620 = ORIENTED_EDGE ( 'NONE', *, *, #3575, .F. ) ;
#3621 = VERTEX_POINT ( 'NONE', #128 ) ;
#3622 = LINE ( 'NONE', #982, #2109 ) ;
#3623 = EDGE_LOOP ( 'NONE', ( #1474, #2425, #2620, #1499 ) ) ;
#3624 = VECTOR ( 'NONE', #2919, 1000.000000000000000 ) ;
#3625 = CARTESIAN_POINT ( 'NONE',  ( 1.141848732774663366, -2.841848732774663766, -1.000000000000000000 ) ) ;
#3626 = DIRECTION ( 'NONE',  ( 1.521687259628777768E-16, 1.000000000000000000, -0.0000000000000000000 ) ) ;
#3627 = CIRCLE ( 'NONE', #1473, 0.4899999999999999911 ) ;
#3628 = CARTESIAN_POINT ( 'NONE',  ( -4.000000000000000888, -6.349999999999999645, 1.349999999999999867 ) ) ;
#3629 = EDGE_CURVE ( 'NONE', #1600, #1244, #843, .T. ) ;
#3630 = EDGE_CURVE ( 'NONE', #1437, #401, #1324, .T. ) ;
#3631 = EDGE_LOOP ( 'NONE', ( #983, #8, #331, #3124 ) ) ;
#3632 = EDGE_LOOP ( 'NONE', ( #2137, #2319, #341, #1864 ) ) ;
#3633 = CARTESIAN_POINT ( 'NONE',  ( 4.000000000000001776, -6.349999999999997868, 2.199999999999999734 ) ) ;
#3634 = CARTESIAN_POINT ( 'NONE',  ( -2.500000000000001332, 3.450000000000000178, 4.299999999999999822 ) ) ;
#3635 = ORIENTED_EDGE ( 'NONE', *, *, #223, .T. ) ;
#3636 = AXIS2_PLACEMENT_3D ( 'NONE', #3073, #432, #1604 ) ;
#3637 = CARTESIAN_POINT ( 'NONE',  ( -1.428484041288940354, -2.630386692243066538, -0.8174311485495316942 ) ) ;
#3638 = VERTEX_POINT ( 'NONE', #3335 ) ;
#3639 = DIRECTION ( 'NONE',  ( 0.0000000000000000000, -1.000000000000000000, 0.0000000000000000000 ) ) ;
#3640 = ORIENTED_EDGE ( 'NONE', *, *, #3557, .F. ) ;
#3641 = CYLINDRICAL_SURFACE ( 'NONE', #2509, 0.5000000000000000000 ) ;
#3642 = DIRECTION ( 'NONE',  ( 2.551063935260010491E-16, 1.000000000000000000, -1.795777374667484568E-33 ) ) ;
#3643 = EDGE_LOOP ( 'NONE', ( #190, #3773 ) ) ;
#3644 = DIRECTION ( 'NONE',  ( 0.0000000000000000000, 0.0000000000000000000, -1.000000000000000000 ) ) ;
#3645 = ORIENTED_EDGE ( 'NONE', *, *, #1122, .T. ) ;
#3646 = CARTESIAN_POINT ( 'NONE',  ( -3.001123811401384955, -5.000000000000000000, 3.780783809238926541 ) ) ;
#3647 = VECTOR ( 'NONE', #792, 1000.000000000000000 ) ;
#3648 = ORIENTED_EDGE ( 'NONE', *, *, #2437, .F. ) ;
#3649 = CARTESIAN_POINT ( 'NONE',  ( -2.500000000000001332, 3.450000000000000178, 0.3999999999999993006 ) ) ;
#3650 = VECTOR ( 'NONE', #788, 1000.000000000000000 ) ;
#3651 = LINE ( 'NONE', #1010, #2706 ) ;
#3652 = EDGE_CURVE ( 'NONE', #3019, #724, #3355, .T. ) ;
#3653 = CARTESIAN_POINT ( 'NONE',  ( -2.449999999999999734, -2.449999999975159604, 0.2500000000000002220 ) ) ;
#3654 = DIRECTION ( 'NONE',  ( 0.0000000000000000000, 0.0000000000000000000, 1.000000000000000000 ) ) ;
#3655 = EDGE_CURVE ( 'NONE', #1781, #1109, #3663, .T. ) ;
#3656 = EDGE_LOOP ( 'NONE', ( #3068, #1298, #2210, #3310 ) ) ;
#3657 = CARTESIAN_POINT ( 'NONE',  ( -3.001123811401384955, -5.000000000000000000, 3.780783809238926541 ) ) ;
#3658 = PRODUCT_DEFINITION_SHAPE ( 'NONE', 'NONE',  #3806 ) ;
#3659 = ORIENTED_EDGE ( 'NONE', *, *, #3592, .F. ) ;
#3660 = FACE_OUTER_BOUND ( 'NONE', #3614, .T. ) ;
#3661 = EDGE_CURVE ( 'NONE', #717, #210, #2315, .T. ) ;
#3662 = ORIENTED_EDGE ( 'NONE', *, *, #1562, .T. ) ;
#3663 = LINE ( 'NONE', #2030, #153 ) ;
#3664 = DIRECTION ( 'NONE',  ( 0.0000000000000000000, 0.0000000000000000000, 1.000000000000000000 ) ) ;
#3665 = CARTESIAN_POINT ( 'NONE',  ( 1.500000000000001776, -2.950000000000000178, 4.799999999999999822 ) ) ;
#3666 = DIRECTION ( 'NONE',  ( -1.521687259628778015E-16, 1.000000000000000000, 0.0000000000000000000 ) ) ;
#3667 = DIRECTION ( 'NONE',  ( -0.0000000000000000000, -0.0000000000000000000, 1.000000000000000000 ) ) ;
#3668 = DIRECTION ( 'NONE',  ( -0.0000000000000000000, -0.0000000000000000000, -1.000000000000000000 ) ) ;
#3669 = AXIS2_PLACEMENT_3D ( 'NONE', #2455, #2418, #3589 ) ;
#3670 = CARTESIAN_POINT ( 'NONE',  ( -2.449999999999999734, -2.449999999975159604, 4.150000000000000355 ) ) ;
#3671 = MECHANICAL_DESIGN_GEOMETRIC_PRESENTATION_REPRESENTATION (  '', ( #3185 ), #845 ) ;
#3672 = FACE_OUTER_BOUND ( 'NONE', #3803, .T. ) ;
#3673 = DIRECTION ( 'NONE',  ( 0.4474671578965361274, 0.8943003648685359241, 0.0000000000000000000 ) ) ;
#3674 = ADVANCED_FACE ( 'NONE', ( #76 ), #841, .T. ) ;
#3675 = CARTESIAN_POINT ( 'NONE',  ( 1.465306912136262296, -2.667209563090390034, -0.3965438088268125050 ) ) ;
#3676 = DIRECTION ( 'NONE',  ( 1.000000000000000000, 1.013945871708442777E-11, 0.0000000000000000000 ) ) ;
#3677 = LINE ( 'NONE', #2514, #2917 ) ;
#3678 = CARTESIAN_POINT ( 'NONE',  ( -1.141848732774663810, -2.841848732774663766, -0.8000000000000000444 ) ) ;
#3679 = LINE ( 'NONE', #1043, #1165 ) ;
#3680 = AXIS2_PLACEMENT_3D ( 'NONE', #3419, #781, #1970 ) ;
#3681 = VECTOR ( 'NONE', #706, 1000.000000000000000 ) ;
#3682 = VERTEX_POINT ( 'NONE', #1246 ) ;
#3683 = FACE_OUTER_BOUND ( 'NONE', #1803, .T. ) ;
#3684 = DIRECTION ( 'NONE',  ( 1.000000000000000000, 0.0000000000000000000, 0.0000000000000000000 ) ) ;
#3685 = VECTOR ( 'NONE', #2029, 1000.000000000000000 ) ;
#3686 = CARTESIAN_POINT ( 'NONE',  ( -3.500000000000002665, 6.349999999999995204, 1.699999999999999734 ) ) ;
#3687 = DIRECTION ( 'NONE',  ( -0.0000000000000000000, -0.0000000000000000000, -1.000000000000000000 ) ) ;
#3689 = CARTESIAN_POINT ( 'NONE',  ( 3.000000000000001776, 6.349999999999997868, 1.699999999999999734 ) ) ;
#3688 = DIRECTION ( 'NONE',  ( 1.521687259628777768E-16, 1.000000000000000000, -0.0000000000000000000 ) ) ;
#3690 = CARTESIAN_POINT ( 'NONE',  ( -2.450000000000000178, -5.299999999975160137, 4.150000000000000355 ) ) ;
#3691 = CARTESIAN_POINT ( 'NONE',  ( 0.0000000000000000000, -1.399999999994816058, 0.0000000000000000000 ) ) ;
#3692 = AXIS2_PLACEMENT_3D ( 'NONE', #1550, #1235, #66 ) ;
#3693 = LINE ( 'NONE', #2534, #322 ) ;
#3694 = VECTOR ( 'NONE', #3075, 1000.000000000000000 ) ;
#3695 = LINE ( 'NONE', #1059, #1984 ) ;
#3696 = EDGE_LOOP ( 'NONE', ( #2733, #1969, #3141, #2021 ) ) ;
#3697 = VECTOR ( 'NONE', #2952, 1000.000000000000000 ) ;
#3698 = EDGE_CURVE ( 'NONE', #389, #540, #1136, .T. ) ;
#3699 = VERTEX_POINT ( 'NONE', #1430 ) ;
#3700 = DIRECTION ( 'NONE',  ( 0.0000000000000000000, -0.0000000000000000000, 1.000000000000000000 ) ) ;
#3701 = CARTESIAN_POINT ( 'NONE',  ( 1.376737326052138943, -2.887662442330046542, -0.8245582693234958516 ) ) ;
#3702 = EDGE_CURVE ( 'NONE', #210, #3106, #3024, .T. ) ;
#3703 = CARTESIAN_POINT ( 'NONE',  ( 3.001123811401384955, -3.499999999999999556, 1.699999999999999734 ) ) ;
#3704 = AXIS2_PLACEMENT_3D ( 'NONE', #650, #1840, #3006 ) ;
#3705 = ORIENTED_EDGE ( 'NONE', *, *, #1797, .T. ) ;
#3706 = PRODUCT_CONTEXT ( 'NONE', #1891, 'mechanical' ) ;
#3707 = AXIS2_PLACEMENT_3D ( 'NONE', #2088, #908, #3549 ) ;
#3708 = CARTESIAN_POINT ( 'NONE',  ( 2.750000000000001776, -6.349999999999998757, 0.0000000000000000000 ) ) ;
#3709 = ORIENTED_EDGE ( 'NONE', *, *, #2617, .F. ) ;
#3710 = CIRCLE ( 'NONE', #2069, 0.1499999999999999667 ) ;
#3711 = CARTESIAN_POINT ( 'NONE',  ( 0.0000000000000000000, -6.349999999999998757, 0.2500000000000002220 ) ) ;
#3712 = CARTESIAN_POINT ( 'NONE',  ( 1.229245101670592089, 1.879704114673734328, -1.000000000000000000 ) ) ;
#3713 = EDGE_LOOP ( 'NONE', ( #1553, #1944, #2221, #1403 ) ) ;
#3714 = FACE_OUTER_BOUND ( 'NONE', #2164, .T. ) ;
#3715 = CYLINDRICAL_SURFACE ( 'NONE', #269, 0.5000000000000000000 ) ;
#3716 = PRODUCT_DEFINITION ( '未知', '', #3784, #1072 ) ;
#3717 = ORIENTED_EDGE ( 'NONE', *, *, #3767, .T. ) ;
#3718 = DIRECTION ( 'NONE',  ( 2.048885995248198153E-16, -1.000000000000000000, -0.0000000000000000000 ) ) ;
#3719 = DIRECTION ( 'NONE',  ( -1.000000000000000000, 0.0000000000000000000, 0.0000000000000000000 ) ) ;
#3720 = EDGE_CURVE ( 'NONE', #210, #3594, #2090, .T. ) ;
#3721 = LINE ( 'NONE', #1081, #3470 ) ;
#3722 = VERTEX_POINT ( 'NONE', #1802 ) ;
#3723 = ADVANCED_FACE ( 'NONE', ( #2969 ), #674, .T. ) ;
#3724 = LINE ( 'NONE', #1088, #823 ) ;
#3725 = ORIENTED_EDGE ( 'NONE', *, *, #3102, .T. ) ;
#3726 = DIRECTION ( 'NONE',  ( -0.0000000000000000000, -0.0000000000000000000, -1.000000000000000000 ) ) ;
#3727 = VERTEX_POINT ( 'NONE', #637 ) ;
#3728 = LINE ( 'NONE', #1093, #1946 ) ;
#3729 = UNCERTAINTY_MEASURE_WITH_UNIT (LENGTH_MEASURE( 1.000000000000000082E-05 ), #3559, 'distance_accuracy_value', 'NONE');
#3730 = ORIENTED_EDGE ( 'NONE', *, *, #2466, .T. ) ;
#3731 = CARTESIAN_POINT ( 'NONE',  ( 3.001123811401384955, -5.000000000000000000, 1.699999999999999734 ) ) ;
#3732 = CARTESIAN_POINT ( 'NONE',  ( 3.500000000001252332, -3.499999999999999556, 2.199999999999999734 ) ) ;
#3733 = CARTESIAN_POINT ( 'NONE',  ( -2.500000000000000888, -6.349999999999998757, 0.3999999999999993006 ) ) ;
#3734 = CARTESIAN_POINT ( 'NONE',  ( -3.500000000000002665, -6.349999999999998757, 2.199999999999999734 ) ) ;
#3735 = AXIS2_PLACEMENT_3D ( 'NONE', #2385, #3556, #915 ) ;
#3736 = EDGE_CURVE ( 'NONE', #196, #961, #1825, .T. ) ;
#3737 = CARTESIAN_POINT ( 'NONE',  ( 2.500000000000002220, 3.450000000000000178, 0.3999999999999993006 ) ) ;
#3738 = CONICAL_SURFACE ( 'NONE', #1595, 0.2999999999999990452, 0.7853981633974473908 ) ;
#3739 = EDGE_CURVE ( 'NONE', #1829, #2993, #962, .T. ) ;
#3740 = CARTESIAN_POINT ( 'NONE',  ( -2.500000000000001332, 3.450000000000000178, 0.3999999999999993006 ) ) ;
#3741 = CIRCLE ( 'NONE', #1599, 2.450000000000000178 ) ;
#3742 = CONTEXT_DEPENDENT_SHAPE_REPRESENTATION ( #3027, #1571 ) ;
#3743 = ORIENTED_EDGE ( 'NONE', *, *, #2368, .F. ) ;
#3744 = CARTESIAN_POINT ( 'NONE',  ( -3.001123811401384955, 5.000000000000000000, 1.699999999999999734 ) ) ;
#3745 = VERTEX_POINT ( 'NONE', #103 ) ;
#3746 = ADVANCED_FACE ( 'NONE', ( #2756 ), #2922, .F. ) ;
#3747 = ORIENTED_EDGE ( 'NONE', *, *, #1290, .F. ) ;
#3748 = CARTESIAN_POINT ( 'NONE',  ( 3.001123811401384955, -3.499999999999999556, 1.699999999999999734 ) ) ;
#3749 = ORIENTED_EDGE ( 'NONE', *, *, #1628, .F. ) ;
#3750 = ORIENTED_EDGE ( 'NONE', *, *, #241, .F. ) ;
#3751 = CARTESIAN_POINT ( 'NONE',  ( -2.750000000000002665, 6.349999999999996092, 0.0000000000000000000 ) ) ;
#3752 = CARTESIAN_POINT ( 'NONE',  ( 0.0000000000000000000, 6.349999999999998757, 4.799999999999999822 ) ) ;
#3753 = VECTOR ( 'NONE', #2144, 1000.000000000000000 ) ;
#3754 = DIRECTION ( 'NONE',  ( 0.0000000000000000000, 0.0000000000000000000, 1.000000000000000000 ) ) ;
#3755 = CARTESIAN_POINT ( 'NONE',  ( 0.0000000000000000000, 0.0000000000000000000, 0.4000000000000000222 ) ) ;
#3756 = VERTEX_POINT ( 'NONE', #878 ) ;
#3757 = VECTOR ( 'NONE', #968, 1000.000000000000000 ) ;
#3758 = FACE_OUTER_BOUND ( 'NONE', #1045, .T. ) ;
#3759 = ADVANCED_FACE ( 'NONE', ( #1765 ), #2342, .F. ) ;
#3760 = VECTOR ( 'NONE', #1139, 1000.000000000000000 ) ;
#3761 = EDGE_CURVE ( 'NONE', #906, #1540, #275, .T. ) ;
#3762 = ORIENTED_EDGE ( 'NONE', *, *, #662, .F. ) ;
#3763 = SURFACE_STYLE_USAGE ( .BOTH. , #2800 ) ;
#3764 = CARTESIAN_POINT ( 'NONE',  ( 3.500000000001252332, 5.000000000000000000, 1.699999999999999734 ) ) ;
#3765 = AXIS2_PLACEMENT_3D ( 'NONE', #1279, #3667, #3194 ) ;
#3766 = FACE_OUTER_BOUND ( 'NONE', #523, .T. ) ;
#3767 = EDGE_CURVE ( 'NONE', #2880, #906, #1686, .T. ) ;
#3768 = FACE_OUTER_BOUND ( 'NONE', #3713, .T. ) ;
#3769 = CARTESIAN_POINT ( 'NONE',  ( -4.000000000000000888, -6.349999999999999645, 2.199999999999999734 ) ) ;
#3770 = CARTESIAN_POINT ( 'NONE',  ( -3.001123811401384955, -5.000000000000000000, 1.699999999999999734 ) ) ;
#3771 = CARTESIAN_POINT ( 'NONE',  ( -2.500000000000002665, 6.349999999999996092, 4.799999999999999822 ) ) ;
#3772 = CARTESIAN_POINT ( 'NONE',  ( -1.424128161849072427, 1.894510873067214218, -0.8672190783717361739 ) ) ;
#3773 = ORIENTED_EDGE ( 'NONE', *, *, #2186, .F. ) ;
#3774 = DIRECTION ( 'NONE',  ( -1.000000000000000000, 0.0000000000000000000, 0.0000000000000000000 ) ) ;
#3775 = PLANE ( 'NONE',  #3390 ) ;
#3776 = EDGE_CURVE ( 'NONE', #1853, #3430, #783, .T. ) ;
#3777 = DIRECTION ( 'NONE',  ( -0.0000000000000000000, -0.0000000000000000000, 1.000000000000000000 ) ) ;
#3778 = CARTESIAN_POINT ( 'NONE',  ( 0.9000000000000000222, 1.399999999994816280, -0.6000000000000000888 ) ) ;
#3779 = EDGE_CURVE ( 'NONE', #660, #2091, #3235, .T. ) ;
#3780 = EDGE_LOOP ( 'NONE', ( #2263, #3607, #3400, #721 ) ) ;
#3781 = VECTOR ( 'NONE', #615, 1000.000000000000000 ) ;
#3782 = ORIENTED_EDGE ( 'NONE', *, *, #2690, .F. ) ;
#3783 = CARTESIAN_POINT ( 'NONE',  ( -0.4899999999999999911, 0.0000000000000000000, 5.299999999999999822 ) ) ;
#3784 = PRODUCT_DEFINITION_FORMATION_WITH_SPECIFIED_SOURCE ( '任何', '', #404, .NOT_KNOWN. ) ;
#3785 = DIRECTION ( 'NONE',  ( -0.0000000000000000000, -0.0000000000000000000, 1.000000000000000000 ) ) ;
#3786 = CARTESIAN_POINT ( 'NONE',  ( -1.428079346503796865, -2.764184955399752397, -0.8220568311103779724 ) ) ;
#3787 = DIRECTION ( 'NONE',  ( -1.000000000000000000, 0.0000000000000000000, 0.0000000000000000000 ) ) ;
#3788 = LINE ( 'NONE', #1154, #1979 ) ;
#3789 = ORIENTED_EDGE ( 'NONE', *, *, #2506, .T. ) ;
#3790 = CARTESIAN_POINT ( 'NONE',  ( 1.229245100948067160, -2.709309150500231134, -1.000000000000000000 ) ) ;
#3791 = DIRECTION ( 'NONE',  ( 0.0000000000000000000, -1.000000000000000000, 0.0000000000000000000 ) ) ;
#3792 = VERTEX_POINT ( 'NONE', #590 ) ;
#3793 = LINE ( 'NONE', #2636, #916 ) ;
#3794 = LINE ( 'NONE', #1161, #250 ) ;
#3795 = DIRECTION ( 'NONE',  ( -0.0000000000000000000, -0.0000000000000000000, 1.000000000000000000 ) ) ;
#3796 = AXIS2_PLACEMENT_3D ( 'NONE', #580, #3687, #1049 ) ;
#3797 = DIRECTION ( 'NONE',  ( 2.731847993664264205E-16, -1.000000000000000000, 0.0000000000000000000 ) ) ;
#3798 = CARTESIAN_POINT ( 'NONE',  ( 3.001123811401384955, 5.000000000000000000, 2.199999999999999734 ) ) ;
#3799 = CIRCLE ( 'NONE', #1159, 3.500000000000003109 ) ;
#3800 = VERTEX_POINT ( 'NONE', #646 ) ;
#3801 = ORIENTED_EDGE ( 'NONE', *, *, #1628, .T. ) ;
#3802 = CIRCLE ( 'NONE', #2160, 0.4000000000000000222 ) ;
#3803 = EDGE_LOOP ( 'NONE', ( #3782, #1817 ) ) ;
#3804 = NEXT_ASSEMBLY_USAGE_OCCURRENCE ( 'NAUO1', ' ', ' ', #1265, #991, $ ) ;
#3805 = NEXT_ASSEMBLY_USAGE_OCCURRENCE ( 'NAUO2', ' ', ' ', #1265, #2365, $ ) ;
#3806 = NEXT_ASSEMBLY_USAGE_OCCURRENCE ( 'NAUO3', ' ', ' ', #1265, #2365, $ ) ;
#3807 = NEXT_ASSEMBLY_USAGE_OCCURRENCE ( 'NAUO4', ' ', ' ', #1265, #3716, $ ) ;
#3808 = NEXT_ASSEMBLY_USAGE_OCCURRENCE ( 'NAUO5', ' ', ' ', #1265, #3716, $ ) ;
ENDSEC;
END-ISO-10303-21;
