°üÍ·,x,y,z
2,30,24,-333
2,32,20,-349
2,35,22,-357
2,35,19,-367
2,27,22,-365
2,19,28,-361
2,12,36,-360
2,8,35,-345
2,12,30,-329
2,12,28,-320
2,14,30,-320
2,20,30,-324
2,28,22,-336
2,38,19,-352
2,38,24,-360
2,30,16,-369
2,24,17,-359
2,19,30,-351
2,12,36,-356
2,3,36,-346
2,6,33,-328
2,11,31,-313
2,20,25,-320
2,24,19,-336
2,39,12,-343
3,38,17,-353
3,28,20,-365
3,24,24,-360
3,16,33,-356
3,11,36,-354
3,3,32,-343
3,4,28,-328
3,7,28,-309
3,8,31,-317
3,15,23,-333
3,31,19,-344
3,48,19,-351
3,39,22,-369
3,28,24,-362
3,19,33,-362
3,3,36,-356
3,-2,32,-345
3,3,30,-330
3,3,30,-306
3,7,24,-320
3,19,19,-324
3,31,17,-340
3,35,19,-353
3,35,25,-365
3,24,28,-365
4,20,31,-360
4,8,35,-356
4,-1,35,-345
4,0,28,-332
4,4,27,-317
4,9,31,-308
4,9,28,-324
4,23,23,-335
4,31,24,-348
4,39,31,-361
4,28,25,-369
4,22,28,-362
4,14,35,-362
4,6,38,-354
4,-1,31,-341
4,4,30,-321
4,6,30,-308
4,7,28,-327
4,16,22,-333
4,30,23,-345
4,39,25,-356
4,31,31,-372
4,24,28,-368
4,16,35,-356
4,8,35,-353
5,-5,35,-337
5,-2,30,-328
5,0,30,-320
5,7,31,-313
5,15,30,-322
5,22,24,-338
5,33,20,-346
5,38,27,-360
5,30,28,-369
5,19,33,-361
5,6,38,-356
5,-8,38,-349
5,-8,32,-340
5,0,28,-320
5,6,31,-316
5,8,31,-321
5,23,24,-336
5,36,24,-352
5,39,31,-359
5,40,32,-369
5,22,32,-360
5,3,35,-353
5,-10,39,-353
5,-10,35,-338
5,-8,30,-312
0,7,35,-313
0,12,35,-317
0,23,25,-328
0,38,30,-345
0,41,31,-361
0,28,28,-369
0,9,31,-360
0,1,33,-359
0,-7,35,-354
0,-4,31,-337
0,7,31,-324
0,7,31,-308
0,14,31,-313
0,16,28,-329
0,27,22,-343
0,28,31,-353
0,24,51,-369
0,15,35,-369
0,7,35,-364
0,6,41,-365
0,-4,41,-349
0,0,31,-335
0,7,30,-308
0,15,35,-303
0,3,36,-320
1,8,24,-336
1,30,24,-343
1,35,32,-368
1,28,38,-378
1,11,31,-365
1,8,35,-360
1,12,46,-360
1,3,44,-340
1,-1,40,-317
1,3,39,-308
1,7,35,-316
1,17,31,-340
1,35,24,-345
1,41,31,-360
1,39,44,-377
1,23,56,-360
1,6,63,-360
1,-9,44,-353
1,-5,31,-333
1,-2,31,-313
1,7,31,-314
1,17,31,-320
1,31,33,-343
1,44,40,-346
1,44,49,-365
2,39,56,-368
2,19,56,-360
2,-1,51,-359
2,-13,31,-353
2,-2,22,-329
2,4,32,-312
2,8,39,-313
2,19,44,-324
2,35,39,-340
2,44,35,-351
2,44,40,-365
2,31,51,-372
2,3,44,-362
2,-1,31,-353
2,7,32,-345
2,9,41,-337
2,11,41,-321
2,7,44,-313
2,11,44,-321
2,24,39,-329
4,44,35,-370
4,32,48,-365
4,3,52,-360
4,4,46,-349
4,8,36,-343
4,7,39,-328
4,8,40,-313
4,12,41,-313
4,22,39,-329
4,39,31,-345
4,48,31,-357
4,47,39,-372
4,24,48,-367
4,3,44,-357
4,-1,41,-351
4,7,41,-345
4,7,43,-324
4,7,40,-305
4,15,40,-320
5,28,32,-333
5,48,31,-353
5,54,38,-362
5,44,52,-376
5,15,51,-367
5,-1,40,-359
5,3,33,-349
5,8,39,-340
5,7,44,-319
5,7,41,-306
5,12,40,-324
5,27,36,-340
5,44,35,-345
5,48,35,-361
5,40,43,-375
5,12,48,-362
5,1,39,-356
5,7,36,-349
5,11,46,-336
5,8,47,-319
5,7,47,-312
5,12,44,-324
5,27,33,-336
5,44,33,-348
5,48,31,-359
0,35,30,-372
0,27,31,-377
0,12,47,-365
0,3,56,-343
0,-1,49,-336
0,3,44,-314
0,6,44,-305
0,15,38,-321
0,31,31,-337
0,15,30,-356
0,56,39,-377
0,48,48,-375
0,7,44,-365
0,-4,32,-360
0,1,41,-348
0,7,44,-336
0,7,44,-314
0,9,44,-308
0,15,46,-320
0,30,38,-341
0,48,32,-357
0,51,31,-362
0,25,33,-369
0,15,24,-361
0,22,44,-362
1,1,52,-354
1,-2,55,-341
1,3,48,-320
1,7,44,-313
1,19,35,-316
1,23,28,-336
1,36,30,-351
1,48,25,-359
1,44,40,-377
1,22,51,-370
1,-5,44,-365
1,1,39,-352
1,9,44,-338
1,1,46,-327
1,-2,40,-311
1,4,44,-306
1,9,44,-317
1,24,40,-328
1,44,27,-343
1,56,30,-361
1,44,48,-376
1,-9,56,-369
1,-13,44,-364
1,12,41,-353
1,17,48,-344
2,12,41,-322
2,14,40,-304
2,15,44,-313
2,14,39,-328
2,31,39,-336
2,44,36,-354
2,47,41,-369
2,39,51,-372
2,-9,48,-367
2,-5,39,-357
2,19,44,-349
2,16,48,-330
2,3,43,-306
2,1,39,-308
2,12,43,-320
2,31,48,-336
2,51,56,-349
2,55,60,-369
2,39,63,-368
2,19,62,-365
2,-1,51,-365
2,-16,40,-356
2,-4,32,-328
2,3,36,-305
2,12,41,-308
3,28,48,-328
3,44,57,-340
3,55,60,-357
3,48,63,-372
3,35,56,-365
3,15,51,-361
3,-8,46,-356
3,-5,33,-345
3,14,39,-329
3,7,48,-308
3,7,54,-311
3,19,55,-327
3,36,56,-333
3,49,59,-349
3,51,55,-368
3,39,57,-375
3,28,56,-372
3,-8,49,-364
3,-2,38,-353
3,16,46,-336
4,40,64,-372
4,28,63,-365
4,9,56,-360
4,-2,41,-351
4,-4,35,-333
4,0,41,-312
4,8,54,-306
4,22,63,-324
4,35,63,-336
4,48,63,-345
4,51,54,-365
4,44,60,-372
4,31,55,-365
4,12,56,-361
4,-1,49,-349
4,-2,44,-335
4,-1,44,-327
4,7,51,-317
4,19,63,-314
4,35,67,-327
4,40,60,-335
4,48,49,-351
4,46,49,-365
5,38,56,-373
5,27,55,-367
5,12,59,-359
5,4,49,-348
5,3,48,-332
5,4,47,-324
5,12,52,-304
5,19,59,-320
5,31,56,-336
5,44,49,-345
5,46,47,-353
5,38,55,-368
5,24,63,-375
5,17,62,-360
5,7,56,-349
5,3,48,-343
5,-1,47,-324
5,6,48,-309
5,14,51,-313
5,24,56,-330
5,35,56,-340
5,49,51,-353
5,47,55,-365
5,40,62,-369
5,22,62,-360
0,6,67,-351
0,7,63,-346
0,1,46,-329
0,3,38,-313
0,9,36,-308
0,25,51,-330
0,36,67,-343
0,49,63,-353
0,51,64,-368
0,40,59,-375
0,19,51,-362
0,0,56,-356
0,-4,54,-353
0,-1,39,-336
0,7,32,-304
0,9,35,-308
0,24,49,-335
0,31,64,-346
0,46,71,-348
0,51,67,-362
0,35,60,-372
0,19,48,-365
0,3,51,-353
0,-5,56,-346
0,6,51,-345
1,4,44,-322
1,7,43,-308
1,19,48,-313
1,25,60,-337
1,38,67,-344
1,44,62,-354
1,46,60,-381
1,32,56,-373
1,12,56,-353
1,-1,60,-349
1,-5,51,-340
1,-1,44,-328
1,7,36,-317
1,16,41,-305
1,28,47,-314
1,35,60,-340
1,46,60,-353
1,44,57,-369
1,31,56,-377
1,16,55,-365
1,-1,56,-353
1,-1,48,-353
1,6,48,-328
1,3,44,-314
1,7,44,-319
2,24,51,-320
2,32,60,-329
2,39,63,-344
2,35,57,-360
2,30,55,-376
2,28,54,-368
2,17,51,-359
2,6,57,-349
2,-1,55,-338
2,-2,44,-328
2,1,39,-312
2,12,44,-311
2,24,56,-327
2,35,60,-340
2,46,59,-357
2,41,56,-377
2,35,57,-372
2,19,56,-359
2,3,60,-352
2,-10,54,-346
2,-7,46,-329
2,0,39,-316
2,12,44,-305
2,23,54,-322
2,31,60,-337
3,39,60,-343
3,39,54,-361
3,28,51,-373
3,16,54,-365
3,4,56,-354
3,0,63,-351
3,-1,51,-338
3,3,40,-321
3,6,41,-306
3,12,51,-313
3,22,51,-330
3,30,57,-340
3,32,55,-353
3,33,48,-365
3,28,60,-372
3,22,63,-368
3,15,56,-356
3,6,56,-345
3,-2,48,-333
3,-4,44,-324
3,3,44,-313
3,15,48,-312
3,28,52,-328
3,36,51,-336
3,44,49,-349
4,39,48,-364
4,28,63,-377
4,19,63,-368
4,12,54,-364
4,6,41,-345
4,7,35,-328
4,7,41,-325
4,12,48,-317
4,23,55,-309
4,35,56,-328
4,41,56,-329
4,49,49,-345
4,47,51,-362
4,39,51,-376
4,30,43,-372
4,22,48,-360
4,17,44,-349
4,16,48,-333
4,17,49,-329
4,19,54,-320
4,28,52,-317
4,39,44,-328
4,48,39,-345
4,49,43,-354
4,51,52,-370
5,47,62,-369
5,35,59,-364
5,24,47,-353
5,15,31,-340
5,14,32,-330
5,14,38,-313
5,19,44,-312
5,35,44,-320
5,51,48,-330
5,63,55,-345
5,68,63,-357
5,60,70,-360
5,47,59,-359
5,28,36,-361
5,15,19,-356
5,27,16,-336
5,31,32,-329
5,31,49,-317
5,38,59,-320
5,48,56,-337
5,64,56,-356
5,71,67,-351
5,73,65,-352
5,63,67,-353
5,48,52,-361
0,39,35,-361
0,35,24,-365
0,38,39,-345
0,35,56,-322
0,38,68,-316
0,46,71,-317
0,51,63,-324
0,56,54,-320
0,60,49,-332
0,79,44,-359
0,71,41,-353
0,64,57,-348
0,51,64,-340
0,35,67,-328
0,22,76,-344
0,25,73,-365
0,49,59,-364
0,78,47,-365
0,92,24,-361
0,95,7,-370
0,87,3,-365
0,72,3,-351
0,57,7,-341
0,51,32,-346
0,39,79,-346
1,46,96,-328
1,48,79,-329
1,55,67,-333
1,63,48,-338
1,63,28,-345
1,60,9,-333
1,63,-7,-338
1,55,-5,-325
1,49,12,-333
1,51,40,-336
1,49,62,-338
1,48,83,-349
1,48,78,-345
1,48,71,-353
1,54,63,-360
1,57,54,-356
1,51,56,-367
1,41,54,-375
1,19,41,-356
1,19,36,-324
1,25,28,-329
1,39,27,-351
1,59,31,-345
1,63,41,-332
1,60,44,-324
2,47,46,-333
2,31,48,-319
2,28,47,-324
2,38,48,-351
2,47,54,-356
2,54,57,-346
2,62,63,-346
2,60,54,-346
2,44,33,-340
2,40,19,-330
2,39,25,-352
2,39,46,-349
2,32,62,-328
2,39,60,-345
2,51,39,-362
2,63,14,-369
2,68,-7,-372
2,67,-7,-360
2,55,16,-359
2,43,41,-353
2,28,60,-332
2,15,63,-303
2,15,56,-305
2,33,41,-345
2,60,43,-365
3,78,47,-346
3,86,60,-332
3,79,59,-336
3,55,39,-346
3,35,19,-330
3,24,3,-321
3,25,-2,-313
3,43,7,-329
3,60,30,-348
3,70,48,-353
3,88,70,-369
3,91,88,-353
3,76,88,-359
3,54,71,-365
3,30,48,-362
3,-12,27,-353
3,-2,15,-333
3,25,11,-353
3,49,11,-349
3,67,27,-349
3,79,48,-370
3,84,70,-328
3,83,65,-336
3,59,56,-333
3,25,48,-306
4,17,39,-298
4,28,40,-353
4,41,52,-356
4,57,56,-346
4,70,40,-359
4,56,32,-356
4,39,33,-349
4,30,49,-351
4,27,63,-349
4,23,71,-329
4,28,63,-322
4,41,55,-344
4,62,38,-354
4,71,28,-352
4,68,24,-360
4,51,24,-354
4,35,30,-345
4,12,28,-348
4,20,38,-327
4,19,48,-298
4,19,49,-320
4,38,39,-353
4,59,38,-356
4,79,38,-365
4,80,49,-357
5,63,63,-351
5,30,63,-356
5,11,48,-356
5,1,36,-332
5,7,28,-300
5,24,28,-317
5,47,33,-353
5,70,60,-353
5,80,75,-356
5,78,86,-360
5,56,70,-359
5,25,44,-360
0,23,25,-304
0,24,31,-336
0,40,51,-352
0,60,65,-349
0,75,62,-359
0,27,44,-360
0,20,17,-353
0,25,19,-353
0,25,23,-346
0,0,24,-333
0,9,31,-313
0,7,35,-325
0,23,48,-338
0,46,55,-340
0,63,41,-348
0,56,31,-369
0,41,19,-377
0,31,24,-356
0,16,36,-360
0,0,41,-352
0,3,40,-317
0,16,35,-317
0,24,32,-343
0,33,27,-336
0,44,31,-338
1,63,33,-353
1,55,35,-344
1,47,24,-356
1,11,39,-360
1,-4,47,-324
1,6,44,-343
1,7,39,-336
1,7,32,-301
1,30,16,-344
1,62,17,-364
1,79,31,-365
1,63,35,-377
1,44,38,-356
1,17,46,-351
1,7,48,-353
1,-4,40,-333
1,8,28,-328
1,17,19,-321
1,24,30,-309
1,32,35,-317
1,44,39,-343
1,54,44,-345
1,51,32,-356
1,47,19,-369
1,39,22,-368
2,31,32,-369
2,15,47,-357
2,3,46,-346
2,6,35,-343
2,12,27,-330
2,19,20,-314
2,30,24,-313
2,41,19,-329
2,56,27,-345
2,60,28,-345
2,56,24,-365
2,43,31,-377
2,31,46,-364
2,7,51,-356
2,-4,35,-354
2,7,31,-340
2,19,24,-333
2,28,25,-322
2,31,31,-305
2,39,31,-327
2,46,24,-343
2,52,24,-336
2,51,20,-345
2,48,19,-365
2,43,31,-378
3,31,43,-361
3,15,51,-352
3,0,48,-354
3,7,31,-335
3,25,16,-328
3,27,17,-322
3,31,27,-313
3,36,28,-328
3,46,28,-335
3,48,28,-338
3,52,28,-365
3,49,36,-378
3,39,48,-376
3,-2,49,-361
3,-1,28,-353
3,12,24,-345
3,19,23,-336
3,25,30,-332
3,23,31,-308
3,25,38,-308
3,35,39,-328
3,48,31,-338
3,54,27,-349
3,40,16,-369
3,32,17,-372
4,28,32,-365
4,15,46,-365
4,7,48,-356
4,7,48,-336
4,12,39,-328
4,12,31,-317
4,25,30,-312
4,35,25,-324
4,48,25,-336
4,48,24,-349
4,47,24,-367
4,40,31,-376
4,28,40,-362
4,11,52,-360
4,-2,54,-349
4,1,47,-343
4,7,35,-324
4,12,32,-306
4,25,30,-306
4,40,23,-329
4,60,24,-345
4,63,30,-359
4,51,30,-377
4,48,35,-370
4,25,44,-360
5,6,54,-362
5,-1,46,-353
5,9,31,-336
5,20,24,-320
5,24,20,-305
5,33,23,-309
5,48,22,-325
5,51,30,-341
5,67,35,-364
5,60,28,-370
5,56,19,-356
5,46,28,-359
5,24,35,-362
5,-1,24,-357
5,12,11,-340
5,24,19,-328
5,32,27,-319
5,56,23,-322
5,60,15,-324
5,59,7,-333
5,56,1,-356
5,48,1,-356
5,41,1,-353
5,39,7,-349
5,22,15,-349
0,17,23,-349
0,25,11,-377
0,35,7,-344
0,51,7,-320
0,56,7,-330
0,56,7,-352
0,56,-1,-349
0,59,-23,-349
0,38,14,-345
0,54,20,-377
0,31,-8,-353
0,22,-2,-348
0,24,7,-345
0,25,17,-313
0,24,36,-296
0,24,63,-311
0,28,51,-349
0,47,14,-349
0,67,-25,-343
0,73,-47,-361
0,60,-25,-360
0,47,-2,-367
0,32,17,-361
0,30,31,-356
0,30,36,-369
1,35,41,-340
1,40,47,-319
1,41,40,-340
1,35,32,-328
1,49,23,-336
1,63,17,-349
1,62,17,-354
1,63,11,-359
1,62,3,-360
1,57,11,-364
1,47,30,-345
1,36,33,-324
1,28,30,-319
1,25,31,-317
1,33,41,-332
1,39,44,-345
1,60,31,-352
1,80,24,-353
1,83,19,-367
1,67,23,-360
1,24,28,-353
1,15,31,-351
1,27,39,-328
1,39,39,-308
1,35,39,-317
2,40,39,-329
2,55,36,-345
2,73,39,-359
2,87,28,-369
2,60,20,-362
2,38,15,-360
2,28,23,-359
2,19,38,-346
2,24,48,-324
2,30,48,-309
2,31,51,-313
2,47,47,-330
2,63,33,-345
2,79,24,-349
2,81,15,-365
2,54,15,-364
2,46,19,-359
2,25,31,-356
2,19,39,-349
2,19,44,-322
2,31,51,-306
2,35,52,-322
2,44,48,-330
2,68,35,-353
2,86,24,-361
3,80,16,-362
3,56,14,-360
3,39,22,-360
3,24,28,-356
3,24,40,-345
3,28,47,-320
3,33,48,-305
3,38,51,-324
3,55,48,-336
3,70,38,-353
3,86,25,-360
3,63,14,-365
3,51,8,-360
3,39,19,-364
3,27,30,-353
3,24,39,-345
3,24,48,-316
3,35,51,-313
3,41,49,-322
3,60,40,-330
3,71,35,-344
3,76,24,-360
3,65,16,-372
3,54,7,-361
3,41,15,-362
4,35,30,-356
4,32,40,-345
4,31,41,-327
4,31,46,-308
4,40,48,-319
4,51,39,-325
4,63,28,-341
4,78,23,-354
4,81,19,-370
4,56,15,-368
4,48,16,-360
4,31,25,-360
4,24,36,-349
4,25,39,-333
4,72,17,-372
4,51,22,-365
4,33,28,-360
4,19,35,-357
4,17,44,-338
5,24,40,-313
5,31,40,-308
5,48,41,-321
5,62,30,-335
5,80,24,-349
5,86,19,-356
5,71,22,-364
5,35,19,-367
5,30,27,-360
5,24,33,-356
5,22,40,-345
5,27,43,-314
5,33,46,-313
5,43,41,-327
5,57,32,-337
5,75,28,-354
5,86,22,-367
5,68,16,-369
5,39,17,-365
5,27,23,-360
5,24,35,-349
5,24,39,-332
5,28,40,-313
5,35,40,-312
5,46,35,-324
0,57,24,-345
0,71,7,-365
0,76,24,-370
0,62,24,-372
0,41,22,-365
0,23,27,-353
0,20,35,-341
0,24,38,-330
0,31,35,-313
0,36,35,-314
0,48,33,-324
0,56,31,-340
0,64,28,-356
0,67,28,-368
0,59,20,-369
0,35,19,-361
0,38,27,-351
0,28,35,-345
0,23,35,-329
0,25,38,-305
0,35,35,-313
0,44,31,-328
0,56,25,-352
0,70,22,-362
0,71,20,-369
1,44,17,-369
1,38,20,-365
1,28,31,-352
1,15,33,-348
1,14,35,-330
1,27,39,-305
1,31,39,-316
1,47,31,-332
1,51,24,-345
1,67,23,-361
1,51,24,-368
1,33,19,-364
1,33,25,-359
1,22,38,-344
1,7,46,-340
1,12,38,-328
1,17,35,-308
1,28,35,-314
1,39,33,-333
1,48,27,-348
1,62,22,-356
1,41,24,-368
1,32,24,-368
1,30,25,-356
1,19,36,-340
2,12,39,-340
2,14,35,-321
2,17,39,-312
2,24,41,-320
2,38,33,-336
2,48,30,-344
2,56,30,-359
2,44,24,-372
2,32,25,-362
2,32,28,-361
2,17,38,-356
2,14,39,-345
2,12,40,-320
2,15,40,-305
2,25,39,-320
2,47,33,-338
2,56,25,-344
2,51,30,-361
2,31,24,-365
2,25,33,-362
2,19,35,-359
2,12,39,-354
2,9,39,-345
2,14,40,-311
2,23,41,-309
3,30,35,-324
3,44,25,-337
3,54,24,-353
3,46,24,-365
3,35,31,-364
3,28,33,-362
3,14,40,-360
3,8,44,-349
3,14,40,-332
3,20,39,-306
3,30,39,-308
3,38,35,-330
3,48,30,-354
3,51,31,-360
3,44,32,-361
3,31,33,-369
3,24,32,-364
3,19,39,-354
3,17,39,-346
3,15,40,-317
3,23,39,-306
3,31,38,-317
3,41,38,-333
3,49,35,-349
3,51,31,-360
4,41,24,-368
4,31,24,-367
4,24,33,-360
4,15,39,-353
4,12,40,-336
4,14,44,-305
4,22,43,-313
4,36,38,-333
4,48,28,-352
4,54,23,-351
4,39,22,-360
4,30,31,-368
4,24,38,-360
4,16,40,-352
4,12,44,-338
4,16,39,-317
4,27,41,-316
4,28,39,-324
4,39,38,-340
4,51,30,-353
4,47,28,-361
4,39,30,-369
4,28,35,-362
4,15,39,-356
4,15,44,-345
5,28,36,-312
5,41,31,-337
5,51,30,-348
5,48,28,-362
5,38,25,-368
5,31,35,-365
5,24,35,-367
5,16,39,-349
5,7,44,-328
5,17,43,-313
5,24,35,-312
5,39,32,-325
0,49,32,-348
0,52,30,-332
0,43,28,-362
0,35,31,-369
0,24,39,-361
0,15,43,-353
0,15,48,-343
0,15,40,-328
0,25,32,-306
0,51,30,-313
0,39,31,-324
0,47,30,-345
0,52,32,-364
0,43,30,-369
0,33,31,-369
0,28,35,-367
0,16,46,-365
0,8,44,-348
0,15,38,-324
0,28,31,-305
0,30,35,-317
0,40,31,-336
0,51,31,-346
0,51,31,-361
0,39,28,-377
1,30,31,-365
1,20,38,-365
1,15,44,-356
1,12,39,-343
1,16,39,-314
1,24,39,-305
1,31,38,-320
1,41,33,-344
1,51,31,-353
1,41,31,-360
1,28,31,-365
1,23,35,-365
1,23,39,-353
1,11,47,-345
1,8,35,-319
1,22,41,-308
1,24,39,-313
1,31,35,-328
1,44,35,-352
1,51,31,-361
1,39,28,-369
1,31,31,-362
1,23,31,-367
1,15,44,-354
1,11,48,-337
2,14,40,-317
2,19,39,-305
2,28,39,-313
2,40,35,-343
2,52,30,-354
2,48,31,-369
2,33,28,-372
2,30,32,-365
2,19,41,-360
2,11,41,-348
2,6,44,-322
2,14,41,-304
2,24,38,-313
2,39,31,-324
2,47,32,-349
2,48,31,-360
2,33,32,-364
2,28,31,-368
2,19,39,-368
2,17,44,-354
2,14,47,-340
2,15,41,-320
2,22,41,-308
2,28,38,-313
2,31,28,-328
3,40,35,-346
3,44,35,-360
3,40,31,-372
3,31,28,-369
3,28,35,-368
3,19,44,-356
3,9,48,-344
3,11,47,-324
3,20,36,-306
3,23,38,-308
3,33,38,-328
3,48,38,-346
3,48,31,-360
3,43,31,-372
3,31,31,-369
3,25,39,-361
3,14,44,-354
3,7,47,-340
3,8,44,-317
3,16,43,-305
3,24,36,-313
3,38,33,-328
3,48,35,-348
3,48,31,-360
3,38,31,-375
4,40,36,-328
4,51,38,-349
4,54,35,-353
4,39,27,-361
4,24,39,-367
4,15,40,-362
4,12,46,-353
5,12,41,-345
5,15,39,-321
5,19,39,-313
5,25,35,-314
5,38,39,-336
5,49,39,-348
5,48,35,-361
5,35,30,-368
5,24,35,-361
5,19,39,-364
5,8,48,-349
5,7,44,-335
5,14,39,-306
5,23,28,-311
5,31,35,-321
5,44,39,-345
5,48,38,-353
5,43,31,-369
5,28,33,-370
5,22,33,-365
5,15,47,-354
5,3,48,-353
5,9,46,-320
5,15,33,-305
5,25,33,-309
0,38,35,-333
0,48,36,-357
0,48,39,-364
0,32,35,-372
0,23,31,-365
0,17,35,-360
0,12,44,-354
0,-2,44,-341
0,-1,51,-313
0,11,39,-290
0,35,33,-311
0,54,35,-333
0,51,33,-354
0,39,28,-368
0,24,31,-372
0,24,39,-369
0,9,51,-368
0,1,54,-352
0,3,56,-329
0,14,48,-320
0,22,36,-308
0,25,32,-313
0,33,35,-328
0,39,39,-351
2,1,51,-332
2,15,48,-308
2,16,31,-311
2,30,39,-319
2,43,40,-349
2,43,39,-354
2,31,35,-365
2,24,39,-372
2,19,40,-368
2,12,48,-356
2,7,54,-349
2,6,51,-328
2,15,43,-308
2,19,31,-311
3,24,32,-317
3,38,39,-345
3,47,39,-356
3,39,38,-369
3,24,39,-367
3,19,44,-362
3,9,55,-356
3,7,54,-348
3,7,48,-322
3,12,44,-306
3,19,31,-313
3,30,39,-320
3,41,40,-345
3,48,43,-359
3,41,41,-375
3,22,40,-368
3,16,44,-367
3,7,54,-354
3,3,55,-345
3,1,44,-320
3,15,41,-304
3,22,31,-312
3,30,40,-328
3,44,40,-354
3,49,44,-352
4,35,38,-368
4,28,39,-370
4,23,41,-364
4,7,51,-353
4,7,55,-349
4,6,51,-327
4,12,43,-309
4,16,35,-317
4,31,39,-327
4,44,39,-353
4,52,35,-353
4,38,28,-369
4,31,35,-372
4,15,47,-362
4,4,59,-352
4,3,57,-345
4,3,47,-316
4,12,39,-309
4,17,33,-314
4,39,39,-330
4,54,39,-357
4,62,39,-364
4,35,38,-373
4,20,48,-365
4,3,55,-365
5,-1,56,-353
5,8,47,-336
5,14,43,-316
5,24,35,-305
5,28,28,-314
5,33,41,-330
5,47,47,-353
5,38,47,-359
5,25,44,-377
5,24,39,-367
5,16,41,-362
5,6,48,-351
5,3,47,-333
5,11,48,-308
5,14,39,-311
5,17,40,-320
5,44,41,-338
5,51,41,-354
5,41,35,-365
5,28,32,-365
5,23,38,-365
5,7,55,-354
5,7,56,-349
5,7,51,-330
5,7,46,-311
0,11,38,-313
0,22,36,-313
0,43,39,-345
0,56,40,-353
0,44,35,-365
0,28,41,-368
0,12,51,-360
0,-4,56,-360
0,1,51,-352
0,12,51,-324
0,12,44,-312
0,16,32,-313
0,28,41,-313
0,44,44,-353
0,44,44,-365
0,31,39,-362
0,23,39,-370
0,8,44,-365
0,7,51,-356
0,7,48,-345
0,6,48,-317
0,11,41,-305
0,15,41,-311
0,3,54,-353
0,-4,49,-333
0,-8,49,-336
1,7,41,-320
1,12,33,-304
1,17,32,-316
1,24,44,-327
1,35,51,-353
1,35,40,-362
1,28,51,-372
1,19,49,-369
1,7,48,-376
1,-2,41,-352
1,0,51,-333
1,1,51,-322
1,7,41,-314
1,17,32,-314
1,30,30,-313
1,14,55,-348
1,15,48,-329
1,23,46,-313
1,28,51,-311
1,39,47,-325
1,54,46,-345
1,57,44,-354
1,48,48,-367
1,43,60,-362
1,30,60,-354
2,14,55,-357
2,14,54,-353
2,19,51,-333
2,23,51,-305
2,24,46,-308
2,44,46,-333
2,63,48,-349
2,64,48,-353
2,47,44,-367
2,38,51,-361
2,32,63,-359
2,15,59,-359
2,15,56,-349
2,17,48,-325
2,19,51,-314
2,28,48,-313
2,46,43,-330
2,60,48,-343
2,63,44,-356
2,48,44,-372
2,35,56,-360
2,31,63,-365
2,23,63,-360
2,14,52,-349
2,15,47,-324
3,16,48,-298
3,24,44,-313
3,44,44,-336
3,67,41,-345
3,76,44,-354
3,44,46,-369
3,25,57,-365
3,24,64,-356
3,9,63,-360
3,12,51,-353
3,19,40,-327
3,24,44,-288
3,31,39,-313
3,44,47,-330
3,63,44,-349
3,67,43,-360
3,41,47,-367
3,32,51,-369
3,25,60,-368
3,12,63,-356
3,9,57,-356
3,19,47,-313
3,23,40,-301
3,30,40,-320
3,43,41,-328
4,59,41,-338
4,63,43,-356
4,48,44,-367
4,39,49,-368
4,35,51,-360
4,16,56,-360
4,9,55,-354
4,14,48,-335
4,19,40,-317
4,30,39,-308
4,35,40,-320
4,46,40,-336
4,56,39,-345
4,51,40,-353
4,44,39,-372
4,39,48,-367
4,31,49,-361
4,16,52,-356
4,7,48,-345
4,12,44,-322
4,17,41,-296
4,28,39,-313
4,48,40,-324
4,62,38,-349
4,62,38,-360
5,51,39,-372
5,39,44,-369
5,24,51,-361
5,11,54,-356
5,9,48,-345
5,15,40,-325
5,19,39,-301
0,9,52,-385
0,12,49,-358
0,15,44,-321
0,20,43,-305
0,28,39,-317
0,44,39,-324
0,57,38,-340
0,56,44,-369
0,41,40,-343
0,39,47,-367
0,24,49,-368
0,9,51,-361
0,7,55,-349
0,9,51,-333
0,19,39,-308
0,33,39,-304
0,44,35,-324
0,49,44,-333
0,55,47,-354
0,39,44,-367
0,33,44,-370
0,35,54,-365
0,24,56,-360
0,9,56,-359
1,9,51,-328
1,19,39,-321
1,24,32,-311
1,28,31,-321
1,33,39,-320
1,47,51,-335
1,48,55,-340
1,41,49,-356
1,41,48,-369
1,27,59,-365
1,19,51,-367
1,12,46,-337
1,12,48,-336
1,15,39,-324
1,25,40,-308
1,35,38,-320
1,47,43,-330
1,65,51,-349
1,51,51,-365
1,39,48,-370
1,31,57,-359
1,19,55,-368
1,7,47,-356
1,14,48,-340
1,19,46,-336
2,19,39,-305
2,30,35,-300
2,40,40,-322
2,56,49,-336
2,56,57,-360
2,39,52,-372
2,35,47,-372
3,55,57,-343
3,51,60,-368
3,41,57,-369
3,31,56,-365
3,19,56,-365
3,7,54,-361
3,12,47,-346
3,20,39,-322
3,24,39,-301
3,25,31,-311
3,41,35,-320
3,56,54,-336
3,63,67,-367
3,38,65,-369
3,33,51,-367
3,24,51,-368
3,11,48,-360
3,11,48,-349
3,22,44,-335
3,28,39,-319
3,28,41,-308
3,30,36,-317
3,39,44,-322
3,54,56,-341
4,48,57,-365
4,40,51,-370
4,41,57,-367
4,25,56,-364
4,9,60,-360
4,9,49,-349
4,19,39,-321
4,22,39,-296
4,24,31,-311
4,40,35,-319
4,63,51,-336
4,64,67,-369
4,38,70,-365
4,23,60,-370
4,15,54,-360
4,12,49,-361
4,17,48,-346
4,24,40,-335
4,24,39,-308
4,22,41,-306
4,31,39,-325
4,55,48,-335
4,56,60,-360
4,43,54,-372
4,35,56,-368
5,31,60,-364
5,14,60,-362
5,8,49,-359
5,16,40,-333
5,19,39,-301
5,24,33,-308
0,12,46,-344
0,22,38,-340
0,23,39,-309
0,24,47,-309
0,31,36,-328
0,40,51,-330
0,51,59,-354
0,39,56,-369
0,35,55,-369
0,30,62,-360
0,15,62,-360
0,8,55,-356
0,19,49,-337
0,24,47,-324
0,24,43,-308
0,32,38,-322
0,46,41,-322
0,56,60,-336
0,46,70,-368
0,28,56,-377
0,30,63,-360
0,24,70,-359
0,15,62,-365
0,19,54,-353
0,33,48,-320
1,28,49,-301
1,28,41,-318
1,48,33,-336
1,55,49,-337
1,51,65,-360
1,39,79,-369
1,24,79,-362
1,12,63,-353
1,12,56,-353
1,15,51,-346
1,16,39,-311
1,24,41,-305
1,41,38,-329
1,56,46,-340
1,60,59,-351
1,44,79,-372
1,25,84,-360
1,12,65,-356
1,7,51,-360
1,15,44,-356
1,20,44,-333
1,24,41,-305
1,24,39,-311
1,44,31,-329
1,48,48,-333
2,47,63,-360
2,46,73,-370
2,38,65,-360
2,22,51,-359
2,12,48,-360
2,8,40,-356
2,22,31,-335
2,25,33,-303
2,33,32,-306
2,46,33,-324
2,56,49,-335
2,56,67,-357
2,44,63,-372
2,38,44,-369
2,35,35,-360
2,33,27,-360
2,24,30,-349
2,23,31,-333
2,27,32,-313
2,27,30,-313
2,39,38,-324
2,62,39,-341
2,60,49,-346
2,57,35,-367
2,47,28,-369
3,38,30,-357
3,24,28,-364
3,24,28,-354
3,30,31,-336
3,30,35,-312
3,28,35,-309
3,36,35,-320
3,51,39,-340
3,63,33,-357
3,64,19,-370
3,56,15,-372
3,49,23,-362
3,24,36,-356
3,3,39,-352
3,12,38,-345
3,25,33,-313
3,35,28,-301
3,44,27,-313
3,56,28,-335
3,62,30,-357
3,56,25,-362
3,47,20,-369
3,39,30,-370
3,24,39,-360
3,8,36,-359
4,15,38,-338
4,19,36,-306
4,24,31,-312
4,35,28,-324
4,60,24,-346
4,63,24,-354
4,51,24,-365
4,40,28,-369
4,24,33,-361
4,12,36,-352
4,11,35,-349
4,17,33,-321
4,19,33,-305
4,19,31,-314
4,38,28,-333
4,57,31,-354
4,60,24,-362
4,46,24,-369
4,35,28,-369
4,15,38,-353
4,7,38,-353
4,8,38,-333
4,15,30,-308
4,20,31,-305
4,25,31,-325
5,47,36,-338
5,56,35,-353
5,51,28,-375
5,38,16,-365
5,31,30,-369
5,16,36,-368
5,3,36,-340
5,7,41,-312
5,12,38,-304
5,27,31,-321
5,48,30,-345
5,63,28,-346
5,56,22,-361
5,38,28,-369
5,30,33,-365
5,15,41,-354
5,7,44,-353
5,7,36,-336
5,14,35,-305
5,23,32,-308
5,33,31,-324
5,51,35,-345
5,54,31,-353
5,47,24,-369
5,35,31,-367
0,19,39,-368
0,9,35,-361
0,4,32,-345
0,7,44,-313
0,11,39,-305
0,25,31,-317
0,47,28,-338
0,65,35,-345
0,56,28,-362
0,35,24,-368
0,28,35,-365
0,11,44,-360
0,1,41,-360
0,7,44,-325
0,12,41,-304
0,20,33,-313
0,35,19,-346
0,63,30,-349
0,55,32,-360
0,33,28,-365
0,19,39,-361
0,12,40,-362
0,7,40,-359
0,15,35,-343
0,22,38,-301
1,19,39,-308
1,31,35,-321
1,57,31,-336
1,63,35,-352
1,40,24,-369
1,28,30,-372
1,16,39,-365
1,14,39,-370
1,14,39,-353
1,12,38,-311
1,15,33,-305
1,24,28,-314
1,48,31,-329
1,67,33,-348
1,56,35,-369
1,40,32,-365
1,24,38,-364
1,15,38,-364
1,7,33,-356
1,14,35,-340
1,19,38,-306
1,24,35,-301
1,35,35,-320
1,55,33,-343
1,62,31,-351
2,51,22,-370
2,41,25,-370
2,31,30,-369
2,15,44,-360
2,7,48,-359
2,3,39,-328
2,12,36,-296
2,24,30,-308
2,41,32,-320
2,60,31,-345
2,63,24,-360
2,48,22,-362
2,31,31,-368
2,15,43,-369
2,6,44,-354
2,9,38,-351
2,14,33,-324
2,19,36,-296
2,25,32,-313
2,40,35,-330
2,55,32,-351
2,57,28,-367
2,51,24,-376
2,39,28,-369
2,19,41,-364
3,3,44,-360
3,11,41,-346
3,14,38,-317
3,23,32,-305
3,28,35,-313
3,40,35,-332
3,56,35,-345
3,54,25,-359
3,40,28,-369
3,31,35,-365
3,25,39,-362
3,15,41,-353
3,8,39,-346
3,14,35,-324
3,19,35,-308
3,19,35,-311
3,30,32,-329
3,49,28,-353
3,57,25,-356
3,46,23,-370
3,40,31,-369
3,24,39,-361
3,3,44,-353
3,3,43,-345
3,8,33,-321
4,16,31,-305
4,23,31,-313
4,40,28,-335
4,60,30,-345
4,56,24,-359
4,38,20,-369
4,31,31,-360
4,24,39,-369
4,3,43,-351
4,0,36,-327
4,6,40,-311
4,15,31,-308
4,33,25,-330
4,56,24,-353
4,63,24,-360
4,44,19,-362
4,35,28,-364
4,14,38,-364
4,-1,38,-352
4,1,35,-340
4,12,38,-312
4,15,35,-308
4,31,35,-320
4,46,31,-336
4,56,25,-345
5,56,22,-362
5,44,19,-372
5,32,31,-369
5,22,38,-369
5,9,40,-349
5,6,44,-338
5,7,39,-313
5,17,35,-305
5,25,35,-317
5,38,30,-333
5,54,22,-353
5,60,19,-360
5,49,24,-378
5,35,31,-369
5,24,39,-365
5,6,41,-356
5,3,38,-345
5,9,36,-324
5,19,33,-304
5,28,31,-306
5,38,28,-328
5,54,28,-349
5,56,24,-357
5,49,24,-365
5,32,33,-369
0,24,36,-372
0,24,56,-353
0,14,39,-349
0,12,35,-330
0,19,35,-305
0,24,31,-313
0,32,33,-321
0,47,31,-340
0,52,28,-354
0,46,14,-372
0,36,22,-372
0,31,31,-368
0,15,47,-362
0,6,46,-346
0,9,39,-333
0,12,33,-311
0,8,35,-305
0,24,33,-317
0,49,30,-340
0,60,28,-349
0,52,28,-362
0,36,28,-372
0,24,40,-364
0,12,40,-352
0,8,31,-356
1,7,28,-327
1,7,40,-305
1,15,43,-313
1,30,46,-324
1,51,36,-349
1,57,24,-348
1,48,15,-367
1,38,24,-370
1,19,40,-362
1,-4,54,-359
1,-7,49,-337
1,8,41,-320
1,24,31,-322
1,39,27,-329
1,51,30,-345
1,48,30,-359
1,28,31,-343
1,17,35,-349
1,22,39,-359
1,31,39,-352
1,32,40,-353
1,8,39,-351
1,17,44,-322
1,31,39,-335
1,24,31,-360
2,24,31,-336
2,33,32,-338
2,38,31,-351
2,33,32,-345
2,19,40,-328
2,9,39,-329
2,14,39,-322
2,24,35,-324
2,39,31,-346
2,48,31,-356
2,49,28,-369
2,44,35,-372
2,22,44,-353
2,6,48,-360
2,7,40,-352
2,17,33,-332
2,24,30,-320
2,25,31,-313
2,31,33,-314
2,36,41,-330
2,46,41,-353
2,47,32,-354
2,39,31,-370
2,31,38,-367
2,20,44,-362
4,35,32,-333
4,48,24,-353
4,59,14,-360
4,63,-4,-353
4,52,-13,-360
4,46,-16,-356
4,44,3,-361
4,39,24,-360
4,27,38,-353
4,15,38,-336
0,6,57,-364
0,14,51,-360
0,9,39,-335
0,14,31,-313
0,27,39,-297
0,35,49,-319
0,48,57,-337
0,57,63,-351
0,60,63,-362
0,48,68,-385
1,31,67,-369
1,15,56,-360
1,3,51,-353
1,3,44,-335
1,4,40,-308
1,12,44,-305
1,30,46,-324
1,47,48,-327
1,60,48,-346
1,63,56,-369
1,51,67,-377
1,35,78,-369
1,15,71,-357
1,1,60,-356
1,4,48,-336
1,6,31,-325
1,11,30,-308
1,24,41,-306
1,41,49,-328
1,52,56,-343
1,56,63,-360
1,48,71,-369
1,35,70,-372
1,23,63,-362
1,11,55,-359
2,3,44,-345
2,-4,36,-328
2,-1,31,-303
2,15,41,-304
2,28,51,-328
2,55,56,-345
2,63,60,-349
2,56,71,-370
2,31,72,-373
2,15,67,-360
2,7,55,-356
2,-2,47,-341
2,1,35,-324
2,7,31,-304
2,16,39,-317
2,35,49,-332
2,48,56,-336
2,54,62,-356
2,46,63,-372
2,33,63,-376
2,25,60,-368
2,14,60,-356
2,8,54,-341
2,3,48,-336
2,6,35,-319
3,11,39,-300
3,24,39,-320
3,39,47,-336
3,52,55,-351
3,54,55,-362
3,47,67,-377
4,56,60,-352
4,65,57,-356
4,55,63,-381
4,31,67,-375
4,14,60,-362
4,-1,54,-352
4,-2,46,-332
4,-1,39,-327
4,3,31,-308
4,19,39,-304
4,28,51,-328
4,43,54,-344
4,51,59,-351
4,48,59,-368
1,24,39,-333
1,25,55,-369
1,12,67,-380
1,9,76,-365
1,-8,68,-367
1,-16,63,-354
1,-23,48,-353
1,-17,25,-333
1,-13,19,-309
1,3,12,-308
1,8,15,-319
1,15,19,-324
1,14,39,-337
1,19,56,-361
1,15,71,-385
1,12,79,-360
1,-2,71,-360
2,-24,67,-353
2,-29,39,-352
2,-20,20,-322
2,-15,12,-301
2,3,14,-309
2,14,14,-327
2,19,25,-337
2,24,48,-353
2,15,71,-372
2,1,84,-372
2,-8,79,-369
2,-17,65,-360
2,-23,46,-360
2,-25,28,-328
2,-20,12,-314
2,-5,12,-298
2,7,16,-314
2,14,15,-328
2,19,39,-329
2,15,56,-365
2,12,76,-385
2,3,79,-368
2,-8,73,-362
2,-29,65,-361
2,-29,44,-345
3,-23,23,-329
3,-12,7,-312
3,-4,17,-296
3,7,20,-322
3,16,19,-333
3,19,44,-321
3,12,60,-372
3,7,78,-378
3,-2,76,-367
3,-17,68,-362
3,-25,48,-361
3,-31,39,-340
3,-21,15,-321
3,-13,15,-298
3,1,28,-306
3,16,17,-337
3,24,27,-320
3,12,51,-343
3,7,63,-386
3,-1,70,-369
3,-1,65,-362
3,-15,67,-361
3,-25,56,-356
3,-26,33,-336
3,-20,9,-321
4,-9,8,-308
4,-5,25,-303
4,11,22,-329
4,19,28,-327
4,15,44,-353
4,12,65,-385
4,0,72,-362
4,-13,71,-362
4,-25,63,-360
4,-29,47,-353
4,-24,28,-333
4,-15,14,-306
4,-5,14,-296
4,7,12,-320
4,16,19,-324
4,23,39,-337
4,15,56,-376
4,-1,67,-378
4,-4,71,-362
4,-17,63,-362
4,-31,60,-360
4,-24,43,-340
4,-20,17,-317
4,-13,15,-297
4,-2,12,-314
5,15,15,-328
5,22,31,-330
5,24,47,-356
5,12,64,-386
5,-4,79,-362
5,-15,76,-362
5,-31,65,-365
5,-32,39,-348
5,-24,19,-319
5,-10,8,-305
5,-8,14,-296
5,12,14,-328
5,15,24,-328
5,19,41,-328
5,12,60,-376
5,-7,78,-381
5,-8,72,-360
5,-15,63,-365
5,-29,47,-360
5,-26,25,-335
5,-13,9,-324
5,-8,14,-303
5,-7,28,-304
5,7,23,-333
5,15,35,-324
0,17,48,-341
0,19,57,-416
0,1,71,-375
0,-8,65,-360
0,-26,65,-365
0,-40,43,-353
0,-25,19,-328
0,-17,12,-301
0,-5,20,-292
0,12,15,-327
0,20,27,-321
0,30,40,-341
0,25,64,-400
0,-2,81,-365
0,-15,76,-365
0,-31,63,-369
0,-20,35,-360
0,-18,19,-328
0,-16,12,-306
0,-4,14,-298
0,15,11,-328
0,15,15,-327
0,24,44,-324
0,16,55,-380
0,-7,67,-362
1,-5,76,-353
1,-10,59,-368
1,-25,44,-354
1,-31,35,-340
1,-16,19,-327
1,-12,16,-302
1,3,7,-300
1,16,6,-328
1,15,28,-324
1,17,48,-359
1,14,59,-391
1,7,73,-360
1,-9,67,-367
1,-25,70,-353
1,-25,39,-357
1,-25,12,-320
1,-15,3,-296
1,-5,14,-306
1,15,12,-324
1,24,17,-340
1,19,55,-341
1,12,73,-392
1,3,78,-365
1,-8,71,-367
1,-26,56,-360
2,-26,32,-353
2,-23,14,-324
2,-16,7,-297
2,-2,8,-309
2,20,-1,-328
2,28,22,-324
2,19,48,-359
2,9,67,-385
2,-1,79,-365
2,-13,79,-365
2,-16,60,-356
2,-18,35,-354
2,-13,19,-328
2,-13,9,-303
2,1,8,-304
2,15,4,-325
2,24,22,-317
2,22,49,-344
2,20,71,-386
2,11,73,-372
2,-1,67,-367
2,-15,55,-362
2,-20,44,-345
2,-18,30,-341
2,-10,14,-317
3,-1,16,-303
3,12,15,-317
3,16,15,-327
3,19,36,-333
3,23,60,-365
3,15,79,-375
3,15,72,-365
3,3,63,-364
3,-13,46,-354
3,-16,28,-338
3,-24,17,-325
3,-16,15,-301
3,7,12,-317
3,23,16,-324
3,33,44,-332
3,35,62,-383
3,24,79,-377
3,7,75,-360
3,-8,60,-365
3,-16,44,-360
3,-12,30,-341
3,-8,23,-328
3,-1,23,-314
3,7,31,-305
3,19,28,-328
4,27,39,-327
4,25,59,-349
4,15,68,-372
4,14,65,-372
4,11,62,-361
4,3,49,-360
4,-8,40,-349
4,-9,38,-328
4,-2,30,-330
4,6,33,-313
4,12,39,-320
4,15,38,-329
4,8,39,-324
4,9,55,-345
4,15,60,-377
4,24,59,-370
4,22,62,-361
4,8,59,-360
4,-5,47,-345
4,-8,39,-333
4,-8,28,-328
4,-8,31,-324
4,6,41,-329
4,15,48,-340
4,16,56,-340
5,8,54,-337
5,-1,48,-340
5,-4,44,-340
5,-1,41,-343
5,-1,46,-345
5,-1,51,-344
5,6,48,-343
5,7,47,-336
5,11,39,-340
5,7,41,-338
0,7,46,-341
0,23,48,-340
0,7,46,-336
0,3,39,-340
0,3,35,-351
0,7,43,-337
0,4,51,-336
0,-1,47,-333
0,-2,35,-333
0,-4,31,-349
0,7,28,-348
0,17,40,-343
0,28,51,-361
0,28,56,-361
0,17,62,-353
0,15,51,-369
0,6,59,-349
0,3,56,-336
0,-7,40,-324
0,3,31,-319
0,12,28,-333
0,28,25,-338
0,40,24,-338
0,35,44,-349
0,31,56,-370
1,12,68,-356
1,-8,71,-340
1,-8,52,-336
1,9,35,-336
1,28,24,-359
1,39,31,-354
1,35,32,-346
1,22,41,-346
1,3,55,-345
1,-8,56,-343
1,-7,48,-313
1,-4,35,-298
1,17,32,-320
1,39,32,-349
5,-2,46,-344
5,-1,43,-345
5,4,41,-348
5,6,41,-340
5,-1,48,-343
5,3,47,-345
5,1,48,-340
5,3,46,-341
5,4,44,-345
5,3,39,-340
5,3,39,-340
5,-1,39,-346
5,-2,44,-340
1,48,54,-365
1,35,52,-360
1,12,56,-356
1,-8,51,-365
1,-16,55,-345
1,-8,47,-309
1,6,39,-317
1,31,35,-340
1,55,33,-343
1,51,39,-340
2,41,46,-349
2,30,51,-361
2,17,60,-360
2,7,63,-354
2,12,51,-353
2,30,54,-343
2,39,48,-343
2,31,49,-340
2,27,51,-309
2,25,48,-328
2,19,48,-360
2,25,55,-336
2,36,54,-340
2,44,56,-362
2,28,60,-353
2,6,56,-336
2,3,49,-317
2,12,46,-324
2,25,46,-328
2,49,49,-337
2,62,60,-349
2,55,67,-356
2,44,70,-365
2,28,71,-356
3,11,60,-360
3,9,46,-353
3,15,44,-336
3,20,46,-313
3,19,49,-305
3,28,48,-317
3,47,51,-336
3,62,55,-346
3,63,60,-356
3,51,63,-369
3,35,65,-365
3,15,65,-357
3,4,51,-365
3,1,39,-353
3,12,31,-313
3,19,40,-297
3,35,44,-317
3,62,48,-336
3,71,57,-346
3,67,71,-360
3,55,75,-364
3,31,76,-364
3,15,67,-357
3,3,56,-360
3,7,35,-346
4,12,15,-304
4,20,19,-308
4,43,28,-333
4,64,44,-330
4,73,64,-345
4,63,83,-362
4,48,80,-368
4,31,71,-362
4,19,48,-365
4,14,28,-372
4,8,16,-322
4,15,12,-295
4,24,22,-308
4,38,36,-324
4,60,51,-335
4,73,57,-356
4,76,65,-370
4,63,64,-365
4,43,56,-368
4,14,46,-368
4,-4,30,-361
4,1,16,-344
4,12,14,-317
4,31,19,-297
4,48,24,-306
5,63,28,-330
5,71,44,-338
5,63,56,-354
5,54,55,-376
5,41,48,-369
5,32,36,-369
5,23,33,-365
5,15,31,-353
5,15,30,-337
5,19,30,-311
5,31,32,-305
5,44,35,-313
5,54,38,-333
5,64,32,-345
5,70,35,-360
5,64,51,-377
5,54,57,-372
5,31,64,-367
5,9,59,-368
5,3,31,-356
5,16,12,-332
5,28,16,-305
5,41,23,-301
5,56,30,-317
5,63,48,-333
0,70,67,-353
0,60,54,-360
0,55,63,-367
0,39,57,-372
0,28,47,-364
0,19,31,-359
0,14,24,-348
0,24,24,-325
0,31,35,-317
0,39,35,-292
0,51,38,-320
0,54,48,-333
0,56,54,-356
0,60,56,-361
0,54,60,-372
0,47,57,-368
0,27,51,-345
0,16,41,-345
0,15,30,-338
0,22,25,-328
0,24,31,-313
0,35,32,-308
0,48,35,-327
0,60,51,-333
0,67,57,-357
1,63,65,-367
1,54,68,-377
1,39,70,-365
1,25,56,-365
1,15,35,-356
1,15,12,-345
1,17,12,-305
1,28,19,-296
1,41,31,-312
1,56,48,-332
1,71,56,-351
1,73,67,-359
1,56,71,-372
1,39,71,-368
1,24,63,-365
1,15,39,-365
1,9,22,-345
1,15,14,-320
1,24,24,-300
1,38,28,-308
1,55,39,-333
1,68,56,-345
1,75,71,-360
1,60,78,-365
1,40,70,-369
2,20,56,-367
2,12,40,-362
2,14,19,-356
2,17,17,-327
2,24,22,-298
2,36,28,-308
2,51,35,-324
2,63,49,-344
2,63,59,-357
2,56,70,-365
2,38,65,-369
2,24,60,-365
2,15,51,-368
2,19,28,-352
2,17,20,-328
2,24,19,-303
2,35,28,-306
2,44,33,-321
2,56,48,-338
2,63,56,-353
2,56,63,-369
2,51,63,-372
2,38,63,-365
2,15,63,-362
2,14,38,-353
3,15,25,-332
3,19,22,-314
3,31,24,-301
3,41,25,-317
3,51,44,-329
3,62,55,-352
3,63,64,-364
3,54,73,-375
3,46,68,-372
3,28,67,-362
3,12,48,-362
3,8,28,-349
3,15,11,-322
3,24,12,-301
3,35,23,-312
3,51,36,-328
3,67,57,-337
3,71,76,-362
3,57,84,-368
3,44,73,-368
3,28,62,-365
3,14,44,-360
3,12,30,-353
3,15,15,-327
3,24,19,-296
4,33,30,-305
4,44,35,-330
4,59,51,-336
4,63,62,-353
4,62,67,-370
4,47,67,-372
4,35,59,-369
4,22,54,-360
4,15,36,-352
4,16,30,-337
4,24,24,-320
4,30,31,-311
4,40,36,-320
4,46,44,-327
4,60,55,-345
4,60,63,-353
4,57,71,-375
4,47,67,-369
4,32,62,-365
4,15,49,-361
4,12,25,-360
4,17,15,-320
4,24,22,-298
4,38,30,-308
4,49,41,-324
5,63,56,-349
5,70,71,-357
5,60,73,-369
5,40,72,-369
5,28,60,-362
5,16,44,-360
5,16,25,-353
5,17,19,-319
5,20,22,-301
5,36,31,-311
5,47,44,-325
5,63,59,-345
5,67,64,-357
5,62,71,-368
5,46,67,-369
5,31,57,-361
5,19,56,-356
5,15,39,-351
5,19,17,-336
5,22,15,-304
5,28,19,-311
5,40,31,-329
5,59,48,-330
5,65,67,-357
5,67,81,-365
0,51,81,-369
0,35,64,-354
0,17,48,-359
0,12,30,-359
0,14,12,-336
0,17,7,-297
0,28,16,-304
0,39,33,-330
0,56,60,-343
0,92,75,-353
0,63,81,-365
0,51,78,-370
0,36,63,-367
0,19,46,-361
0,15,30,-356
0,17,22,-336
0,20,15,-312
0,27,27,-301
0,43,35,-322
0,54,48,-328
0,63,63,-351
0,60,72,-360
0,51,72,-370
0,41,65,-369
0,19,52,-349
1,15,40,-360
1,14,28,-349
1,15,16,-308
1,24,19,-297
1,39,24,-320
1,55,40,-330
1,71,60,-360
1,70,76,-369
1,56,81,-369
1,38,73,-361
1,17,56,-360
1,11,39,-360
1,15,17,-349
1,20,12,-309
1,35,19,-305
1,47,27,-320
1,56,46,-336
1,60,64,-344
1,55,71,-361
1,46,67,-372
1,36,63,-361
1,31,49,-362
1,22,44,-360
1,24,25,-352
1,23,19,-317
2,24,19,-303
2,31,24,-313
2,41,38,-328
2,56,51,-345
2,63,60,-360
2,59,70,-372
2,48,67,-365
2,28,63,-361
2,9,51,-360
2,8,30,-354
2,22,15,-328
2,32,17,-305
2,40,28,-306
2,46,33,-321
2,48,44,-333
2,56,56,-360
2,52,63,-360
2,46,56,-368
2,31,56,-360
2,19,47,-360
2,12,31,-360
2,14,24,-335
2,19,23,-301
2,38,19,-319
2,51,24,-324
3,63,38,-340
3,62,49,-354
3,48,60,-364
3,30,65,-367
3,19,63,-361
3,15,49,-361
3,19,35,-349
3,27,24,-328
3,25,15,-308
3,33,14,-313
3,39,24,-321
3,49,30,-340
3,51,44,-359
3,48,56,-368
3,41,67,-370
3,31,73,-361
3,15,63,-368
3,12,44,-356
3,15,25,-328
3,17,7,-300
3,32,-1,-311
3,41,14,-320
3,51,30,-330
3,56,49,-360
3,54,65,-367
4,41,76,-370
4,31,76,-364
4,12,57,-369
4,9,36,-356
4,9,14,-337
4,16,3,-308
4,28,3,-309
4,41,17,-328
4,48,38,-335
4,56,54,-353
4,54,68,-369
4,38,76,-361
4,25,64,-362
4,15,48,-361
4,9,35,-360
4,16,14,-341
4,17,7,-297
4,24,9,-311
4,36,22,-333
4,51,39,-332
4,64,48,-354
4,60,65,-373
4,43,71,-365
4,28,64,-362
4,7,56,-362
5,1,31,-361
5,9,12,-329
5,25,3,-313
5,39,19,-303
5,44,22,-320
5,49,39,-328
5,51,48,-345
5,46,65,-372
5,38,67,-368
5,28,57,-356
5,24,47,-367
5,8,48,-362
5,15,28,-351
5,16,16,-317
5,23,19,-301
5,39,15,-320
5,48,31,-320
5,59,48,-348
5,56,57,-368
5,44,67,-365
5,25,64,-360
5,12,56,-365
5,12,44,-360
5,12,35,-336
5,15,24,-317
0,24,16,-308
0,35,15,-316
0,54,28,-338
0,60,49,-352
0,55,63,-368
0,44,76,-372
0,31,78,-360
0,15,63,-360
0,12,48,-356
0,31,25,-341
0,14,19,-306
0,19,17,-306
0,39,17,-314
0,48,33,-333
0,55,54,-340
0,56,63,-359
0,49,71,-373
0,33,67,-365
0,16,71,-364
0,11,60,-360
0,15,48,-349
0,15,39,-329
0,24,32,-311
0,35,30,-309
0,49,30,-333
1,60,38,-341
1,60,51,-354
1,55,60,-361
1,41,63,-359
1,25,75,-362
1,16,78,-361
1,9,67,-338
1,9,47,-322
1,24,40,-316
1,35,41,-320
1,51,44,-340
1,63,46,-349
1,67,44,-359
1,63,56,-369
1,51,63,-360
1,32,71,-369
1,17,71,-346
1,20,63,-336
1,22,49,-330
1,20,47,-311
1,38,43,-324
1,51,39,-338
1,64,41,-344
1,67,57,-356
1,56,64,-365
2,44,76,-360
2,22,78,-362
2,19,67,-360
2,19,47,-349
2,20,39,-312
2,24,31,-303
2,44,24,-324
2,56,28,-330
2,64,48,-344
2,67,63,-368
2,59,76,-365
2,43,83,-361
2,17,76,-361
2,15,52,-354
2,19,35,-340
2,20,23,-319
2,25,20,-309
2,44,25,-321
2,51,39,-333
2,63,51,-345
2,60,64,-360
2,56,71,-361
2,49,65,-364
2,31,64,-361
2,16,55,-360
3,17,39,-351
3,19,30,-329
3,25,24,-309
3,38,30,-317
3,51,33,-328
3,62,44,-336
3,68,57,-353
3,56,65,-360
3,46,63,-369
3,38,64,-360
3,25,56,-357
3,17,48,-353
3,24,39,-346
3,25,31,-305
3,38,27,-301
3,56,20,-328
3,64,35,-330
3,63,51,-359
3,55,71,-370
3,51,72,-361
3,40,72,-362
3,24,63,-365
3,23,40,-360
3,23,30,-325
3,28,24,-304
4,41,23,-317
4,51,28,-324
4,64,40,-336
4,67,60,-353
4,54,72,-369
4,48,71,-365
4,40,70,-356
4,28,59,-361
4,24,39,-353
4,24,31,-333
4,28,22,-308
4,38,30,-305
4,56,33,-324
4,67,44,-336
4,71,60,-346
4,60,70,-362
4,49,68,-365
4,35,60,-361
4,24,51,-359
4,24,39,-361
4,28,30,-333
4,31,30,-298
4,44,31,-308
4,54,36,-321
4,67,48,-345
5,63,60,-361
5,65,67,-364
5,57,64,-365
5,35,62,-362
5,24,51,-364
5,22,35,-356
5,24,30,-321
5,30,25,-301
5,41,25,-317
5,60,33,-330
5,70,48,-340
5,68,67,-360
5,63,71,-367
5,48,65,-369
5,31,60,-365
5,22,47,-362
5,25,36,-352
5,31,28,-320
5,39,31,-304
5,41,31,-316
5,48,41,-329
5,62,52,-337
5,63,65,-353
5,60,70,-364
5,52,67,-368
0,40,59,-365
0,25,44,-356
0,24,38,-346
0,24,28,-316
0,31,25,-295
0,39,28,-317
0,56,39,-335
0,71,56,-346
0,72,70,-364
0,71,70,-368
0,51,67,-368
0,31,55,-362
0,19,44,-356
0,24,25,-344
0,31,22,-313
0,41,24,-301
0,51,32,-314
0,54,47,-328
0,59,60,-348
0,62,71,-359
0,63,76,-376
0,63,70,-365
0,51,55,-365
0,33,35,-360
0,17,12,-352
1,19,9,-320
1,31,19,-308
1,48,35,-317
1,62,49,-328
1,67,63,-336
1,63,63,-352
1,56,57,-368
1,46,48,-367
1,40,47,-368
1,31,52,-360
1,31,48,-354
1,31,39,-336
1,32,35,-324
1,38,39,-308
1,35,39,-317
1,49,35,-320
1,51,41,-344
1,55,55,-360
1,51,59,-367
1,47,60,-364
1,44,55,-361
1,30,56,-362
1,19,39,-360
1,24,31,-335
1,30,31,-313
2,40,33,-313
2,49,31,-317
2,54,39,-335
2,60,51,-341
2,57,60,-365
2,56,63,-370
2,47,62,-365
2,28,59,-365
2,19,41,-365
2,20,25,-344
2,25,27,-301
2,35,27,-305
2,47,30,-312
2,57,39,-332
2,63,54,-344
2,67,60,-360
2,56,63,-373
2,44,56,-381
2,31,51,-367
2,24,48,-361
2,27,35,-351
2,33,19,-317
2,44,24,-303
2,48,33,-317
2,57,44,-327
3,63,55,-340
3,67,63,-356
3,60,63,-369
3,49,54,-364
3,35,54,-365
3,25,51,-360
3,25,38,-349
3,35,24,-330
3,38,27,-308
3,44,35,-313
3,54,44,-320
3,55,56,-333
3,60,56,-346
3,60,62,-370
3,56,62,-372
3,54,57,-368
3,39,54,-365
3,27,44,-345
3,28,35,-336
3,28,28,-319
3,39,36,-306
3,48,40,-314
3,55,48,-320
3,57,60,-336
3,51,63,-356
4,49,57,-373
4,51,51,-370
4,48,49,-362
4,36,49,-365
4,28,41,-359
4,31,35,-337
4,31,35,-314
4,39,35,-308
4,48,38,-317
4,51,48,-324
4,52,57,-349
4,59,63,-362
4,55,55,-372
4,49,49,-370
4,35,62,-359
4,22,52,-365
4,24,39,-349
4,31,28,-320
4,39,28,-305
4,44,31,-313
4,52,41,-328
4,65,60,-340
4,60,63,-356
4,55,63,-375
4,44,56,-369
5,35,57,-360
5,31,47,-361
5,28,35,-345
5,35,28,-337
5,31,27,-312
5,38,32,-305
5,48,40,-324
5,56,57,-336
5,56,64,-343
5,57,64,-367
5,55,60,-372
5,41,59,-367
5,28,51,-367
5,22,40,-352
5,25,30,-335
5,32,24,-328
5,35,31,-308
5,41,32,-308
5,46,44,-324
5,48,56,-341
5,57,63,-345
5,62,63,-372
5,56,56,-376
5,46,48,-370
5,22,52,-368
0,15,31,-369
0,19,16,-305
0,22,16,-282
0,31,30,-308
0,44,44,-335
0,59,67,-340
0,72,72,-353
0,72,60,-362
0,59,41,-368
0,3,28,-367
0,7,39,-353
0,4,44,-369
0,7,39,-333
0,16,31,-301
0,35,25,-313
0,56,23,-328
0,64,48,-336
0,72,64,-354
0,63,80,-360
0,39,72,-365
0,24,48,-367
0,12,46,-362
0,8,31,-349
0,12,28,-313
0,28,30,-322
1,51,27,-337
1,63,44,-329
1,62,60,-345
1,46,72,-346
1,31,60,-360
1,19,51,-360
1,19,44,-365
1,28,44,-351
1,46,38,-343
1,55,35,-337
1,38,39,-344
1,31,48,-328
1,39,56,-330
1,25,56,-346
1,39,48,-351
1,40,44,-344
1,44,46,-349
1,35,46,-357
1,27,47,-348
1,24,41,-336
1,24,39,-328
1,39,43,-324
1,38,47,-333
1,44,47,-340
1,44,48,-341
2,48,48,-353
2,44,49,-362
2,46,52,-365
2,46,59,-361
2,25,57,-353
2,16,48,-349
2,15,35,-336
2,20,28,-317
2,31,30,-313
2,39,32,-313
2,48,46,-328
2,52,55,-353
2,51,63,-346
2,49,64,-361
2,38,65,-369
2,31,51,-368
2,24,48,-361
2,22,41,-353
2,28,38,-336
2,28,32,-317
2,30,35,-308
2,38,43,-320
2,47,48,-330
2,56,52,-348
2,62,55,-359
3,56,57,-368
3,44,60,-361
3,24,57,-359
3,8,62,-357
3,12,47,-345
3,24,33,-328
3,28,31,-305
3,39,27,-312
3,44,40,-325
3,59,51,-336
3,63,62,-353
3,60,73,-365
3,48,76,-369
3,31,68,-367
3,14,63,-365
3,16,48,-354
3,20,39,-338
3,24,33,-311
3,31,39,-301
3,44,38,-320
3,60,48,-328
3,68,56,-343
3,63,63,-356
3,54,64,-373
3,35,67,-365
4,16,79,-360
4,12,73,-356
4,25,55,-345
4,32,40,-317
4,39,40,-306
4,44,33,-320
4,56,41,-333
4,63,60,-343
4,63,70,-356
4,56,78,-372
4,43,79,-364
4,25,87,-360
4,17,68,-360
4,24,48,-353
4,27,32,-328
4,33,32,-298
4,41,39,-313
4,51,51,-329
4,60,64,-336
4,63,78,-356
4,56,80,-365
4,40,76,-368
4,31,79,-364
4,20,64,-362
4,23,46,-351
5,30,39,-333
5,31,35,-308
5,39,48,-312
5,51,48,-327
5,60,60,-333
5,59,76,-351
5,54,75,-362
5,48,76,-369
5,39,71,-362
5,31,71,-360
5,28,56,-354
5,35,44,-336
5,32,36,-327
5,32,43,-306
5,39,48,-320
5,48,48,-328
5,62,60,-336
5,63,72,-353
5,56,76,-369
5,46,73,-364
5,33,76,-362
5,24,65,-365
5,24,41,-351
5,24,33,-336
5,31,35,-314
0,39,44,-305
0,67,48,-327
0,56,60,-335
0,62,70,-345
0,63,76,-365
0,59,78,-372
0,43,68,-369
0,24,71,-362
0,15,60,-362
0,19,38,-353
0,28,31,-317
0,35,39,-295
0,47,41,-314
0,56,54,-328
0,63,63,-340
0,63,71,-356
0,55,76,-368
0,43,71,-367
0,30,70,-360
0,17,63,-356
0,22,44,-346
0,31,33,-324
0,39,28,-308
0,40,24,-303
0,39,22,-327
1,47,43,-338
1,56,60,-353
1,63,83,-369
1,60,88,-372
1,46,71,-370
1,25,51,-367
1,9,31,-351
1,15,17,-343
1,23,15,-313
1,31,22,-305
1,47,31,-314
1,56,44,-327
1,56,54,-336
1,60,63,-354
1,57,70,-361
1,49,62,-369
1,38,48,-372
1,22,44,-362
1,15,40,-354
1,22,31,-345
1,24,24,-312
1,35,35,-298
1,48,36,-320
1,60,48,-333
1,70,56,-346
2,68,63,-361
2,57,63,-369
2,38,59,-370
2,19,60,-362
2,12,57,-360
2,19,36,-352
2,25,28,-324
2,39,32,-303
2,48,39,-306
2,54,44,-320
2,57,60,-329
2,60,63,-353
2,55,63,-370
2,48,62,-372
2,39,60,-369
2,27,67,-364
2,16,54,-361
2,19,36,-340
2,28,25,-322
2,35,31,-303
2,46,38,-311
2,55,44,-330
2,57,60,-341
2,60,71,-349
2,56,71,-369
3,48,64,-368
3,38,54,-365
3,24,48,-360
3,24,35,-349
3,27,35,-333
3,32,39,-325
3,38,38,-317
3,48,44,-312
3,52,44,-324
3,57,54,-338
3,56,57,-349
3,60,56,-369
3,49,54,-369
3,38,51,-369
3,24,51,-365
3,19,43,-354
3,28,35,-338
3,33,35,-321
3,35,35,-306
3,40,36,-305
3,48,46,-322
3,60,46,-344
3,71,54,-356
3,63,60,-369
3,48,64,-359
4,31,56,-364
4,23,49,-362
4,24,48,-349
4,30,31,-337
4,28,30,-305
4,39,24,-305
4,47,39,-328
4,62,51,-349
4,71,56,-353
4,71,73,-365
4,56,78,-373
4,39,71,-365
4,31,52,-365
4,28,39,-349
4,30,31,-336
4,31,35,-305
4,38,44,-308
4,48,56,-319
4,60,55,-336
4,71,51,-346
4,67,51,-360
4,60,56,-367
4,46,59,-369
4,33,64,-362
4,24,64,-359
5,28,49,-349
5,32,31,-328
5,35,20,-301
5,36,16,-311
5,48,31,-328
5,68,48,-346
5,80,65,-353
5,76,79,-369
5,59,76,-362
5,32,62,-367
5,12,52,-360
5,15,35,-356
5,25,19,-329
5,39,24,-303
5,55,31,-309
5,63,39,-330
5,65,60,-340
5,70,63,-351
5,56,63,-367
5,48,57,-369
5,36,51,-367
5,28,54,-360
5,28,41,-353
5,33,32,-336
5,39,23,-313
0,46,25,-305
0,49,28,-328
0,55,44,-333
0,64,51,-349
0,71,60,-356
0,64,63,-372
0,56,63,-369
0,38,70,-368
0,24,62,-357
0,24,46,-349
0,27,20,-333
0,31,15,-301
0,44,17,-305
0,52,32,-324
0,71,51,-345
0,79,68,-346
0,76,79,-365
0,62,72,-370
0,41,64,-368
0,22,52,-365
0,16,33,-352
0,27,20,-333
0,40,19,-320
0,48,30,-306
0,56,35,-305
1,62,55,-328
1,63,67,-338
1,60,67,-354
1,56,65,-365
1,54,64,-373
1,51,56,-365
1,35,59,-373
1,31,40,-356
1,31,31,-333
1,31,22,-309
1,39,31,-305
1,48,35,-324
1,63,48,-336
1,76,60,-345
1,71,68,-360
1,63,67,-370
1,46,64,-362
1,28,60,-357
1,19,48,-360
1,25,31,-345
1,33,19,-320
1,44,24,-303
1,55,31,-319
1,60,49,-329
1,72,64,-337
2,71,67,-356
2,63,64,-368
2,48,60,-368
2,40,56,-364
2,23,49,-360
2,24,38,-348
2,33,32,-329
2,40,31,-322
2,51,36,-308
2,60,40,-320
2,59,48,-328
2,56,60,-345
2,56,56,-357
2,56,56,-370
2,55,60,-367
2,48,63,-362
2,31,56,-360
2,30,47,-351
2,30,31,-333
2,31,24,-303
2,38,28,-308
2,51,39,-324
2,71,48,-344
2,79,57,-354
2,75,71,-368
3,57,71,-369
3,38,65,-361
3,19,56,-362
3,19,33,-353
3,25,27,-336
3,35,23,-313
3,44,32,-301
3,57,40,-321
3,67,57,-337
3,76,67,-349
3,73,67,-359
3,59,71,-370
3,43,60,-369
3,25,56,-362
3,23,48,-356
3,30,36,-338
3,35,31,-320
3,39,31,-309
3,55,39,-313
3,63,41,-333
3,76,51,-343
3,72,60,-360
3,64,65,-372
3,56,63,-369
3,47,59,-361
4,30,55,-356
4,24,35,-346
4,31,24,-329
4,35,24,-312
4,47,35,-309
4,56,48,-332
4,68,51,-336
4,76,51,-349
4,71,54,-370
4,57,51,-369
4,43,51,-360
4,28,51,-349
4,24,40,-349
4,22,30,-337
4,31,32,-324
4,41,40,-314
4,56,48,-319
4,62,55,-324
4,67,54,-341
4,71,48,-356
4,62,46,-369
4,51,39,-369
4,39,44,-367
4,35,46,-354
4,31,46,-349
5,31,35,-335
5,35,31,-314
5,39,38,-308
5,51,41,-321
5,63,48,-336
5,71,52,-345
5,67,48,-362
5,60,47,-372
5,51,44,-361
5,38,44,-356
5,28,48,-349
5,24,39,-337
5,28,28,-329
5,33,24,-313
5,44,33,-313
5,54,40,-333
5,62,52,-333
5,71,48,-353
5,67,48,-370
5,60,52,-372
5,48,48,-356
5,35,44,-356
5,19,43,-349
5,22,28,-343
5,31,24,-330
0,44,25,-328
0,51,38,-344
0,56,44,-324
0,57,51,-328
0,51,54,-345
0,54,48,-361
0,56,40,-375
0,54,39,-354
0,48,35,-356
0,7,35,-360
0,28,43,-344
0,25,38,-336
0,35,39,-324
0,40,39,-319
0,46,33,-320
0,49,32,-328
0,51,31,-345
0,60,24,-361
0,62,32,-369
0,60,44,-361
0,48,40,-359
0,31,41,-360
0,24,35,-346
0,24,30,-333
0,28,39,-340
1,39,31,-338
1,51,30,-338
1,62,31,-335
1,57,35,-340
1,44,39,-343
1,35,40,-340
1,32,39,-356
1,32,36,-349
1,33,30,-345
1,40,33,-344
1,46,32,-345
1,47,43,-344
1,39,49,-343
1,39,51,-343
1,30,46,-333
1,31,38,-343
1,35,33,-340
1,39,28,-337
1,41,28,-340
1,43,31,-344
1,40,39,-343
1,39,46,-345
1,35,49,-353
1,40,51,-345
1,39,49,-343
2,35,44,-336
2,39,44,-340
2,44,38,-345
2,51,41,-324
2,49,39,-336
2,40,40,-346
2,35,39,-336
2,28,35,-349
2,33,35,-356
2,54,40,-351
2,60,49,-353
2,63,56,-360
2,57,60,-357
2,48,55,-357
2,41,47,-345
2,36,44,-322
2,30,46,-313
2,39,41,-329
2,48,41,-344
2,63,41,-348
2,73,39,-343
2,72,44,-351
2,60,48,-356
2,48,57,-357
2,39,60,-351
3,23,65,-317
3,25,52,-311
3,47,38,-346
3,75,31,-361
3,88,33,-345
3,88,39,-351
3,68,56,-357
3,44,64,-353
3,28,71,-349
3,22,62,-330
3,28,51,-313
3,48,41,-324
3,72,35,-345
3,95,30,-348
3,94,33,-352
3,72,48,-357
3,51,63,-356
3,31,71,-357
3,24,68,-352
3,35,56,-340
3,44,48,-322
3,48,39,-313
3,65,31,-330
3,78,33,-346
3,79,41,-348
4,72,51,-349
4,63,57,-351
4,55,62,-362
4,40,60,-353
4,25,60,-328
4,25,51,-319
4,35,48,-328
4,59,44,-349
4,83,35,-345
4,96,35,-340
4,88,49,-361
4,60,71,-361
4,31,71,-343
4,19,67,-330
4,23,51,-329
4,38,44,-345
4,60,40,-344
4,83,36,-330
4,83,41,-340
4,71,48,-337
4,65,48,-343
4,57,48,-360
4,47,57,-349
4,43,60,-329
4,44,67,-356
5,36,56,-349
5,48,39,-340
5,59,35,-346
5,73,39,-345
5,78,48,-340
5,64,56,-328
5,39,55,-322
5,23,51,-325
5,35,49,-333
5,56,48,-346
5,78,44,-353
5,88,41,-353
5,83,48,-353
5,64,51,-356
5,46,54,-360
5,33,60,-353
5,31,62,-340
5,39,51,-327
5,35,44,-308
5,51,40,-313
5,68,39,-336
5,83,38,-345
5,95,40,-353
5,92,63,-360
5,78,76,-353
0,56,81,-353
0,32,81,-356
0,27,57,-343
0,30,40,-320
0,44,28,-312
0,60,32,-320
0,86,48,-345
0,104,60,-344
0,111,79,-344
0,96,83,-340
0,76,80,-352
0,48,62,-354
0,43,40,-341
0,51,38,-336
0,64,49,-317
0,72,56,-324
0,79,63,-328
0,89,63,-349
0,97,62,-356
0,97,62,-359
0,88,63,-360
0,83,62,-361
0,79,70,-352
0,76,79,-353
0,71,78,-345
1,71,67,-322
1,71,57,-338
1,78,55,-348
1,92,51,-349
1,92,67,-353
1,89,79,-345
1,103,65,-324
1,83,7,-311
1,63,46,-338
1,35,54,-324
1,39,56,-317
1,43,39,-313
1,63,33,-336
1,74,48,-352
1,83,63,-375
1,89,70,-360
1,80,78,-354
1,83,83,-369
1,87,57,-369
1,96,31,-364
1,86,7,-345
1,67,12,-345
1,57,19,-335
1,51,28,-320
1,35,55,-324
2,51,96,-328
2,76,121,-360
2,115,92,-353
2,136,55,-357
2,115,28,-354
2,83,3,-353
2,60,19,-336
2,41,44,-336
2,39,57,-320
2,39,60,-311
2,43,65,-319
2,51,68,-338
2,83,63,-351
2,111,59,-357
2,104,56,-359
2,56,46,-360
2,46,39,-356
2,36,41,-349
2,39,56,-345
2,46,60,-322
2,48,60,-313
2,56,60,-324
2,67,56,-335
2,79,48,-351
2,88,47,-361
3,63,48,-360
3,52,59,-356
3,48,60,-353
3,31,57,-346
3,36,63,-336
3,40,54,-312
3,48,54,-311
3,47,55,-327
3,56,49,-345
3,73,51,-353
3,86,57,-365
3,76,64,-369
3,67,65,-365
3,51,63,-353
3,27,62,-346
3,17,55,-340
3,24,51,-314
3,35,54,-303
3,51,52,-328
3,62,55,-340
3,71,57,-345
3,79,62,-360
3,70,64,-368
3,63,63,-362
3,48,65,-357
4,28,62,-345
4,19,56,-340
4,31,51,-317
4,40,56,-304
4,48,52,-317
4,44,54,-329
4,59,55,-348
4,76,56,-356
4,65,65,-372
4,64,67,-368
4,59,72,-359
4,33,68,-349
4,16,54,-337
4,22,51,-329
4,35,51,-311
4,44,51,-311
4,39,57,-324
4,54,60,-344
4,70,60,-349
4,75,63,-365
4,63,70,-376
4,63,65,-365
4,39,68,-353
4,20,62,-349
4,12,56,-329
5,24,49,-308
5,39,49,-305
5,44,51,-324
5,56,56,-337
5,79,57,-354
5,81,67,-365
5,71,67,-375
5,60,70,-367
5,31,70,-356
5,9,57,-349
5,17,54,-336
5,24,54,-311
5,40,51,-298
5,47,51,-320
5,55,56,-333
5,75,60,-351
5,81,60,-360
5,71,63,-372
5,63,63,-368
5,40,67,-360
5,12,60,-351
5,14,55,-336
5,22,48,-324
5,31,51,-301
5,48,49,-317
0,52,55,-336
0,86,63,-353
0,83,63,-356
0,71,65,-369
0,56,67,-365
0,38,68,-361
0,15,62,-353
0,16,49,-337
0,27,51,-330
0,30,48,-306
0,46,55,-313
0,44,51,-324
0,52,56,-340
0,67,56,-351
0,67,62,-367
0,67,62,-372
0,64,57,-369
0,28,67,-362
0,12,59,-349
0,17,48,-338
0,27,48,-325
0,31,51,-305
0,48,54,-317
0,51,49,-328
0,71,56,-349
1,79,62,-356
1,72,65,-370
1,57,63,-369
1,36,67,-360
1,14,63,-360
1,8,51,-348
1,19,36,-324
1,25,48,-312
1,35,56,-305
1,48,51,-332
1,60,51,-335
1,76,57,-353
1,72,60,-360
1,60,67,-369
1,44,65,-361
1,22,60,-360
1,14,51,-346
1,19,49,-340
1,28,47,-316
1,32,48,-306
1,46,51,-324
1,52,54,-333
1,63,54,-345
1,70,59,-356
1,63,63,-369
2,49,64,-361
2,30,67,-353
2,9,63,-354
2,19,49,-343
2,24,35,-320
2,31,41,-301
2,43,44,-328
2,54,51,-333
2,70,60,-353
2,76,65,-360
2,71,72,-369
2,49,68,-365
2,19,56,-360
2,15,48,-349
2,14,46,-333
2,22,48,-312
2,28,54,-312
2,52,48,-330
2,63,51,-340
2,71,59,-349
2,64,63,-362
2,56,64,-369
2,40,63,-360
2,19,59,-356
2,19,48,-349
3,23,49,-335
3,28,46,-314
3,28,51,-313
3,44,44,-332
3,55,55,-341
3,65,56,-353
3,67,63,-362
3,56,70,-368
3,35,71,-361
3,17,67,-353
3,8,52,-346
3,12,39,-320
3,24,35,-305
3,35,40,-320
3,51,44,-340
3,67,54,-343
3,79,63,-362
3,70,76,-365
3,44,75,-360
3,24,71,-359
3,-1,57,-353
3,8,40,-340
3,19,31,-313
3,31,35,-297
3,43,39,-325
4,54,54,-346
4,67,62,-349
4,67,72,-360
4,51,79,-369
4,31,70,-361
4,15,59,-359
4,7,46,-346
4,19,39,-337
4,31,41,-320
4,31,54,-305
4,44,46,-322
4,48,51,-333
4,55,60,-349
4,56,67,-356
4,47,71,-367
4,38,64,-364
4,24,67,-356
4,12,60,-353
4,14,44,-340
4,23,33,-322
4,25,39,-306
4,32,41,-317
4,44,47,-335
4,56,60,-343
4,67,67,-359
5,59,75,-370
5,48,71,-365
5,24,64,-362
5,9,63,-353
5,7,44,-348
5,15,35,-322
5,24,39,-306
5,33,39,-313
5,48,46,-328
5,63,57,-340
5,67,70,-360
5,56,78,-361
5,41,76,-369
5,23,63,-364
5,9,57,-360
5,9,39,-349
5,19,30,-328
5,24,38,-313
5,35,46,-308
5,44,43,-324
5,54,52,-335
5,60,63,-353
5,56,72,-365
5,46,73,-370
5,33,62,-368
0,14,71,-356
0,8,46,-345
0,15,38,-332
0,24,31,-317
0,24,39,-309
0,35,41,-319
0,46,48,-335
0,60,60,-343
0,60,73,-360
0,41,79,-365
0,33,71,-365
0,16,67,-353
0,9,56,-356
0,14,44,-344
0,22,28,-324
0,24,31,-308
0,24,35,-288
0,38,40,-321
0,54,51,-343
0,60,62,-360
0,59,73,-370
0,48,71,-366
0,25,78,-356
0,15,75,-351
0,-1,76,-351
1,6,38,-333
1,22,22,-300
1,30,24,-324
1,49,24,-333
1,67,44,-343
1,67,68,-367
1,55,91,-365
1,33,95,-365
1,22,87,-357
1,8,65,-356
1,6,38,-343
1,8,23,-306
1,28,15,-305
1,40,16,-332
1,63,24,-333
1,70,49,-356
1,65,79,-372
1,48,91,-365
1,31,89,-360
1,9,79,-357
1,7,44,-360
1,15,27,-336
1,20,17,-303
1,38,19,-313
1,48,22,-336
2,63,41,-335
2,67,60,-360
2,56,89,-365
2,43,92,-365
2,32,71,-360
2,15,60,-356
2,14,41,-360
2,15,27,-320
2,19,20,-301
2,38,15,-319
2,48,24,-329
2,67,46,-345
2,67,65,-360
2,51,91,-365
2,39,83,-362
2,22,78,-356
2,12,48,-364
2,17,30,-346
2,20,28,-317
2,25,24,-305
2,41,24,-324
2,55,35,-337
2,60,52,-353
2,67,65,-356
2,57,71,-365
3,39,72,-357
3,23,60,-353
3,9,44,-352
3,12,33,-343
3,15,30,-321
3,22,39,-309
3,44,39,-322
3,67,39,-335
3,67,54,-345
3,62,64,-365
3,48,63,-368
3,35,60,-356
3,16,60,-361
3,9,44,-360
3,17,31,-343
3,24,31,-313
3,35,36,-305
3,39,33,-320
3,56,40,-333
3,64,51,-344
3,65,62,-360
3,55,72,-369
3,35,67,-360
3,19,63,-361
3,12,55,-360
4,14,30,-349
4,17,19,-308
4,30,23,-295
4,41,30,-319
4,56,41,-340
4,71,56,-356
4,75,68,-360
4,60,76,-369
4,38,71,-361
4,16,63,-356
4,3,44,-365
4,11,31,-329
4,15,23,-293
4,31,24,-313
4,48,27,-329
4,67,39,-338
4,76,49,-354
4,68,70,-369
4,51,78,-368
4,31,73,-360
4,14,67,-362
4,11,44,-360
4,19,30,-333
4,23,17,-303
4,38,20,-306
5,48,28,-324
5,54,44,-336
5,63,56,-357
5,63,68,-370
5,55,71,-373
5,36,70,-367
5,15,63,-360
5,7,47,-356
5,11,33,-338
5,15,23,-305
5,30,24,-304
5,46,30,-336
5,60,39,-335
5,71,51,-346
5,71,63,-365
5,51,71,-370
5,31,70,-362
5,9,64,-361
5,1,49,-356
5,8,30,-336
5,23,22,-313
5,31,23,-305
5,44,28,-317
5,49,41,-333
5,57,57,-346
0,56,65,-354
0,56,67,-377
0,41,63,-373
0,28,60,-368
0,15,48,-360
0,12,38,-348
0,24,30,-330
0,24,24,-313
0,31,31,-308
0,35,38,-320
0,46,44,-336
0,63,56,-349
0,65,63,-360
0,56,63,-370
0,39,59,-367
0,22,56,-360
0,7,55,-356
0,12,31,-340
0,15,20,-333
0,31,30,-314
0,39,39,-308
0,48,43,-335
0,60,48,-349
0,60,57,-353
0,52,56,-369
1,46,62,-365
1,27,57,-362
1,12,55,-361
1,14,36,-353
1,8,24,-320
1,23,22,-305
1,35,24,-332
1,52,31,-338
1,64,44,-345
1,71,56,-365
1,59,65,-367
1,36,64,-360
1,15,72,-360
1,0,55,-357
1,12,35,-349
1,15,19,-322
1,30,16,-308
1,40,22,-317
1,54,30,-330
1,63,44,-338
1,65,57,-360
1,56,73,-370
1,39,71,-368
1,24,68,-360
1,7,51,-362
2,11,35,-349
2,15,25,-320
2,27,15,-308
2,39,19,-316
2,55,31,-328
2,64,49,-345
2,63,57,-356
2,54,71,-365
2,35,67,-364
2,23,67,-360
2,9,47,-368
2,14,33,-343
2,16,25,-306
2,27,24,-306
2,38,30,-317
2,56,31,-333
2,73,47,-353
2,73,56,-361
2,56,64,-369
2,32,67,-369
2,15,67,-365
2,1,46,-359
2,15,30,-345
2,19,19,-308
2,40,24,-303
3,49,28,-322
3,60,35,-338
3,63,51,-345
3,55,63,-362
3,46,67,-368
3,33,60,-365
3,20,54,-361
3,17,44,-353
3,15,31,-333
3,19,23,-298
3,31,19,-313
3,39,22,-333
3,60,25,-345
3,71,39,-360
3,71,55,-367
3,54,62,-368
3,24,67,-361
3,8,64,-356
3,3,48,-351
3,14,31,-324
3,17,20,-298
3,32,15,-317
3,48,19,-340
3,63,32,-338
3,72,46,-353
4,67,62,-372
4,48,71,-360
4,24,70,-360
4,7,55,-361
4,-1,33,-343
4,4,19,-303
4,22,12,-312
4,40,12,-337
4,63,27,-343
4,76,44,-362
4,64,67,-364
4,43,79,-357
4,15,78,-360
4,6,57,-353
4,3,35,-337
4,7,19,-295
4,25,7,-316
4,44,7,-336
4,62,24,-338
4,71,38,-356
4,59,62,-377
4,40,79,-361
4,15,79,-362
4,6,60,-353
4,8,36,-345
5,11,23,-303
5,24,15,-305
5,39,12,-328
5,52,24,-333
5,57,38,-353
5,60,56,-369
5,48,67,-365
5,30,71,-361
5,14,63,-360
5,12,44,-356
5,12,24,-322
5,12,19,-301
5,24,17,-314
5,44,19,-333
5,60,28,-343
5,70,44,-354
5,64,56,-372
5,43,71,-367
5,15,75,-365
5,-2,63,-349
5,6,35,-353
5,15,19,-322
5,19,12,-301
5,38,15,-313
5,51,22,-330
0,60,39,-337
0,60,41,-365
0,44,63,-364
0,35,70,-367
0,17,63,-368
0,11,46,-362
0,8,25,-341
0,9,16,-305
0,23,9,-313
0,43,12,-333
0,60,28,-338
0,67,47,-353
0,63,63,-356
0,35,71,-362
0,12,71,-360
0,6,47,-362
0,12,25,-343
0,11,16,-305
0,27,17,-319
0,39,12,-329
0,55,32,-338
0,60,46,-362
0,56,60,-361
0,39,71,-360
0,15,80,-368
1,11,46,-351
1,14,35,-344
1,19,15,-324
1,24,12,-311
1,40,16,-320
1,48,30,-333
1,67,56,-348
1,56,63,-362
1,41,63,-368
1,35,65,-362
1,23,51,-365
1,16,39,-356
1,15,19,-340
1,15,14,-305
1,24,19,-305
1,33,23,-324
1,51,39,-340
1,60,56,-351
1,56,70,-365
1,46,67,-361
1,28,48,-361
1,8,33,-356
1,4,28,-344
1,8,28,-324
1,15,31,-305
2,25,31,-313
2,39,32,-328
2,59,41,-344
2,63,49,-348
2,56,55,-369
2,40,63,-372
2,19,55,-365
2,-2,47,-368
2,-8,31,-343
2,-1,25,-301
2,24,22,-320
2,43,24,-345
2,63,38,-336
2,63,51,-344
2,51,64,-351
2,31,64,-351
2,31,48,-356
2,24,41,-359
2,8,36,-349
2,12,39,-320
2,19,35,-349
2,24,35,-353
2,32,39,-328
2,44,35,-353
2,49,39,-349
3,46,47,-343
3,24,48,-338
3,9,44,-328
3,3,32,-324
3,16,30,-328
3,39,25,-344
3,51,28,-346
3,59,31,-360
3,55,35,-372
3,39,48,-360
3,12,56,-362
3,-4,52,-352
3,6,28,-340
3,17,14,-328
3,24,15,-317
3,36,19,-313
3,39,28,-324
3,40,35,-335
3,44,39,-348
3,47,39,-370
3,40,43,-372
3,35,39,-362
3,17,35,-360
3,7,33,-352
3,7,24,-338
4,12,25,-317
4,17,24,-306
4,32,31,-320
4,51,32,-333
4,62,33,-345
4,56,38,-354
4,44,39,-361
4,31,35,-369
4,17,35,-370
4,8,40,-359
4,12,46,-346
4,19,46,-336
4,24,39,-320
4,27,32,-303
4,35,32,-313
4,44,28,-337
4,60,28,-345
4,67,35,-357
4,62,48,-368
4,48,51,-367
4,19,57,-365
4,1,64,-365
4,1,44,-354
4,12,32,-320
4,31,27,-304
5,48,17,-308
5,56,32,-324
5,64,41,-340
5,67,56,-351
5,63,60,-369
5,48,76,-361
0,56,63,-340
0,55,73,-344
0,51,72,-361
0,48,68,-370
0,38,63,-369
0,24,60,-365
0,23,51,-353
0,28,41,-336
0,36,35,-328
0,55,35,-312
0,44,40,-308
0,48,56,-324
0,52,64,-336
0,59,76,-349
0,62,76,-367
0,54,72,-369
0,35,62,-336
0,19,55,-356
0,15,39,-353
0,20,28,-337
0,28,28,-317
0,40,36,-301
0,51,46,-324
0,62,57,-328
0,67,67,-349
1,62,76,-352
1,48,79,-368
1,35,67,-369
1,24,60,-365
1,17,51,-359
1,23,38,-349
1,31,33,-335
1,35,33,-312
1,40,40,-313
1,47,46,-322
1,54,55,-333
1,60,68,-346
1,56,76,-364
1,44,79,-380
1,32,71,-376
1,28,60,-365
1,19,44,-354
1,22,30,-340
1,24,25,-320
1,28,35,-311
1,38,41,-320
1,48,44,-325
1,60,62,-336
1,63,76,-354
1,48,83,-364
2,30,73,-369
2,17,63,-367
2,15,48,-365
2,17,31,-344
2,31,25,-324
2,31,33,-313
2,36,39,-308
2,41,39,-322
2,41,54,-324
2,43,63,-353
2,44,76,-365
2,47,75,-372
2,40,67,-364
2,24,65,-367
2,12,49,-359
2,15,31,-338
2,19,23,-317
2,27,27,-304
2,38,31,-320
2,48,39,-325
2,54,63,-351
2,55,80,-360
2,48,88,-370
2,35,73,-365
2,19,65,-365
3,7,40,-357
3,9,28,-340
3,24,20,-319
3,33,24,-305
3,39,25,-320
3,41,35,-325
3,51,60,-345
3,55,76,-359
3,48,88,-372
3,38,76,-365
3,22,67,-364
3,7,47,-361
3,7,31,-345
3,17,24,-313
3,27,19,-301
3,38,19,-316
3,48,44,-324
3,62,65,-357
3,63,91,-356
3,56,96,-369
3,33,79,-367
3,11,59,-367
3,7,40,-360
3,15,25,-340
3,19,27,-325
4,28,31,-306
4,31,44,-317
4,46,63,-335
4,63,79,-340
4,76,76,-348
4,72,71,-345
4,57,60,-354
4,39,46,-367
4,31,40,-356
4,25,46,-353
4,19,52,-349
4,16,57,-340
4,28,62,-336
4,32,63,-336
4,46,60,-345
4,60,54,-356
4,67,51,-368
4,89,40,-351
4,67,39,-332
4,46,41,-333
4,31,49,-314
4,19,52,-308
4,12,51,-324
4,25,51,-344
4,57,55,-356
5,79,54,-353
5,79,57,-359
5,65,60,-353
5,44,60,-354
5,24,57,-353
5,19,52,-340
5,20,44,-320
5,28,38,-311
5,44,32,-329
5,63,31,-345
5,78,39,-353
5,78,46,-365
5,60,51,-360
5,44,48,-360
5,25,41,-353
5,19,35,-340
5,20,28,-314
5,31,17,-312
5,44,16,-328
5,65,24,-351
5,71,35,-359
5,72,48,-360
5,62,63,-356
5,38,76,-361
5,19,62,-359
0,23,43,-351
0,23,24,-321
0,31,15,-306
0,40,3,-322
0,62,7,-329
0,72,31,-353
0,19,99,-362
0,9,63,-359
0,16,44,-353
0,24,17,-313
0,39,3,-296
0,44,3,-313
1,65,3,-329
1,76,19,-353
1,71,47,-365
1,60,72,-377
1,35,94,-356
1,19,79,-359
1,17,55,-362
1,24,33,-349
1,31,16,-316
1,44,6,-305
1,51,-1,-313
1,56,15,-336
1,63,28,-354
1,67,46,-360
1,67,55,-370
1,48,71,-359
1,24,76,-360
1,11,57,-360
1,9,35,-344
1,22,22,-297
1,31,-1,-305
1,48,1,-321
1,67,7,-341
1,80,24,-362
1,84,39,-362
2,62,51,-365
2,30,71,-368
2,7,78,-361
2,-1,56,-354
2,19,38,-329
2,30,20,-300
2,41,11,-312
2,56,14,-325
2,71,17,-340
2,78,31,-354
2,71,41,-369
2,55,47,-372
2,28,56,-356
2,11,62,-360
2,6,48,-356
2,16,38,-336
2,28,22,-311
2,39,12,-305
2,48,24,-317
2,57,24,-340
2,73,31,-349
2,73,41,-359
2,60,48,-373
2,36,59,-356
2,16,59,-360
3,3,48,-362
3,8,33,-335
3,15,16,-305
3,31,12,-304
3,47,17,-320
3,67,27,-345
3,81,33,-360
3,79,48,-365
3,60,54,-367
3,28,60,-359
3,6,64,-360
3,-1,44,-360
3,15,33,-330
3,27,22,-313
3,39,15,-313
3,51,19,-316
3,60,28,-336
3,70,39,-349
4,40,19,-312
4,57,24,-328
4,73,30,-346
4,76,40,-353
4,62,51,-372
4,41,56,-369
4,17,65,-360
4,7,64,-360
4,8,44,-353
4,16,28,-330
4,24,14,-301
4,35,12,-311
4,51,19,-328
5,71,23,-345
5,78,35,-360
5,70,48,-370
5,44,57,-365
5,16,63,-361
5,0,63,-365
5,6,43,-345
5,15,24,-311
5,30,15,-306
5,44,20,-321
5,62,19,-338
5,76,27,-352
5,71,44,-361
5,56,48,-372
5,35,60,-368
5,12,64,-359
5,7,56,-357
5,12,39,-336
5,22,24,-297
5,31,23,-308
5,46,19,-321
5,63,22,-340
5,72,30,-360
5,67,41,-372
5,54,49,-365
0,28,60,-365
0,27,70,-360
0,7,56,-354
0,9,32,-324
0,22,19,-304
0,38,16,-319
0,52,16,-328
0,71,24,-348
0,71,38,-361
0,63,48,-369
0,39,56,-360
0,12,63,-362
0,1,64,-357
0,8,46,-349
0,19,30,-313
0,28,19,-305
0,41,15,-322
0,56,24,-328
0,67,30,-340
0,63,39,-369
0,49,48,-378
0,35,57,-365
0,17,62,-361
0,9,57,-353
0,12,32,-343
1,24,30,-324
1,28,19,-316
1,41,12,-313
1,44,23,-324
1,56,35,-343
1,60,46,-356
1,49,49,-365
1,43,52,-367
1,24,67,-361
1,15,60,-362
1,9,46,-352
1,17,28,-333
1,24,15,-311
1,39,4,-314
1,48,6,-319
1,57,22,-340
1,67,33,-359
1,59,48,-369
1,43,68,-369
1,23,80,-360
1,7,71,-361
1,12,48,-356
1,14,30,-330
1,25,12,-306
1,39,6,-320
2,51,3,-316
2,59,15,-328
2,63,30,-367
2,54,49,-362
2,38,64,-362
2,24,79,-360
2,12,75,-365
2,9,48,-349
2,19,31,-327
2,24,15,-309
2,35,1,-320
2,48,-1,-320
2,56,19,-328
2,56,32,-362
2,48,51,-365
2,39,60,-369
2,30,79,-368
2,17,71,-368
2,15,56,-349
2,19,39,-340
2,17,19,-314
2,25,12,-313
2,41,-4,-320
2,56,3,-320
2,63,19,-351
3,56,39,-368
3,38,67,-375
3,23,84,-362
3,12,83,-360
3,11,60,-359
3,14,43,-337
3,22,22,-308
3,28,7,-312
3,47,-9,-313
3,63,3,-328
3,70,15,-360
3,51,48,-365
3,33,65,-369
3,15,88,-368
3,7,83,-365
3,12,51,-360
3,19,38,-332
3,22,23,-316
3,38,7,-319
3,51,-13,-317
3,56,6,-330
3,51,25,-361
3,38,48,-364
3,31,64,-364
3,24,83,-364
4,19,76,-353
4,15,51,-351
4,9,32,-320
4,20,17,-313
4,35,-9,-322
4,56,-7,-324
4,68,8,-352
4,56,33,-365
4,44,57,-362
4,19,88,-369
4,6,89,-359
4,7,60,-356
4,14,39,-333
4,19,24,-301
4,33,0,-321
4,51,-13,-317
4,64,7,-327
4,65,24,-369
4,44,54,-364
4,25,80,-368
4,3,102,-367
4,7,70,-362
4,12,51,-346
4,19,28,-320
4,28,12,-306
5,43,-8,-324
5,60,-16,-320
5,64,7,-335
5,56,31,-369
5,31,63,-370
5,15,95,-365
5,7,110,-360
5,14,71,-361
5,19,41,-349
5,23,22,-320
5,31,3,-301
5,44,-13,-320
5,54,-13,-319
5,60,16,-336
0,51,43,-381
0,32,71,-367
0,22,99,-361
0,8,103,-361
0,6,70,-369
0,15,36,-348
0,23,16,-306
0,28,7,-305
0,39,-16,-320
0,64,-4,-317
0,60,24,-356
0,56,41,-376
0,39,73,-367
0,24,96,-369
0,7,103,-365
0,-1,68,-359
0,8,32,-344
0,16,16,-308
0,31,9,-306
0,44,-13,-324
0,51,3,-313
0,59,19,-353
0,51,47,-369
0,32,73,-369
0,12,91,-335
1,7,99,-360
1,8,63,-360
1,15,36,-346
1,22,17,-312
1,30,7,-308
1,43,-9,-320
1,54,7,-312
1,59,24,-354
1,48,44,-369
1,35,70,-370
1,23,86,-365
1,15,95,-362
1,12,67,-360
1,15,39,-343
1,19,22,-317
1,35,3,-314
1,44,-8,-314
1,55,8,-320
1,55,27,-353
1,51,47,-364
1,41,73,-377
1,30,91,-357
1,15,96,-360
1,12,64,-359
1,15,36,-345
2,16,16,-322
2,24,3,-304
2,44,-10,-314
2,62,-1,-322
2,67,25,-346
2,56,57,-385
2,44,86,-365
2,19,110,-361
2,7,96,-357
2,8,56,-361
2,19,28,-345
2,24,14,-308
2,40,-4,-305
2,47,-15,-319
2,60,4,-314
2,65,30,-353
2,56,72,-391
2,39,103,-360
2,22,108,-356
2,15,80,-361
2,15,47,-356
2,16,19,-345
2,32,6,-304
2,41,-7,-308
2,54,-8,-322
3,65,15,-329
3,67,44,-369
3,51,87,-369
3,31,111,-368
3,24,102,-360
3,22,71,-360
3,22,35,-353
3,31,12,-341
3,46,1,-308
3,46,7,-305
3,55,7,-324
3,60,16,-332
3,62,43,-356
3,51,87,-373
3,39,104,-365
3,28,102,-356
3,24,65,-360
3,19,33,-353
3,24,11,-343
3,40,-5,-314
3,48,-4,-303
3,51,15,-314
3,55,23,-333
3,54,51,-345
3,48,86,-367
4,39,96,-372
4,31,78,-364
4,24,60,-362
4,19,46,-356
4,22,25,-349
4,31,8,-335
4,40,7,-301
4,46,12,-313
4,49,19,-328
4,52,38,-330
4,49,67,-361
4,48,84,-375
4,41,81,-365
4,33,72,-362
4,19,56,-362
4,16,32,-357
4,19,16,-336
4,33,0,-313
4,46,4,-305
4,51,15,-320
4,57,24,-338
4,54,56,-352
4,44,81,-361
4,35,88,-370
4,30,71,-365
5,31,57,-361
5,30,39,-351
5,24,12,-338
5,31,12,-328
5,38,16,-312
5,44,24,-313
5,56,31,-335
5,56,41,-332
5,51,62,-353
5,39,65,-368
5,31,60,-370
5,31,60,-365
5,25,65,-360
5,20,55,-352
0,16,16,-343
0,24,3,-312
0,32,11,-306
0,44,15,-316
0,51,15,-330
0,56,36,-335
0,47,63,-356
0,33,81,-369
0,31,76,-370
0,32,70,-361
0,22,55,-356
0,20,32,-354
0,24,15,-332
0,31,12,-306
0,39,8,-320
0,48,14,-330
0,51,31,-329
0,47,48,-345
0,35,67,-351
0,28,64,-362
0,35,57,-370
0,30,54,-365
0,30,52,-360
0,27,41,-360
0,28,22,-346
1,31,22,-324
1,35,17,-320
1,31,25,-312
1,40,23,-329
1,49,30,-324
1,56,56,-351
1,47,70,-365
1,35,63,-369
1,28,48,-360
1,9,44,-361
1,12,43,-357
1,19,31,-351
1,30,28,-311
1,41,20,-317
1,39,15,-332
1,51,17,-320
1,56,32,-340
1,40,55,-352
1,19,76,-359
1,17,71,-365
1,15,56,-353
1,24,36,-349
1,24,31,-351
1,41,22,-343
1,55,24,-340
2,39,32,-345
2,31,48,-320
2,31,56,-336
2,30,56,-353
2,28,48,-343
2,31,35,-353
2,40,39,-351
2,39,46,-353
2,28,47,-340
2,19,44,-333
2,17,39,-324
2,31,31,-328
2,47,32,-328
2,51,44,-345
2,48,46,-353
2,39,49,-357
2,35,48,-361
2,25,59,-360
2,19,63,-356
2,22,48,-353
2,31,35,-335
2,35,22,-313
2,31,19,-320
2,39,7,-317
2,46,31,-317
3,56,44,-359
3,56,68,-365
3,48,76,-372
3,36,73,-365
3,19,68,-362
3,8,57,-357
3,12,35,-349
3,30,19,-329
3,44,15,-312
3,47,14,-313
3,51,19,-321
3,48,39,-327
3,54,56,-356
3,52,78,-361
3,48,71,-372
3,38,56,-359
3,19,51,-367
3,7,46,-368
3,16,28,-349
3,31,24,-320
3,44,15,-306
3,51,17,-312
3,55,28,-320
3,55,46,-333
3,51,65,-356
4,46,78,-361
4,46,71,-370
4,38,60,-365
4,23,48,-369
4,15,32,-365
4,19,25,-338
4,31,19,-317
4,46,19,-304
4,51,22,-316
4,56,38,-319
4,64,56,-346
4,64,73,-360
4,56,71,-368
4,48,59,-372
4,33,55,-362
4,16,48,-362
4,16,39,-353
4,28,27,-336
4,39,31,-308
4,51,33,-317
4,62,23,-313
4,76,39,-345
4,81,54,-354
4,76,70,-369
4,56,83,-362
5,35,88,-360
5,16,73,-360
5,19,44,-349
5,31,24,-333
5,48,12,-312
5,71,20,-317
5,83,31,-329
5,79,44,-328
5,67,79,-353
5,63,89,-360
5,57,89,-361
5,51,76,-361
5,44,67,-356
5,35,48,-353
5,38,33,-336
5,39,19,-317
5,51,15,-305
5,62,14,-319
5,71,28,-321
5,79,63,-353
5,83,88,-372
5,76,97,-369
5,57,89,-368
5,46,71,-365
5,31,62,-359
0,31,41,-345
0,41,15,-333
0,57,7,-305
0,71,30,-314
0,72,38,-325
0,76,60,-333
0,71,89,-351
0,67,103,-369
0,62,81,-369
0,48,62,-367
0,39,48,-360
0,32,39,-351
0,41,30,-336
0,55,27,-319
0,56,36,-309
0,60,40,-317
0,65,48,-320
0,67,63,-336
0,68,79,-359
0,65,76,-370
0,63,75,-369
0,56,63,-367
0,35,51,-356
0,32,44,-348
0,33,33,-304
1,52,25,-305
1,62,32,-316
1,67,31,-324
1,75,48,-336
1,76,71,-353
1,64,84,-369
1,56,86,-377
1,51,63,-369
1,40,51,-359
1,32,40,-352
1,38,25,-336
1,44,19,-314
1,57,28,-313
1,51,35,-324
1,68,40,-333
1,67,63,-351
1,60,76,-365
1,62,76,-372
1,56,60,-365
1,48,56,-360
1,35,46,-352
1,35,35,-340
1,40,19,-317
1,46,20,-308
1,51,27,-328
2,59,32,-324
2,73,54,-353
2,68,71,-365
2,63,78,-369
2,51,63,-362
2,39,60,-360
2,28,48,-359
2,30,31,-344
2,40,22,-327
2,51,24,-313
2,56,24,-319
2,67,28,-327
2,70,48,-345
2,63,68,-356
2,51,78,-368
2,47,73,-365
2,39,62,-359
2,35,56,-360
2,39,32,-344
2,46,24,-330
2,48,23,-314
2,55,31,-313
2,56,35,-322
2,63,49,-329
2,62,63,-353
3,56,68,-362
3,54,63,-370
3,48,54,-362
3,38,57,-362
3,31,48,-353
3,39,33,-330
3,40,24,-317
3,48,28,-317
3,54,22,-327
3,59,35,-328
2,60,36,-322
2,64,56,-340
2,62,63,-360
2,56,64,-369
2,56,55,-362
2,44,55,-360
2,35,52,-360
2,33,41,-345
2,39,31,-333
2,43,24,-317
2,51,31,-317
2,56,32,-327
2,60,40,-328
2,63,60,-349
2,52,71,-360
2,48,60,-365
3,48,52,-360
3,46,54,-356
3,39,48,-351
3,40,30,-338
3,44,20,-328
3,46,25,-324
3,47,39,-325
3,54,44,-330
3,55,48,-330
3,56,56,-353
3,51,60,-365
3,56,52,-360
3,54,54,-356
3,48,60,-359
3,39,52,-348
3,41,28,-340
3,44,15,-335
3,43,19,-336
3,41,38,-343
3,49,51,-340
3,56,65,-345
3,51,71,-340
3,48,54,-341
3,44,36,-337
3,41,27,-340
4,40,30,-343
4,36,39,-343
4,31,49,-345
4,38,51,-344
4,43,46,-345
4,47,40,-345
4,44,39,-348
4,44,39,-338
4,28,35,-340
4,30,39,-343
4,30,38,-338
4,35,36,-344
4,39,35,-343
4,44,39,-345
2,56,44,-364
2,39,41,-348
2,25,48,-336
2,15,54,-376
2,3,60,-344
2,15,71,-340
2,39,78,-360
2,68,76,-361
2,91,75,-351
2,92,63,-338
2,76,44,-345
2,49,24,-338
2,31,19,-333
2,14,22,-340
2,3,39,-340
2,15,60,-320
2,36,73,-327
2,56,79,-338
4,64,56,-356
4,39,59,-351
4,24,63,-352
4,19,63,-340
4,28,57,-319
4,39,56,-311
4,57,57,-320
4,71,56,-333
4,88,62,-344
4,95,63,-356
4,92,73,-365
4,76,68,-362
4,51,62,-362
4,30,52,-353
4,19,46,-346
4,12,39,-324
4,16,40,-311
4,35,51,-317
4,60,63,-337
5,88,72,-345
5,100,76,-352
5,96,72,-362
5,75,56,-368
5,49,39,-360
5,31,31,-354
5,17,38,-346
5,14,40,-328
5,15,46,-305
5,31,49,-308
5,48,48,-329
5,71,46,-343
5,84,51,-356
5,88,60,-370
5,73,57,-367
5,48,51,-359
5,24,41,-360
0,67,51,-367
0,52,52,-364
0,0,54,-356
0,-8,48,-353
0,22,56,-335
0,24,62,-305
0,19,56,-312
0,39,46,-325
0,40,35,-333
0,62,32,-345
0,71,39,-365
0,63,48,-375
0,44,60,-362
0,-4,63,-353
0,-16,48,-356
0,19,51,-340
0,24,59,-324
0,20,54,-309
0,24,44,-314
0,39,36,-332
0,56,35,-351
0,65,46,-356
0,51,56,-385
1,39,65,-362
1,-2,63,-356
1,-8,48,-351
1,25,48,-343
1,24,49,-320
1,19,51,-313
1,23,48,-325
1,35,40,-340
1,56,39,-348
1,62,47,-365
1,55,59,-370
1,39,63,-362
1,7,63,-352
1,-7,46,-351
1,19,44,-329
1,22,56,-317
1,17,57,-308
1,24,54,-320
1,38,39,-335
1,56,38,-345
1,65,41,-361
1,60,54,-372
1,44,63,-365
1,-4,62,-357
1,-10,49,-349
2,23,56,-338
2,24,57,-324
2,16,56,-311
2,24,48,-313
2,33,39,-328
2,48,38,-345
2,63,44,-356
2,60,60,-372
2,48,65,-368
2,9,64,-360
2,-15,46,-353
2,19,46,-343
2,30,51,-320
2,17,56,-304
2,14,56,-313
2,31,44,-330
2,55,39,-346
2,67,48,-361
2,64,60,-376
2,46,64,-362
2,15,63,-362
2,-18,51,-353
2,16,49,-337
2,28,59,-320
2,17,60,-305
3,24,57,-305
3,40,49,-329
3,60,44,-349
3,70,44,-365
3,60,51,-377
3,46,56,-369
3,-5,51,-361
3,8,49,-354
3,31,60,-336
3,28,65,-319
3,20,60,-308
3,22,48,-313
3,41,44,-340
3,57,46,-353
3,65,57,-356
3,59,67,-369
3,46,67,-369
3,3,57,-353
3,7,48,-345
3,32,54,-336
3,30,60,-317
3,24,59,-312
3,28,51,-320
3,44,55,-336
3,60,60,-346
4,64,67,-365
4,60,70,-372
4,47,64,-365
4,4,51,-359
4,15,46,-349
4,39,56,-333
4,33,60,-313
4,22,65,-313
4,24,62,-320
4,39,56,-336
4,56,57,-345
4,65,64,-362
4,64,67,-372
4,51,63,-367
4,12,55,-354
4,0,46,-346
4,30,57,-338
4,33,68,-317
4,25,71,-308
4,25,62,-319
4,31,55,-335
4,51,49,-349
4,63,48,-361
4,65,59,-377
4,55,67,-365
5,25,67,-360
5,-8,56,-344
5,22,56,-341
5,31,63,-316
5,24,62,-305
5,19,51,-319
5,35,48,-328
0,19,51,-284
0,25,56,-312
0,41,56,-329
0,60,56,-348
0,71,56,-360
0,65,65,-377
0,54,63,-369
0,35,63,-362
0,-8,60,-352
0,19,52,-338
0,31,56,-305
0,23,56,-306
0,27,55,-322
0,40,49,-340
0,60,56,-344
0,65,72,-365
0,67,73,-372
0,51,73,-365
0,15,63,-359
0,-16,46,-346
0,27,47,-320
0,31,49,-301
0,28,51,-320
0,38,48,-333
1,56,54,-351
1,71,67,-362
1,71,79,-369
1,56,79,-367
1,19,68,-364
1,-13,41,-349
1,28,44,-317
1,36,56,-305
1,27,60,-306
1,25,57,-320
1,44,60,-330
1,60,56,-345
1,63,62,-362
1,67,67,-369
1,64,79,-376
1,33,63,-361
1,15,52,-352
1,11,54,-336
1,19,55,-321
1,23,56,-308
1,35,62,-313
1,47,64,-328
1,62,64,-344
1,65,65,-360
1,64,68,-372
2,52,70,-372
2,39,62,-361
2,23,57,-353
2,14,54,-340
2,8,49,-320
2,15,54,-305
2,27,56,-308
3,24,-10,-346
3,8,-17,-320
3,12,27,-311
3,30,76,-312
3,48,86,-319
3,72,73,-329
3,84,73,-336
3,83,70,-361
3,81,56,-360
3,71,40,-365
3,56,39,-364
3,44,51,-352
3,22,57,-330
3,33,56,-345
3,59,63,-322
3,83,63,-338
3,87,68,-345
3,86,88,-349
3,71,103,-368
3,49,120,-362
3,51,111,-365
3,44,104,-352
3,38,83,-336
3,51,67,-322
3,56,78,-305
4,55,92,-311
4,32,95,-319
4,32,87,-330
4,39,97,-351
4,47,99,-360
4,48,83,-361
4,40,72,-360
4,31,63,-351
4,22,55,-344
4,16,51,-336
4,9,55,-319
4,15,63,-313
4,25,65,-320
4,38,63,-336
4,48,56,-353
4,48,54,-357
4,48,51,-365
4,39,56,-360
4,35,48,-356
4,19,48,-343
4,9,48,-345
4,3,47,-328
4,8,48,-312
4,24,48,-319
4,33,48,-329
5,44,44,-349
5,48,47,-353
5,48,55,-362
5,40,60,-365
5,30,56,-356
5,24,51,-349
0,47,40,-373
0,28,30,-368
0,15,46,-344
0,8,48,-341
0,6,51,-328
0,7,49,-319
0,14,54,-317
0,25,56,-321
0,35,51,-340
0,44,48,-354
0,47,38,-365
0,46,39,-370
0,39,48,-367
0,27,52,-357
0,15,56,-345
0,7,46,-336
0,-1,43,-332
0,3,48,-316
0,15,51,-320
0,31,51,-336
0,46,44,-345
0,60,40,-359
0,54,48,-372
0,41,54,-365
0,24,47,-349
1,7,51,-353
1,-2,44,-345
1,-7,44,-330
1,4,48,-309
1,23,51,-312
1,35,56,-330
1,44,44,-333
1,49,39,-349
1,48,44,-364
1,39,48,-369
1,25,51,-361
1,11,49,-356
1,1,47,-340
1,-7,41,-313
1,-1,38,-313
1,16,44,-322
1,35,39,-336
1,51,41,-344
1,56,48,-360
1,46,54,-375
1,36,48,-367
1,22,46,-354
1,6,44,-349
1,-1,35,-336
1,1,31,-316
2,3,36,-312
2,15,35,-320
2,31,39,-333
2,48,39,-345
2,55,38,-356
2,54,43,-372
2,39,47,-370
2,23,48,-360
2,7,43,-349
2,-4,39,-341
2,-4,32,-330
2,6,28,-313
2,16,32,-313
2,28,36,-325
2,47,39,-344
2,57,39,-354
2,51,44,-368
2,40,44,-368
2,19,44,-360
2,3,39,-356
2,-4,39,-344
2,3,35,-333
2,7,35,-308
2,19,39,-312
2,30,39,-328
3,39,39,-349
3,48,35,-353
3,46,39,-362
3,35,44,-370
3,25,46,-360
3,12,44,-353
3,6,39,-337
3,3,38,-328
3,1,35,-309
3,12,38,-314
3,24,39,-333
3,40,39,-345
3,49,39,-354
3,48,43,-370
3,43,48,-368
3,24,51,-356
3,12,51,-353
3,-1,46,-338
3,-5,39,-320
3,0,39,-313
3,12,40,-320
3,28,39,-328
3,40,35,-345
3,51,39,-354
3,44,47,-375
4,39,44,-368
4,23,51,-360
4,7,51,-349
4,-2,48,-340
4,-4,39,-321
4,-1,36,-313
4,11,39,-316
4,25,41,-328
4,44,35,-352
4,55,35,-360
4,51,44,-372
4,44,48,-372
4,22,49,-360
4,1,54,-352
4,-4,48,-343
4,-8,41,-328
4,6,35,-311
4,17,38,-312
4,28,40,-329
4,39,35,-344
4,48,36,-349
4,48,40,-365
4,43,51,-372
4,35,54,-365
4,15,56,-356
5,1,49,-345
5,-8,39,-338
5,-4,32,-313
5,6,31,-311
5,22,38,-320
5,38,39,-336
5,51,39,-349
5,56,43,-362
5,48,48,-373
5,31,48,-362
5,14,51,-359
5,-4,55,-349
5,-7,43,-338
5,-4,36,-314
5,8,35,-306
5,19,39,-314
5,35,39,-338
5,51,39,-349
5,60,41,-365
5,51,47,-376
0,8,38,-309
0,28,44,-321
0,36,39,-335
0,46,43,-340
0,51,41,-356
0,48,48,-372
0,35,44,-372
0,19,43,-367
0,3,44,-353
0,0,39,-348
0,3,35,-335
0,11,35,-309
0,19,38,-304
0,23,39,-319
0,28,40,-336
0,35,40,-345
0,47,31,-345
0,48,33,-365
0,46,33,-372
0,24,39,-365
0,6,44,-356
0,-2,38,-343
0,-2,27,-329
0,1,22,-321
0,16,25,-311
1,32,32,-320
1,44,31,-335
1,56,30,-353
1,59,35,-365
1,51,32,-372
1,30,28,-365
1,12,24,-360
1,3,23,-356
1,1,24,-344
1,11,24,-320
1,23,24,-319
1,38,30,-324
1,49,19,-333
1,56,12,-345
1,48,12,-364
1,46,19,-369
1,32,31,-364
1,27,28,-356
1,12,28,-351
1,12,19,-343
1,15,23,-330
1,28,31,-311
1,31,25,-322
1,32,17,-332
1,39,7,-345
2,54,8,-359
2,48,23,-369
2,39,25,-365
2,28,31,-360
2,16,36,-353
2,3,30,-340
2,6,23,-333
2,19,25,-316
2,24,24,-312
2,32,16,-328
2,41,17,-332
2,54,19,-349
2,55,28,-370
2,44,24,-376
2,35,28,-367
2,20,28,-364
2,7,25,-353
2,7,22,-340
2,15,23,-324
2,31,22,-305
2,31,24,-317
2,38,24,-329
2,48,24,-340
2,49,24,-353
2,44,23,-370
3,33,19,-372
3,31,23,-367
3,17,28,-359
3,7,23,-343
3,14,19,-336
3,22,24,-317
3,28,22,-313
3,28,19,-324
3,31,9,-335
3,44,9,-349
3,48,15,-359
3,43,23,-369
3,38,22,-369
3,24,28,-361
3,8,24,-353
3,6,15,-338
3,15,16,-328
3,19,17,-314
3,28,19,-317
3,31,19,-324
3,39,24,-336
3,48,24,-354
3,49,20,-367
3,41,19,-370
3,28,22,-367
4,15,24,-356
4,6,24,-345
4,9,17,-337
4,15,19,-320
4,24,22,-309
4,31,22,-320
4,44,22,-329
4,48,17,-344
4,48,17,-354
4,40,20,-365
4,27,16,-369
4,19,15,-360
4,17,23,-353
4,19,25,-340
4,15,24,-336
4,23,17,-313
4,31,16,-317
4,39,19,-324
4,44,16,-337
4,47,19,-356
5,15,20,-333
5,19,19,-313
5,27,15,-317
5,33,15,-320
5,39,12,-335
5,43,17,-353
5,46,19,-365
5,39,19,-375
5,35,17,-368
5,19,17,-357
5,16,20,-346
5,17,23,-330
5,17,22,-330
5,30,20,-313
5,30,15,-322
5,30,16,-328
5,40,16,-338
5,39,16,-356
5,43,19,-365
5,39,15,-369
5,38,16,-362
5,24,24,-353
5,16,24,-338
5,12,23,-337
5,17,19,-328
0,24,19,-316
0,25,14,-338
0,35,15,-336
0,41,14,-340
0,44,12,-353
0,44,19,-364
0,35,19,-367
0,28,24,-360
0,15,19,-352
0,0,19,-345
0,15,17,-336
0,22,17,-324
0,28,19,-317
0,28,15,-327
0,39,19,-343
0,44,19,-348
0,41,16,-356
0,31,11,-370
0,28,14,-369
0,33,19,-361
0,27,24,-349
0,17,24,-333
0,15,20,-328
0,23,24,-312
0,25,12,-320
1,25,14,-317
1,44,16,-330
1,48,17,-351
1,44,24,-367
1,39,23,-365
1,30,19,-364
1,22,24,-362
1,22,27,-354
1,23,22,-346
1,24,19,-343
1,31,15,-324
1,39,15,-313
1,35,14,-333
1,31,15,-340
1,45,23,-352
1,48,30,-365
1,51,33,-367
1,36,31,-364
1,28,33,-362
1,24,38,-356
1,23,31,-336
1,17,33,-313
1,19,33,-313
1,30,35,-332
1,39,38,-345
2,51,41,-349
2,56,46,-360
2,46,46,-369
2,35,41,-365
2,33,46,-356
2,28,48,-345
2,28,51,-340
2,16,56,-324
2,11,55,-312
2,16,55,-320
2,31,60,-335
2,46,60,-349
2,60,56,-352
2,62,56,-365
2,56,56,-359
2,35,55,-353
2,19,56,-345
2,6,56,-338
2,4,49,-336
2,15,51,-320
2,24,64,-319
2,35,70,-333
2,47,67,-343
2,56,62,-352
2,56,56,-360
3,51,57,-362
3,43,56,-360
3,27,54,-353
3,8,49,-346
3,7,48,-337
3,7,55,-320
3,19,60,-313
3,30,63,-324
3,40,64,-336
3,48,62,-348
3,59,56,-356
3,54,60,-364
3,39,62,-361
3,27,56,-361
3,15,44,-346
3,19,39,-333
3,17,41,-328
3,15,49,-309
3,22,63,-317
3,28,67,-332
3,39,60,-343
3,49,51,-354
3,57,48,-369
3,56,54,-367
3,24,39,-362
4,19,28,-349
4,19,32,-344
4,12,39,-336
4,7,39,-324
4,14,44,-313
4,19,49,-321
4,30,48,-333
4,48,39,-346
4,54,32,-354
4,46,30,-369
4,35,24,-368
4,31,24,-357
4,22,35,-367
4,4,47,-338
4,3,38,-338
4,12,32,-333
4,20,28,-316
4,31,31,-319
4,30,30,-327
4,32,24,-340
4,33,24,-356
4,35,28,-360
4,28,24,-359
4,16,28,-356
4,19,43,-353
5,17,44,-353
5,15,39,-336
5,17,31,-336
5,19,24,-329
5,19,19,-324
5,17,23,-328
5,15,22,-336
5,24,23,-353
5,31,28,-369
5,31,27,-360
5,22,28,-357
5,16,36,-349
5,9,36,-345
5,8,35,-336
5,7,31,-336
5,12,30,-335
5,22,31,-333
5,22,27,-337
5,14,19,-338
5,14,31,-336
5,12,32,-340
5,9,30,-348
5,12,27,-348
5,17,27,-345
5,16,28,-343
0,12,30,-344
0,12,30,-372
0,7,39,-346
0,6,33,-340
0,9,35,-340
0,15,35,-344
0,15,35,-343
0,15,35,-340
0,7,35,-340
0,-57,39,-340
0,3,35,-340
0,6,40,-345
0,15,35,-345
0,12,35,-341
0,9,35,-345
0,6,35,-345
0,12,39,-345
0,7,40,-345
0,1,40,-340
0,1,41,-338
0,8,43,-336
0,8,44,-336
0,6,39,-349
0,7,35,-338
0,15,39,-332
1,9,35,-340
1,-8,35,-340
1,-8,44,-338
1,8,44,-341
1,15,44,-353
1,15,40,-348
1,12,35,-353
1,15,31,-349
1,12,32,-353
1,6,35,-349
1,9,44,-344
1,3,48,-344
1,-1,48,-336
1,3,43,-336
1,7,30,-345
1,12,33,-341
1,15,35,-337
1,12,39,-336
1,6,35,-336
1,4,39,-353
1,16,39,-354
1,12,35,-340
1,3,40,-345
1,14,43,-345
1,30,32,-338
2,22,33,-349
2,-1,40,-340
2,6,47,-322
2,-1,46,-348
2,8,35,-349
2,17,31,-333
2,23,35,-349
2,19,35,-353
2,9,32,-345
2,0,39,-336
2,-4,47,-333
2,6,44,-322
2,12,39,-324
2,16,35,-340
2,24,31,-344
2,28,28,-346
2,19,28,-357
2,9,33,-360
2,7,39,-356
2,7,44,-353
2,7,46,-356
2,4,46,-332
2,3,46,-311
2,9,44,-320
2,17,36,-333
3,24,30,-340
3,31,23,-353
3,28,24,-357
3,15,31,-362
3,6,44,-356
3,3,44,-354
3,-1,51,-353
3,3,48,-338
3,1,47,-313
3,12,47,-308
3,22,33,-336
3,28,25,-336
3,31,22,-348
3,28,23,-360
3,16,31,-359
3,6,41,-359
3,0,44,-356
3,0,47,-349
3,-1,51,-346
3,-2,51,-317
3,8,41,-308
3,17,35,-328
3,30,28,-338
3,32,24,-345
3,27,22,-353
4,9,31,-360
4,-1,48,-365
4,0,44,-356
4,3,44,-356
4,3,44,-343
4,3,48,-317
4,6,47,-311
4,8,47,-328
4,24,33,-335
4,31,24,-344
4,33,19,-360
4,20,23,-357
4,4,38,-362
4,-4,52,-356
4,-4,57,-351
4,-1,51,-344
4,0,51,-320
4,6,46,-308
4,14,41,-321
4,24,28,-333
4,36,24,-344
4,35,16,-356
4,17,24,-362
4,4,35,-365
4,-7,49,-361
5,-4,46,-357
5,0,48,-344
5,3,48,-317
5,7,48,-312
5,8,48,-320
5,19,44,-335
5,39,39,-351
5,39,28,-359
5,28,24,-362
5,8,31,-362
5,-2,47,-365
5,7,57,-368
5,-1,57,-346
5,6,51,-319
5,11,44,-305
5,20,35,-320
5,24,35,-330
5,31,24,-345
5,32,24,-351
5,30,28,-369
5,14,38,-368
5,3,47,-365
5,1,51,-362
5,0,56,-351
5,0,56,-317
0,-4,56,-308
0,1,38,-340
0,19,30,-337
0,32,25,-333
0,31,22,-341
0,19,27,-356
0,12,39,-369
0,7,49,-365
0,3,57,-359
0,-7,59,-336
0,-4,60,-340
0,-1,54,-327
0,3,54,-306
0,-1,48,-313
0,3,47,-329
0,15,39,-333
0,22,30,-345
0,25,24,-351
0,31,39,-360
0,16,56,-368
0,-8,64,-361
0,0,63,-352
0,6,62,-336
0,3,59,-328
0,1,52,-322
1,-8,54,-317
1,-1,51,-319
1,11,51,-324
1,24,52,-338
1,38,54,-349
1,38,60,-360
1,31,71,-372
1,17,76,-369
1,8,70,-360
1,1,62,-349
1,-4,49,-337
1,-5,39,-329
1,0,47,-321
1,7,48,-309
1,22,60,-332
1,25,63,-341
1,35,63,-345
1,38,60,-352
1,32,62,-365
1,20,67,-369
1,15,67,-365
1,7,60,-349
1,6,51,-338
1,0,54,-333
1,1,51,-320
2,6,56,-309
2,15,62,-322
2,24,65,-336
2,35,57,-345
2,39,48,-357
2,39,49,-368
2,24,54,-369
2,16,57,-360
2,3,56,-346
2,-1,62,-337
2,-1,59,-333
2,3,56,-322
2,12,51,-312
2,24,55,-321
2,25,49,-336
2,35,47,-344
2,44,46,-353
2,39,51,-361
2,31,57,-369
2,16,63,-360
2,3,57,-352
2,-4,60,-337
2,-4,55,-335
2,1,49,-327
2,12,55,-311
3,22,60,-320
3,31,56,-336
3,39,49,-345
3,38,48,-353
3,31,56,-361
3,25,63,-369
3,9,64,-367
3,7,60,-352
3,-1,56,-340
3,-1,54,-333
3,0,48,-322
3,9,51,-312
3,19,57,-322
3,31,57,-333
3,35,56,-344
3,39,48,-356
3,32,49,-362
3,24,56,-368
3,15,59,-361
3,4,55,-346
3,-1,56,-336
3,-1,56,-333
3,-1,55,-320
3,8,55,-308
3,17,56,-317
4,24,55,-336
4,33,51,-346
4,43,44,-359
4,39,51,-368
4,31,57,-370
4,15,60,-362
4,-4,62,-349
4,-13,60,-340
4,-9,49,-330
4,-1,48,-313
4,12,55,-306
4,24,60,-324
4,32,60,-338
4,39,56,-351
4,40,51,-353
4,28,51,-362
4,15,52,-376
4,7,51,-362
4,3,54,-346
4,-1,54,-336
4,0,56,-328
4,6,55,-312
4,12,56,-308
4,23,55,-327
4,30,48,-333
5,39,44,-348
5,41,39,-362
5,41,48,-375
5,25,55,-372
5,7,63,-365
5,-16,62,-353
5,-13,48,-336
5,4,47,-329
5,11,44,-308
5,12,48,-306
5,16,51,-321
5,25,54,-328
5,36,49,-346
5,44,44,-362
5,32,39,-368
5,-1,28,-369
5,1,28,-360
5,7,48,-354
5,-4,55,-345
5,-4,57,-330
5,3,48,-317
5,9,41,-308
5,17,38,-324
5,24,27,-340
5,31,23,-349
0,31,19,-365
0,24,15,-388
0,19,28,-372
0,8,41,-361
0,-8,56,-352
0,-16,49,-341
0,-13,46,-314
0,6,38,-308
0,15,39,-317
0,0,23,-330
0,31,17,-344
0,31,14,-354
0,28,15,-369
0,19,19,-365
0,7,35,-359
0,-13,48,-351
0,-16,48,-346
0,-7,39,-336
0,-1,31,-313
0,7,24,-313
0,7,22,-324
0,15,20,-341
0,30,19,-354
0,27,15,-360
0,24,8,-376
1,0,23,-365
1,-4,38,-353
1,-8,38,-344
1,-7,39,-333
1,-8,35,-320
1,-4,39,-314
1,-1,49,-320
1,7,31,-330
1,12,19,-344
1,19,15,-353
1,20,15,-365
1,7,22,-370
1,-2,31,-353
1,-1,39,-345
1,-13,41,-333
1,-10,40,-333
1,-8,44,-319
1,0,41,-316
1,3,30,-324
1,15,23,-340
1,23,15,-353
1,23,14,-356
1,14,20,-372
1,-4,35,-359
1,-4,39,-351
2,-8,39,-345
2,-8,40,-343
2,-7,41,-324
2,-1,31,-313
2,7,30,-322
2,11,24,-330
2,17,20,-351
2,22,19,-356
2,15,19,-369
2,-2,24,-364
2,-4,32,-353
2,-8,35,-349
2,-12,40,-340
2,-8,40,-327
2,0,35,-305
2,3,35,-317
2,7,28,-325
2,15,19,-346
2,24,15,-351
2,15,19,-368
2,3,25,-370
2,-4,35,-360
2,0,38,-353
2,-2,39,-340
2,-5,39,-330
3,-7,39,-317
3,3,35,-312
3,7,31,-322
3,15,23,-344
3,27,14,-346
3,24,15,-364
3,8,24,-369
3,3,38,-357
3,-8,44,-354
3,-8,44,-345
3,-8,46,-332
3,-4,41,-325
3,7,35,-305
3,9,30,-320
3,14,27,-333
3,24,19,-351
3,28,16,-359
3,20,17,-377
3,3,25,-361
3,-4,43,-354
3,-4,43,-348
3,-8,41,-336
3,-7,43,-320
3,-1,39,-313
3,9,38,-309
4,12,28,-327
4,19,24,-349
4,23,19,-360
4,15,24,-357
4,6,31,-367
4,-4,35,-359
4,-2,41,-357
4,-2,44,-338
4,-4,39,-330
4,0,41,-309
4,8,40,-316
4,8,33,-327
4,19,28,-346
4,28,15,-356
4,22,17,-361
4,12,24,-369
4,-5,35,-356
4,-8,43,-353
4,-8,44,-341
4,-8,48,-312
4,-2,46,-317
4,7,38,-321
4,16,30,-338
4,28,23,-349
4,25,19,-365
5,14,24,-369
5,-4,35,-354
5,-5,46,-351
5,-8,46,-345
5,-5,47,-333
5,-7,47,-320
5,4,43,-314
5,9,31,-330
5,12,31,-335
5,23,24,-352
5,19,19,-353
5,15,22,-367
5,1,35,-369
5,-4,44,-353
5,-8,48,-349
5,-8,48,-336
5,-5,47,-328
5,3,41,-313
5,6,39,-317
5,8,35,-324
5,16,24,-345
5,23,19,-354
5,17,23,-360
5,7,32,-370
5,-1,40,-359
0,0,41,-353
0,1,46,-354
0,1,46,-322
0,1,46,-308
0,4,41,-327
0,14,31,-328
0,24,22,-348
0,28,24,-356
0,22,28,-368
0,0,30,-367
0,6,39,-354
0,0,41,-353
0,-4,47,-344
0,-4,47,-328
0,-4,44,-308
0,7,47,-313
0,12,35,-327
0,24,24,-345
0,31,16,-349
0,24,23,-365
0,12,31,-369
0,0,41,-360
0,-1,47,-353
0,1,46,-345
0,8,48,-333
1,3,47,-306
1,8,39,-317
1,15,39,-319
1,25,28,-335
1,28,22,-356
1,24,24,-365
1,12,31,-378
1,1,40,-360
1,-1,44,-360
1,3,44,-345
1,1,47,-324
1,0,48,-313
1,7,46,-308
1,19,44,-328
1,28,28,-343
1,31,19,-357
1,24,17,-364
1,11,28,-365
1,6,39,-360
1,7,47,-359
1,1,48,-335
1,-4,51,-336
1,0,48,-308
1,12,47,-305
1,15,39,-322
2,24,36,-340
2,31,31,-353
2,30,30,-370
2,19,35,-365
2,8,44,-359
2,6,56,-354
2,3,59,-344
2,6,54,-336
2,12,49,-317
2,19,48,-314
2,19,40,-320
2,19,32,-340
2,28,31,-352
2,38,32,-365
2,35,44,-376
2,24,51,-365
2,23,57,-360
2,15,59,-343
2,11,56,-336
2,15,57,-320
2,22,54,-308
2,22,59,-322
2,24,59,-336
2,39,55,-345
2,56,60,-356
3,60,63,-369
3,46,62,-365
3,15,62,-356
3,0,62,-353
3,19,63,-336
3,19,64,-314
3,12,63,-308
3,16,67,-320
3,35,65,-335
3,56,68,-349
3,67,72,-359
3,63,78,-365
3,48,70,-360
3,24,63,-351
3,4,60,-345
3,-8,56,-336
3,-1,60,-317
3,15,67,-312
3,33,76,-328
3,54,79,-338
3,64,68,-353
3,63,65,-359
3,48,71,-369
3,30,67,-365
3,16,63,-354
4,9,60,-341
4,6,60,-332
4,6,63,-320
4,20,63,-308
4,35,64,-317
4,46,64,-336
4,60,65,-351
4,63,67,-357
4,54,72,-365
4,36,71,-369
4,24,60,-360
4,8,57,-354
4,3,56,-336
4,9,56,-313
4,24,65,-313
4,39,70,-320
4,47,70,-338
4,49,62,-349
4,49,57,-356
4,39,62,-365
4,35,60,-360
4,25,57,-356
4,14,54,-340
4,7,56,-333
4,8,60,-332
5,19,64,-320
5,28,67,-314
5,31,68,-333
5,38,60,-345
5,44,54,-354
5,46,48,-360
5,40,59,-361
5,38,63,-360
5,25,65,-354
5,15,65,-340
5,8,56,-337
5,15,60,-333
5,16,59,-317
5,23,59,-320
5,30,57,-336
5,41,54,-349
5,51,51,-356
5,52,60,-362
5,48,67,-365
5,28,70,-359
5,15,62,-352
5,8,48,-345
5,7,48,-332
5,11,51,-316
5,19,59,-320
0,32,60,-328
0,40,60,-338
0,48,60,-349
0,48,56,-356
0,40,56,-369
0,30,56,-360
0,17,56,-353
0,8,49,-344
0,11,55,-333
0,16,60,-317
0,17,60,-317
0,24,63,-322
0,32,59,-340
0,43,51,-352
0,49,51,-360
0,48,57,-368
0,39,63,-365
0,23,63,-353
0,9,62,-344
0,-1,51,-333
0,-4,48,-312
0,7,56,-317
0,24,60,-324
0,44,62,-340
0,51,52,-353
1,56,60,-362
1,51,62,-367
1,31,56,-369
1,15,51,-353
1,-1,51,-344
1,-2,47,-332
1,11,56,-324
1,19,67,-316
1,31,68,-321
1,36,64,-333
1,47,51,-344
1,41,40,-353
1,38,44,-360
1,31,59,-369
1,28,57,-356
1,24,63,-353
1,15,63,-344
1,8,56,-336
1,4,55,-324
1,12,60,-313
1,24,57,-320
1,33,56,-333
1,43,48,-345
1,51,48,-356
1,40,59,-368
2,31,63,-361
2,19,67,-353
2,8,63,-346
2,3,51,-345
2,3,46,-328
2,12,54,-309
2,24,60,-320
2,35,60,-336
2,46,55,-351
2,48,51,-360
2,40,56,-368
2,35,62,-368
2,23,60,-356
2,12,56,-349
2,-4,51,-333
2,-4,49,-316
2,8,51,-316
2,31,57,-321
2,41,56,-341
2,48,56,-353
2,48,56,-365
2,35,60,-369
2,25,56,-362
2,15,52,-352
2,7,49,-343
3,3,48,-328
3,0,51,-311
3,12,54,-316
3,27,57,-328
3,40,60,-340
3,49,49,-356
3,49,54,-369
3,44,56,-369
3,22,60,-365
3,7,57,-349
3,-1,51,-340
3,-4,47,-328
3,3,48,-313
3,16,57,-313
3,30,62,-328
3,44,57,-340
3,48,56,-354
3,39,56,-365
3,28,52,-368
3,17,52,-360
3,16,48,-354
3,7,47,-341
3,3,48,-320
3,-4,56,-311
3,9,56,-320
4,25,56,-328
4,44,49,-345
4,51,51,-360
4,39,60,-370
4,31,60,-367
4,15,56,-354
4,3,47,-349
4,-7,44,-340
4,-8,41,-313
4,6,55,-311
4,17,57,-317
4,35,56,-340
4,44,52,-352
4,47,51,-360
4,38,52,-369
4,23,48,-368
4,7,48,-353
4,0,48,-344
5,24,52,-365
5,15,56,-353
5,3,56,-341
5,-8,48,-330
5,-8,44,-320
5,3,51,-314
5,22,54,-317
5,32,48,-337
5,35,43,-353
5,31,39,-365
5,30,46,-365
5,24,49,-362
5,16,48,-354
0,3,52,-346
0,-13,40,-320
0,-12,40,-309
0,3,48,-313
0,19,51,-327
0,38,48,-349
0,47,46,-356
0,43,38,-369
0,30,44,-365
0,31,44,-359
0,-7,51,-344
0,-8,54,-335
0,-13,48,-313
0,-1,47,-306
0,15,51,-324
0,31,51,-345
0,39,35,-328
0,44,40,-359
0,35,48,-369
0,16,46,-368
0,3,44,-353
0,-15,44,-338
0,-17,41,-308
0,-8,47,-308
0,22,56,-321
1,39,55,-345
1,48,57,-354
1,44,62,-370
1,33,56,-364
1,15,41,-360
1,-7,28,-359
1,-13,22,-349
1,-13,39,-333
1,-4,62,-308
1,7,72,-314
1,18,76,-328
1,31,56,-344
1,39,41,-351
1,38,38,-360
1,24,33,-360
1,15,44,-361
1,-1,60,-357
1,-9,63,-333
1,-4,67,-317
1,7,64,-321
1,16,59,-344
1,27,52,-352
1,25,48,-344
1,24,47,-351
1,24,46,-349
2,31,56,-351
2,12,70,-359
2,-16,76,-344
2,8,64,-340
2,22,57,-349
2,12,64,-335
2,8,63,-336
2,17,56,-338
2,25,56,-340
2,14,71,-328
2,4,91,-328
2,7,92,-322
2,12,76,-328
2,22,56,-341
2,23,63,-356
2,27,67,-368
2,24,70,-365
2,15,79,-354
2,7,86,-349
2,-1,88,-344
2,-5,80,-329
2,-8,78,-319
2,-2,79,-314
2,7,83,-325
2,7,83,-325
3,7,92,-340
3,7,102,-351
3,1,127,-356
3,7,71,-357
3,-7,121,-345
3,-13,99,-324
3,-20,99,-313
3,-24,107,-316
3,3,88,-320
3,24,86,-335
3,11,83,-336
3,3,88,-345
3,1,88,-349
3,14,88,-345
3,12,88,-338
3,9,94,-351
3,12,95,-340
3,7,96,-320
3,-5,100,-329
3,3,97,-332
3,1,100,-314
3,-4,95,-312
3,-8,80,-336
3,-2,123,-325
3,8,132,-346
4,27,115,-360
4,31,110,-359
4,22,104,-351
4,0,103,-345
4,-8,92,-336
4,-13,91,-333
4,-8,88,-328
4,8,83,-317
4,17,83,-317
4,19,83,-333
4,14,79,-346
4,16,79,-348
4,19,89,-362
4,15,91,-372
4,8,76,-365
4,7,67,-353
4,6,63,-335
4,-2,76,-324
4,-4,88,-317
4,-4,100,-309
4,4,103,-312
4,12,89,-328
4,19,70,-344
4,24,60,-353
4,19,63,-356
5,15,76,-369
5,7,81,-362
5,-1,78,-357
5,-1,76,-345
5,-4,83,-328
5,0,83,-320
5,1,83,-306
5,9,83,-304
5,14,86,-313
5,23,87,-333
5,28,88,-349
5,30,83,-357
5,24,79,-365
5,9,73,-360
5,-5,63,-356
5,-8,70,-353
5,-1,84,-332
5,17,84,-311
5,31,88,-308
5,35,78,-320
5,28,75,-338
5,28,71,-349
5,31,76,-359
5,35,81,-365
5,32,83,-362
0,28,86,-354
0,15,86,-314
0,14,92,-328
0,16,92,-321
0,31,79,-314
0,31,83,-317
0,35,88,-327
0,35,100,-343
0,46,99,-362
0,51,96,-361
0,40,103,-365
0,32,94,-353
0,15,88,-336
0,1,89,-328
0,-8,99,-317
0,-2,110,-313
0,16,112,-313
0,35,104,-321
0,49,99,-337
0,49,103,-353
0,49,119,-362
0,44,115,-360
0,41,108,-360
0,33,111,-345
0,23,96,-337
1,16,104,-324
1,19,108,-312
1,24,107,-319
1,31,110,-325
1,40,112,-335
1,60,113,-349
1,64,111,-361
1,51,123,-368
1,40,120,-360
1,38,120,-346
1,35,113,-327
1,30,110,-313
1,23,124,-319
1,24,116,-314
1,38,118,-322
1,51,112,-321
1,44,113,-330
1,44,112,-340
1,49,111,-352
1,56,120,-354
1,51,120,-353
1,40,120,-353
1,33,121,-338
1,30,115,-324
1,35,129,-321
2,31,116,-313
2,35,119,-316
2,47,120,-316
2,40,116,-329
2,39,115,-345
2,48,120,-352
2,51,120,-360
2,48,134,-360
2,39,129,-349
2,30,113,-333
2,28,124,-322
2,24,132,-320
2,32,119,-317
2,30,115,-312
2,30,124,-320
2,40,121,-328
2,48,126,-345
2,51,123,-353
2,40,127,-360
2,35,135,-356
2,30,116,-344
2,25,124,-328
2,23,123,-321
2,25,123,-324
2,24,120,-314
3,38,115,-314
3,49,120,-319
3,54,112,-328
3,47,121,-345
3,36,127,-362
3,39,135,-369
3,51,134,-360
3,48,121,-337
3,39,118,-324
3,22,126,-319
3,11,136,-303
3,19,144,-301
3,28,140,-305
3,47,134,-313
3,56,115,-340
3,59,108,-356
3,56,112,-376
3,44,124,-367
3,31,115,-360
3,24,108,-348
3,17,102,-340
3,15,103,-333
3,19,103,-309
3,27,108,-301
3,28,107,-313
4,39,96,-328
4,39,86,-345
4,39,83,-361
4,39,87,-369
4,36,84,-360
4,27,78,-356
4,19,79,-349
4,15,79,-336
4,14,83,-327
4,12,89,-313
4,22,91,-314
4,28,84,-320
4,33,73,-340
4,39,71,-351
4,43,80,-360
4,41,88,-367
4,39,92,-361
4,31,88,-360
4,15,79,-346
4,8,71,-345
4,1,71,-320
4,8,79,-308
4,19,79,-313
4,32,80,-327
4,44,79,-346
5,48,80,-356
5,48,81,-368
5,43,87,-360
5,24,84,-354
5,12,79,-351
5,7,76,-336
5,3,73,-330
5,12,78,-314
5,19,83,-313
5,28,78,-317
5,33,71,-335
5,39,65,-345
5,43,68,-360
5,40,76,-369
5,31,86,-365
5,24,83,-356
5,15,79,-345
5,7,78,-336
5,7,71,-313
5,12,63,-303
5,14,64,-316
5,23,63,-333
5,36,68,-340
5,51,71,-357
5,51,78,-369
0,44,81,-368
0,25,80,-376
0,14,76,-356
0,0,71,-345
0,-4,63,-320
0,0,57,-298
0,9,60,-308
0,28,60,-328
0,39,62,-345
0,15,67,-356
0,56,76,-365
0,56,83,-364
0,41,84,-364
0,16,78,-359
0,7,63,-359
0,1,49,-338
0,3,46,-306
0,14,44,-313
0,22,48,-328
0,31,56,-338
0,41,65,-353
0,55,76,-359
0,63,79,-360
0,59,79,-354
0,35,78,-356
1,7,71,-352
1,3,60,-341
1,7,51,-322
1,15,57,-308
1,19,67,-319
1,31,76,-336
1,63,88,-353
1,63,73,-353
1,63,63,-365
1,60,60,-367
1,48,62,-359
1,14,67,-349
1,7,68,-344
1,3,68,-328
1,7,57,-306
1,19,57,-306
1,33,56,-324
1,47,55,-345
1,60,56,-357
1,68,56,-360
1,60,60,-368
1,39,67,-357
1,14,67,-349
1,9,67,-346
1,7,67,-335
2,12,70,-317
2,23,65,-313
2,33,67,-324
2,43,63,-336
2,49,56,-346
2,56,48,-360
2,55,48,-365
2,47,56,-365
2,24,63,-353
2,15,71,-345
2,9,79,-344
2,7,79,-333
2,15,72,-313
2,24,67,-311
2,28,64,-328
2,40,56,-336
2,52,55,-340
2,59,54,-360
2,60,59,-370
2,48,67,-364
2,24,72,-354
2,6,78,-351
2,0,71,-341
2,7,63,-320
2,17,63,-308
3,31,60,-317
3,41,60,-336
3,49,59,-351
3,60,57,-353
3,63,60,-362
3,51,67,-365
3,31,75,-356
3,12,76,-353
3,9,71,-345
3,12,64,-324
3,22,67,-313
3,28,67,-314
3,35,60,-335
3,47,63,-345
3,55,57,-351
3,60,56,-360
3,51,60,-361
3,36,70,-356
3,17,72,-349
3,12,76,-353
3,11,76,-330
3,15,76,-306
3,19,71,-314
3,28,64,-329
3,44,64,-345
4,62,57,-349
4,76,51,-368
4,73,51,-369
4,52,56,-360
4,24,63,-352
4,-4,67,-349
4,-4,67,-336
4,-4,70,-309
4,14,76,-309
4,28,76,-329
4,47,78,-340
4,62,76,-349
4,76,71,-352
4,78,67,-360
4,54,76,-354
4,24,87,-353
4,12,91,-349
4,8,89,-344
4,6,89,-328
4,19,79,-319
4,30,70,-322
4,46,59,-330
4,55,55,-343
4,63,51,-349
4,65,60,-356
5,63,78,-362
5,49,88,-354
5,32,95,-346
5,14,94,-343
5,8,89,-340
5,14,73,-327
5,22,68,-316
5,31,67,-324
5,43,65,-340
5,54,71,-351
5,63,70,-346
5,67,76,-356
5,60,88,-362
5,44,89,-353
5,24,89,-345
5,8,84,-344
5,7,79,-335
5,11,71,-319
5,28,71,-317
5,44,78,-327
5,56,78,-330
5,64,83,-349
5,63,81,-356
5,60,79,-360
5,44,79,-359
0,28,79,-351
0,16,76,-352
0,11,79,-343
0,16,76,-328
0,24,76,-317
0,35,79,-318
0,44,79,-328
0,54,79,-340
0,60,73,-349
0,65,79,-359
0,54,80,-365
0,41,81,-353
0,25,84,-349
0,15,81,-337
0,12,76,-336
0,12,76,-324
0,28,76,-321
0,35,72,-324
0,44,79,-337
0,54,78,-349
0,62,78,-354
0,64,79,-361
0,56,84,-356
0,36,83,-353
0,16,92,-346
1,9,83,-338
1,7,75,-329
1,16,76,-312
1,30,76,-317
1,40,76,-328
1,56,79,-336
1,65,80,-356
1,72,79,-360
1,64,83,-360
1,35,86,-359
1,15,86,-352
1,7,79,-343
1,6,73,-341
1,22,71,-324
1,27,71,-305
1,39,81,-322
1,51,83,-330
1,59,84,-344
1,56,83,-353
1,56,79,-364
1,46,76,-361
1,38,76,-354
1,23,79,-345
1,19,79,-338
1,12,79,-328
2,16,79,-316
2,31,80,-319
2,39,79,-328
2,49,78,-346
2,60,76,-349
2,63,73,-361
2,64,80,-365
2,49,83,-356
2,24,86,-349
2,12,81,-336
2,-2,79,-324
2,7,73,-311
2,17,71,-313
2,38,73,-333
2,54,75,-345
2,71,76,-349
2,78,83,-361
2,64,88,-369
2,41,89,-352
2,15,91,-344
2,4,78,-340
2,-2,71,-328
2,7,68,-308
2,19,70,-313
2,36,76,-329
3,49,78,-343
3,64,83,-353
3,76,83,-362
3,70,88,-369
3,44,88,-360
3,19,86,-352
3,8,79,-340
3,1,71,-336
3,3,67,-320
3,20,71,-310
3,35,73,-324
3,48,80,-336
3,56,81,-348
3,65,86,-354
3,59,89,-362
3,48,88,-365
3,31,88,-354
3,23,79,-345
3,15,75,-333
3,9,75,-317
3,15,81,-306
3,22,87,-308
3,39,92,-324
3,57,87,-340
3,71,83,-349
4,76,80,-365
4,67,86,-365
4,51,88,-353
4,31,92,-354
4,16,87,-357
4,7,88,-313
4,15,88,-312
4,24,94,-316
4,49,88,-333
4,73,86,-336
4,81,89,-353
4,80,87,-362
4,67,88,-362
4,54,88,-352
4,40,89,-346
4,32,95,-336
4,24,96,-319
4,31,92,-309
4,39,96,-314
4,57,94,-333
4,76,97,-340
4,86,97,-353
4,88,103,-365
4,78,97,-356
4,56,103,-343
5,48,115,-329
5,36,119,-335
5,30,103,-328
5,41,86,-321
5,54,88,-322
5,67,94,-328
5,75,105,-336
5,78,113,-349
5,79,112,-356
5,73,112,-360
5,64,105,-352
5,49,103,-341
5,38,100,-333
5,41,99,-329
5,48,107,-322
5,56,108,-312
5,63,105,-320
5,71,103,-329
5,73,105,-340
5,75,113,-349
5,75,111,-353
5,67,112,-354
5,60,113,-351
5,49,103,-343
5,48,99,-337
0,44,100,-328
0,47,72,-282
0,56,104,-311
0,67,108,-321
0,75,108,-333
0,76,112,-346
0,76,112,-356
0,71,110,-357
0,64,107,-349
0,51,104,-340
0,44,105,-336
0,41,99,-328
0,48,97,-314
0,56,104,-317
0,65,104,-325
0,79,108,-336
0,97,113,-353
0,88,115,-354
0,72,113,-353
0,60,108,-346
0,49,110,-338
0,41,102,-336
0,38,92,-320
0,48,100,-313
0,59,112,-328
1,76,110,-324
1,81,120,-338
1,81,120,-353
1,75,120,-354
1,67,110,-353
1,54,107,-352
1,44,105,-356
1,43,102,-336
1,39,97,-317
1,44,110,-311
1,54,107,-317
1,70,104,-328
1,76,111,-338
1,79,113,-353
1,71,118,-369
1,60,116,-353
1,52,112,-351
1,46,103,-341
1,39,89,-330
1,39,89,-320
1,43,96,-313
1,48,112,-314
1,55,118,-328
1,71,116,-336
1,79,107,-349
2,79,94,-356
2,71,92,-353
2,49,97,-344
2,40,103,-337
2,28,104,-333
2,28,103,-317
2,41,97,-324
2,56,97,-336
2,63,97,-340
2,71,100,-346
2,73,110,-337
2,67,112,-346
2,62,113,-354
2,62,99,-345
2,56,86,-349
2,48,71,-345
2,51,68,-336
2,63,79,-345
2,88,83,-330
2,68,94,-324
2,60,107,-338
2,52,119,-344
2,38,120,-337
2,41,92,-345
2,52,67,-349
3,68,56,-353
3,71,51,-345
3,56,76,-336
3,40,96,-335
3,35,99,-336
3,44,88,-336
3,49,79,-333
3,56,71,-333
3,63,71,-336
3,60,87,-343
3,64,95,-345
3,63,102,-346
3,56,99,-345
3,51,92,-340
3,44,81,-340
3,31,79,-328
3,31,79,-320
3,38,76,-329
3,52,84,-337
3,71,92,-338
3,79,99,-338
3,72,105,-344
3,63,92,-345
3,57,89,-349
3,56,83,-345
4,51,79,-345
4,56,89,-343
4,63,83,-336
4,62,71,-333
4,67,87,-328
4,64,87,-337
4,63,79,-345
4,54,88,-346
4,51,86,-352
4,52,80,-340
4,55,97,-338
4,51,103,-351
4,44,81,-340
4,39,63,-335
4,33,71,-333
4,24,87,-343
4,25,97,-332
4,30,105,-337
4,41,103,-340
4,71,105,-336
4,94,89,-344
4,70,68,-353
4,60,56,-353
4,48,63,-351
4,44,79,-340
5,39,87,-340
5,35,88,-336
5,32,88,-335
5,30,80,-329
5,40,80,-335
5,44,80,-336
5,47,83,-335
5,57,79,-338
5,63,72,-345
5,68,72,-345
5,67,80,-349
5,56,87,-346
5,40,87,-349
5,31,87,-337
5,19,92,-335
5,17,83,-333
5,24,80,-329
5,39,78,-333
5,49,76,-333
5,57,73,-338
5,60,73,-343
5,57,80,-346
5,51,81,-356
5,48,79,-353
5,44,76,-345
0,43,73,-345
0,56,70,-345
0,31,63,-333
0,25,54,-328
0,25,57,-328
0,28,71,-330
0,32,83,-336
0,44,94,-345
0,60,99,-349
0,67,92,-356
0,64,73,-353
0,55,51,-345
0,39,39,-340
0,24,35,-338
0,12,39,-343
0,12,48,-333
0,15,60,-333
0,35,67,-333
0,47,76,-336
0,56,79,-340
0,63,79,-345
0,62,73,-352
0,60,59,-360
0,59,44,-351
0,51,38,-353
1,35,30,-337
1,35,38,-336
1,32,51,-330
1,31,56,-322
1,44,62,-333
1,56,60,-328
1,64,56,-335
1,72,62,-337
1,70,63,-345
1,68,64,-352
1,71,57,-356
1,70,51,-361
1,67,49,-357
1,59,51,-345
1,40,63,-340
1,48,56,-337
1,60,48,-330
1,63,57,-330
1,67,61,-332
1,67,70,-333
1,67,86,-335
1,76,88,-340
1,88,73,-345
1,80,49,-353
1,71,38,-349
2,63,48,-353
2,63,48,-352
2,56,57,-354
2,55,72,-349
2,51,91,-337
2,56,99,-349
2,72,78,-338
2,71,79,-346
2,81,47,-359
2,80,28,-361
2,73,14,-362
2,71,8,-361
2,67,41,-359
2,51,95,-352
2,22,198,-320
2,35,46,-328
2,35,12,-324
2,24,83,-320
2,23,79,-320
2,33,72,-322
2,48,70,-330
2,57,62,-349
2,67,63,-351
2,60,76,-349
2,39,73,-349
3,19,67,-352
3,-1,70,-344
3,-16,72,-324
3,-8,64,-336
3,4,63,-353
3,15,63,-360
3,31,63,-360
3,43,63,-360
3,51,72,-360
3,49,112,-356
3,32,63,-328
3,28,94,-229
3,44,76,-285
3,20,88,-332
3,16,95,-402
3,44,88,-399
3,59,110,-385
3,67,63,-356
3,65,31,-311
3,67,51,-296
3,63,103,-308
3,72,124,-321
3,64,140,-320
3,73,176,-336
3,115,183,-320
4,49,172,-104
4,38,176,-233
4,44,280,-612
4,31,105,-377
4,96,15,-272
4,103,88,-375
4,112,91,-388
4,84,91,-276
4,63,103,-221
4,78,163,-201
4,55,230,-296
4,35,259,-416
4,17,239,-444
4,14,185,-381
4,32,124,-344
4,63,96,-324
4,99,97,-320
4,120,94,-348
4,103,110,-408
4,59,136,-397
4,-24,147,-346
4,-50,177,-324
4,-17,188,-285
4,4,135,-313
4,-13,65,-314
5,-40,24,-313
5,-25,19,-349
5,3,25,-386
5,38,30,-412
5,39,44,-420
5,19,56,-359
5,17,79,-290
5,24,120,-269
5,39,142,-289
5,41,103,-317
5,14,64,-336
5,-36,-1,-351
5,-76,-29,-338
5,-77,-9,-349
5,-39,80,-365
5,-13,159,-322
5,-41,134,-269
5,-87,152,-208
5,-113,174,-225
5,-61,167,-281
5,-26,118,-335
5,-13,54,-344
5,30,48,-345
5,71,62,-386
5,78,76,-404
0,63,67,-367
0,71,44,-328
0,64,27,-353
0,73,33,-396
0,78,11,-385
0,91,-21,-345
0,97,-20,-328
0,105,-2,-328
0,105,14,-346
0,112,31,-353
0,126,33,-344
0,134,15,-340
0,115,4,-336
0,97,8,-330
0,91,19,-322
0,103,24,-332
0,104,31,-349
0,115,44,-336
0,135,56,-345
0,144,65,-353
0,143,63,-345
0,127,57,-316
0,116,39,-322
0,95,31,-320
0,88,41,-322
1,88,54,-321
1,103,60,-335
1,127,54,-349
1,156,39,-349
1,179,39,-348
1,180,56,-356
1,167,62,-330
1,152,56,-353
1,131,49,-359
1,112,32,-345
1,103,16,-344
1,94,14,-330
1,99,23,-330
1,120,30,-333
1,135,33,-345
1,140,48,-336
1,143,60,-336
1,140,60,-352
1,135,54,-360
1,121,43,-345
1,111,39,-336
1,105,48,-336
1,112,65,-343
1,131,83,-349
1,140,97,-345
2,147,104,-322
2,140,118,-324
2,120,115,-320
2,105,124,-333
2,96,144,-354
2,91,158,-340
2,84,118,-290
2,65,92,-306
2,40,60,-341
2,63,27,-349
2,108,12,-369
2,105,15,-362
2,96,48,-357
2,88,71,-352
2,79,73,-343
2,56,64,-340
2,52,56,-328
2,48,49,-319
2,57,48,-306
2,63,49,-306
2,71,65,-338
2,83,79,-372
2,81,83,-364
2,67,81,-340
2,41,72,-327
3,24,60,-327
3,17,56,-340
3,28,56,-322
3,41,54,-319
3,48,67,-332
3,44,79,-337
3,51,92,-344
3,67,108,-356
3,97,108,-368
3,103,97,-375
3,105,67,-372
3,80,60,-353
3,51,71,-330
3,30,92,-321
3,24,112,-340
3,44,126,-328
3,71,112,-313
3,88,112,-264
3,104,113,-241
3,91,108,-239
3,63,135,-288
3,83,152,-314
3,116,124,-345
3,76,87,-348
3,9,67,-461
4,55,72,-466
4,70,97,-425
4,59,120,-404
4,60,112,-393
4,73,92,-380
4,88,62,-378
4,91,31,-362
4,89,25,-337
4,79,44,-317
4,72,54,-306
4,57,68,-290
4,48,76,-285
4,41,83,-317
4,43,84,-328
4,35,79,-327
4,36,56,-345
4,46,19,-353
4,44,-15,-348
4,38,-13,-343
4,31,22,-333
4,27,54,-320
4,19,64,-317
4,19,60,-325
4,28,51,-336
4,44,54,-365
5,64,51,-381
5,79,35,-360
5,83,25,-354
5,79,24,-359
5,62,31,-359
5,47,39,-353
5,32,40,-317
5,28,46,-324
5,30,60,-333
5,38,78,-324
5,44,94,-329
5,48,102,-336
5,65,92,-349
5,84,57,-368
5,96,28,-372
5,102,4,-359
5,79,12,-340
5,56,47,-336
5,52,76,-341
5,54,94,-344
5,62,97,-354
5,76,88,-360
5,70,75,-353
5,57,60,-345
5,44,54,-343
0,28,60,-335
0,24,71,-320
0,25,84,-313
0,35,96,-322
0,51,110,-345
0,62,108,-353
0,72,92,-365
0,72,71,-362
0,56,44,-356
0,48,28,-349
0,31,20,-338
0,28,28,-330
0,24,47,-317
0,19,65,-317
0,23,79,-324
0,24,81,-336
0,31,81,-354
0,46,79,-353
0,56,73,-362
0,56,51,-360
0,51,28,-353
0,41,24,-349
0,30,24,-340
0,17,35,-329
0,12,46,-322
1,11,57,-314
1,15,63,-320
1,24,67,-328
1,40,63,-351
1,51,62,-362
1,55,57,-369
1,52,60,-369
1,44,43,-356
1,31,31,-351
1,20,28,-340
1,12,28,-322
1,8,30,-319
1,12,39,-322
1,23,48,-333
1,35,68,-343
1,55,56,-345
1,60,55,-360
1,55,48,-369
1,41,35,-359
1,31,31,-353
1,22,31,-346
1,15,39,-338
1,9,47,-321
1,9,49,-320
1,16,63,-320
2,32,63,-337
2,48,62,-345
2,60,63,-348
2,63,56,-369
2,54,41,-369
2,39,39,-359
2,24,35,-353
2,14,39,-349
2,6,48,-335
2,7,56,-321
2,11,62,-313
2,27,70,-320
2,39,73,-336
2,54,68,-346
2,62,64,-346
2,60,63,-354
2,48,52,-365
2,31,54,-353
2,20,56,-351
2,12,56,-349
2,8,60,-336
2,8,67,-325
2,19,70,-325
2,28,68,-333
2,39,63,-340
3,48,57,-346
3,54,54,-351
3,56,54,-362
3,48,67,-360
3,38,78,-352
3,19,80,-353
3,12,71,-345
3,11,65,-335
3,8,57,-317
3,19,63,-316
3,28,63,-328
3,39,62,-345
3,54,67,-346
3,63,63,-354
3,56,67,-362
3,40,70,-354
3,19,68,-349
3,9,67,-345
3,3,65,-340
3,6,63,-328
3,14,67,-320
3,22,67,-321
3,38,65,-333
3,47,64,-340
3,54,62,-336
4,54,63,-360
4,47,64,-365
4,32,70,-357
4,24,70,-354
4,14,67,-353
4,7,63,-337
4,14,60,-330
4,16,63,-324
4,30,64,-317
4,38,63,-320
4,48,60,-330
4,44,56,-340
4,44,62,-359
4,44,63,-365
4,39,64,-353
4,38,68,-345
4,24,67,-353
4,19,63,-338
4,24,56,-338
4,31,57,-353
4,39,60,-346
4,46,63,-346
4,36,65,-344
4,28,64,-337
4,19,60,-345
5,16,55,-352
5,30,60,-353
5,38,65,-345
5,44,72,-345
5,48,76,-356
5,54,83,-337
5,46,84,-336
5,31,78,-345
5,24,71,-345
5,11,67,-345
5,9,54,-343
5,17,38,-340
5,33,19,-333
5,43,9,-329
5,39,25,-333
5,33,56,-337
5,28,76,-352
5,24,92,-346
5,20,94,-337
5,24,79,-337
5,25,63,-341
5,25,48,-338
5,20,40,-338
5,15,35,-343
5,16,44,-344
0,24,49,-340
0,19,35,-336
0,19,56,-333
0,24,63,-340
0,24,67,-343
0,31,64,-343
0,28,60,-345
0,19,51,-343
0,14,44,-346
0,17,31,-338
0,31,44,-349
0,35,56,-353
0,38,60,-354
0,35,56,-356
0,36,48,-356
0,39,41,-348
0,40,51,-328
0,16,57,-317
0,7,62,-311
0,12,56,-340
0,28,57,-353
0,51,57,-343
0,64,57,-364
0,63,62,-365
0,38,65,-349
1,23,55,-353
1,3,54,-336
1,-8,51,-312
1,-2,50,-317
1,23,43,-344
1,49,49,-348
1,72,60,-356
1,76,67,-362
1,62,70,-356
1,39,72,-353
1,12,70,-357
1,3,64,-327
1,-5,47,-296
1,7,36,-324
1,28,33,-356
1,55,49,-349
1,76,59,-353
1,76,70,-361
1,60,81,-348
1,32,80,-352
1,12,76,-346
1,-4,73,-324
1,-8,63,-306
1,9,52,-316
1,35,48,-338
2,56,47,-340
2,75,52,-340
2,73,60,-336
2,62,63,-333
2,35,63,-340
2,19,60,-340
2,7,56,-317
2,11,55,-301
2,27,60,-328
2,56,71,-343
2,86,75,-349
2,103,79,-340
2,118,78,-344
2,108,79,-354
2,79,73,-357
2,46,63,-336
2,35,48,-313
2,44,49,-328
2,76,63,-360
2,108,80,-369
2,137,99,-378
2,163,120,-370
2,171,143,-369
2,142,152,-360
2,110,147,-338
3,75,135,-320
3,46,124,-304
3,32,102,-308
3,57,84,-329
3,86,86,-336
3,124,88,-353
3,143,102,-356
3,140,110,-346
3,131,112,-344
3,110,99,-333
3,81,75,-327
3,51,68,-337
3,43,56,-332
3,48,46,-340
3,56,56,-346
3,83,64,-353
3,115,84,-360
3,124,103,-353
3,124,113,-349
3,103,97,-345
3,80,76,-346
3,68,62,-338
3,56,47,-335
3,54,28,-328
3,60,28,-325
4,71,36,-345
4,92,56,-349
4,100,81,-353
4,103,92,-351
4,92,83,-346
4,76,73,-349
4,63,59,-344
4,56,48,-333
4,48,35,-317
4,48,24,-317
4,56,27,-322
4,67,35,-338
4,88,46,-348
4,102,64,-367
4,103,71,-360
4,87,63,-353
4,62,48,-354
4,43,31,-349
4,32,25,-344
4,25,27,-320
4,35,28,-313
4,44,35,-328
4,68,40,-341
4,88,56,-352
4,97,70,-353
5,95,71,-354
5,76,57,-353
5,54,44,-353
5,39,31,-345
5,28,38,-336
5,22,39,-319
5,30,44,-314
5,38,48,-324
5,56,51,-346
5,81,55,-349
5,89,55,-352
5,87,55,-360
5,75,54,-360
5,49,56,-353
5,35,51,-349
5,28,54,-338
5,22,52,-322
5,24,52,-317
5,39,51,-320
5,55,51,-336
5,70,59,-348
5,83,63,-349
5,87,56,-362
5,79,48,-367
5,63,39,-359
0,47,48,-353
0,7,65,-341
0,16,63,-336
0,15,63,-320
0,23,60,-317
0,39,56,-335
0,63,59,-340
0,71,63,-335
0,76,63,-353
0,72,56,-360
0,63,54,-349
0,44,49,-352
0,39,46,-348
0,48,44,-336
0,49,48,-349
0,40,60,-338
0,39,60,-329
0,44,68,-356
0,55,65,-353
0,60,56,-337
0,56,47,-351
0,54,47,-349
0,48,47,-344
0,41,48,-343
0,28,56,-314
1,28,57,-329
1,38,60,-328
1,52,56,-328
1,63,55,-338
1,64,55,-344
1,67,51,-349
1,63,47,-338
1,56,56,-360
1,51,56,-368
1,35,57,-354
1,28,57,-345
1,27,56,-336
1,27,56,-320
1,32,51,-317
1,51,56,-324
1,56,51,-337
1,67,48,-338
1,72,48,-343
1,71,47,-356
1,62,56,-365
1,48,62,-365
1,39,63,-357
1,30,60,-349
1,28,56,-340
1,30,56,-333
2,35,51,-317
2,44,54,-322
2,54,56,-336
2,67,60,-338
2,79,63,-337
2,79,63,-353
2,71,59,-367
2,54,56,-364
2,38,51,-360
2,25,49,-352
2,22,56,-352
2,24,63,-336
2,31,67,-319
2,40,67,-316
2,56,67,-327
2,65,59,-336
2,76,56,-336
2,79,59,-349
2,71,63,-364
2,59,65,-360
2,39,68,-356
2,25,65,-349
2,19,68,-340
2,24,71,-333
2,30,67,-320
3,44,71,-314
3,60,68,-324
3,70,67,-332
3,75,63,-340
3,76,63,-349
3,71,63,-354
3,55,71,-353
3,39,78,-353
3,31,79,-353
3,24,78,-345
3,24,76,-333
3,28,68,-324
3,44,67,-321
3,56,62,-329
3,75,60,-336
3,83,67,-345
3,80,78,-353
3,71,81,-359
3,56,89,-362
3,39,88,-354
3,31,81,-348
3,30,79,-336
3,30,72,-327
3,40,76,-320
3,54,76,-319
4,63,73,-333
4,76,79,-343
4,83,87,-348
4,83,92,-359
4,75,94,-357
4,55,91,-353
4,39,79,-345
4,28,73,-336
4,28,70,-335
4,35,65,-322
4,51,67,-320
4,60,78,-322
4,71,78,-336
4,83,83,-346
4,86,83,-353
4,80,83,-361
4,64,76,-362
4,48,71,-356
4,39,63,-346
4,31,64,-345
4,28,67,-330
4,35,70,-317
4,48,76,-314
4,63,70,-322
4,76,67,-337
5,84,67,-348
5,83,64,-359
5,73,62,-365
5,57,55,-360
5,40,48,-353
5,31,47,-345
5,28,48,-348
5,31,51,-337
5,40,51,-320
5,55,55,-322
5,65,59,-333
5,76,59,-336
5,76,67,-336
5,70,70,-349
5,59,62,-361
5,48,51,-356
5,46,44,-356
5,43,35,-349
5,41,28,-346
5,41,27,-320
5,43,32,-313
5,48,39,-321
5,60,43,-329
5,72,47,-349
5,72,51,-354
0,71,51,-369
0,63,38,-359
0,51,30,-365
0,41,22,-353
0,36,15,-343
0,31,15,-330
0,31,22,-313
0,40,30,-314
0,56,38,-328
0,65,33,-336
0,78,48,-349
0,76,46,-367
0,64,31,-365
0,54,23,-364
0,42,15,-356
0,35,12,-346
0,25,15,-325
0,24,25,-316
0,35,31,-316
0,51,35,-328
0,72,39,-345
0,86,40,-353
0,80,40,-356
0,67,44,-365
0,60,28,-367
1,38,30,-353
1,24,25,-349
1,24,24,-340
1,28,27,-324
1,40,31,-314
1,51,39,-324
1,57,35,-314
1,64,39,-340
1,72,39,-354
1,67,33,-369
1,60,25,-364
1,51,24,-354
1,35,27,-352
1,30,32,-345
1,24,31,-320
1,28,44,-308
1,39,44,-320
1,56,33,-329
1,67,28,-345
1,83,25,-345
1,83,31,-360
1,70,32,-369
1,55,32,-361
1,35,35,-354
1,23,39,-353
2,17,41,-335
2,28,44,-312
2,39,41,-313
2,57,43,-328
2,73,44,-344
2,83,48,-346
2,81,51,-361
2,71,51,-365
2,51,48,-361
2,35,44,-362
2,24,39,-359
2,22,35,-338
2,27,35,-317
2,39,40,-316
2,51,49,-324
2,71,60,-337
2,83,62,-344
2,88,65,-356
2,76,59,-365
2,60,49,-362
2,40,44,-353
2,28,43,-349
2,24,55,-337
2,24,60,-324
3,17,56,-351
3,16,56,-335
3,23,60,-313
3,39,63,-313
3,54,62,-330
3,71,56,-337
3,86,54,-343
4,86,55,-359
4,76,55,-365
4,52,55,-360
4,32,51,-353
4,19,59,-349
4,15,63,-336
4,17,62,-319
4,35,63,-312
4,51,59,-328
4,75,60,-343
4,86,59,-343
4,80,59,-360
4,70,60,-365
4,48,56,-361
4,35,52,-353
4,24,57,-351
4,17,57,-340
4,24,60,-317
4,35,63,-313
4,52,60,-324
4,67,57,-344
4,81,55,-348
4,83,56,-359
4,70,62,-367
4,49,56,-364
5,32,59,-354
5,23,57,-353
5,17,57,-336
5,24,59,-317
5,39,60,-312
5,54,57,-324
5,67,56,-345
5,75,52,-345
5,79,56,-354
5,67,62,-368
5,48,60,-361
5,31,55,-359
5,24,57,-349
5,22,54,-336
5,24,56,-320
5,36,56,-313
5,51,56,-320
5,63,56,-341
5,71,56,-345
5,73,57,-360
5,64,59,-367
5,51,55,-364
5,36,55,-356
5,28,59,-349
5,20,60,-328
0,19,62,-319
0,35,55,-349
0,48,55,-333
0,63,51,-341
0,78,54,-353
0,81,60,-360
0,71,64,-365
0,49,64,-357
0,31,56,-357
0,0,51,-356
0,12,51,-328
0,17,52,-311
0,32,52,-312
0,54,54,-337
0,71,51,-345
0,83,55,-356
0,80,64,-361
1,78,56,-340
1,86,67,-356
1,78,70,-368
1,57,67,-365
1,33,60,-364
1,19,55,-357
1,11,56,-349
1,14,51,-313
1,28,57,-304
1,44,56,-330
1,63,57,-343
1,79,60,-338
1,84,64,-359
1,70,67,-365
1,46,63,-369
1,31,51,-360
1,17,51,-349
1,15,51,-332
1,19,56,-311
1,31,56,-312
1,48,51,-336
1,64,56,-346
1,78,60,-353
1,78,62,-365
1,65,60,-365
2,47,57,-356
2,27,55,-356
2,14,54,-343
2,15,56,-317
2,23,60,-308
2,36,56,-321
2,55,52,-345
2,73,56,-343
2,87,56,-360
2,79,63,-368
2,60,59,-362
2,38,56,-356
2,15,54,-354
2,3,55,-333
2,4,56,-308
2,23,56,-313
2,44,54,-330
2,65,48,-344
2,88,55,-351
2,88,60,-369
2,70,60,-365
2,44,60,-362
2,20,55,-354
2,8,55,-346
2,6,56,-324
3,16,57,-305
3,35,56,-313
3,56,51,-341
3,76,51,-341
3,83,55,-353
3,80,57,-367
3,56,60,-364
3,32,57,-361
3,17,59,-356
3,3,56,-338
3,8,56,-308
3,24,56,-313
3,46,51,-341
3,67,48,-346
3,79,48,-345
3,83,56,-362
3,65,60,-359
3,38,60,-354
3,17,56,-352
3,7,56,-341
3,6,60,-317
3,20,56,-312
3,38,54,-324
3,60,47,-343
3,75,48,-346
4,80,51,-361
4,71,55,-369
4,51,60,-359
4,31,61,-357
4,15,62,-348
4,7,59,-328
4,8,51,-313
4,28,46,-316
4,47,32,-328
4,67,31,-336
4,83,28,-349
4,79,38,-365
4,67,40,-367
4,47,48,-359
4,30,48,-368
4,22,47,-348
4,17,38,-314
4,22,24,-313
4,35,14,-317
4,59,6,-322
4,78,14,-337
4,84,28,-356
4,83,40,-360
4,71,39,-354
4,57,19,-351
5,41,4,-352
5,44,-18,-336
5,56,-36,-317
5,67,-33,-313
5,75,-8,-327
5,81,15,-345
5,92,31,-353
5,99,22,-349
5,94,6,-362
5,80,-8,-360
5,76,-10,-357
5,76,-15,-353
5,72,-8,-336
5,76,-8,-324
5,81,-2,-328
5,95,1,-336
5,104,7,-336
5,107,9,-345
5,100,6,-349
5,89,-1,-354
5,79,-8,-353
5,72,-4,-349
5,76,-7,-345
5,75,1,-330
5,79,14,-317
0,92,6,-321
0,92,-8,-332
0,99,0,-330
0,99,3,-345
0,95,7,-352
0,92,3,-360
0,88,4,-353
0,83,9,-349
0,72,12,-338
0,71,19,-321
0,73,14,-320
0,86,12,-320
0,96,7,-328
0,103,12,-337
0,97,24,-343
0,96,39,-345
0,94,46,-356
0,91,51,-351
0,80,48,-340
0,67,35,-338
0,64,16,-328
0,76,-4,-317
0,88,-4,-324
0,103,19,-336
0,112,46,-361
1,115,71,-359
1,112,72,-356
1,108,64,-353
1,96,48,-353
1,83,47,-353
1,64,44,-343
1,62,38,-336
1,67,33,-333
1,84,39,-340
1,103,55,-345
1,119,68,-349
1,124,78,-353
1,118,70,-345
1,102,68,-345
1,81,59,-336
1,75,68,-340
1,67,65,-324
1,60,67,-320
1,71,64,-324
1,94,67,-329
1,108,71,-343
1,115,78,-353
1,118,75,-351
1,112,76,-353
1,96,80,-354
2,79,80,-351
2,70,71,-329
2,67,70,-324
2,72,63,-327
2,88,57,-328
2,104,63,-340
2,115,75,-345
2,112,83,-349
2,104,79,-352
2,91,79,-349
2,63,60,-340
2,67,64,-354
2,72,72,-352
2,70,79,-343
2,67,86,-340
2,36,87,-333
2,27,79,-337
2,38,63,-328
2,35,51,-337
2,39,41,-360
2,55,39,-345
2,83,44,-333
2,108,76,-346
2,80,92,-348
2,51,71,-344
2,32,71,-330
2,17,71,-328
2,22,71,-333
2,35,60,-336
2,49,48,-344
2,65,31,-338
2,64,30,-356
2,57,43,-362
2,51,54,-359
2,52,71,-348
3,54,86,-346
3,49,96,-333
3,44,103,-328
3,41,89,-319
3,31,76,-328
3,30,64,-338
3,31,51,-340
3,39,41,-341
3,46,44,-348
3,60,59,-360
3,67,79,-354
3,70,96,-345
3,57,107,-338
3,27,110,-345
3,24,96,-324
3,31,73,-333
3,30,65,-345
3,44,52,-340
3,55,44,-349
3,63,40,-360
3,76,48,-353
3,79,68,-340
3,71,91,-340
3,70,111,-340
3,70,99,-336
4,62,63,-341
4,63,48,-349
4,75,71,-369
4,92,78,-383
4,107,80,-369
5,108,54,-321
5,105,44,-332
5,103,14,-328
5,116,-18,-324
5,131,-5,-327
5,143,25,-328
5,160,38,-336
5,167,31,-340
5,159,15,-340
5,140,-1,-352
5,126,-25,-377
5,108,-40,-375
5,102,-9,-336
5,123,12,-336
5,144,-1,-338
5,147,-28,-344
5,159,-10,-351
5,167,7,-357
5,150,28,-346
5,140,48,-336
5,112,63,-337
5,99,51,-340
5,105,28,-320
5,111,23,-317
5,131,23,-330
0,147,40,-328
0,156,48,-333
0,142,67,-340
0,126,88,-336
0,110,115,-341
0,111,120,-349
0,115,99,-327
0,112,81,-328
0,115,71,-322
0,135,76,-328
0,129,88,-324
0,135,92,-317
0,136,92,-324
0,137,103,-328
0,127,110,-327
0,127,108,-338
0,131,110,-338
0,112,99,-328
0,97,81,-320
0,104,67,-322
0,119,63,-321
0,135,62,-319
0,124,63,-320
0,115,79,-328
0,118,103,-344
1,118,110,-343
1,118,88,-348
1,131,67,-348
1,132,78,-333
1,151,84,-338
1,136,68,-345
1,111,65,-328
1,84,88,-324
1,88,103,-317
1,92,116,-313
1,120,99,-320
1,147,83,-330
1,150,88,-333
1,142,103,-330
1,112,108,-328
1,96,110,-328
1,88,111,-333
1,86,103,-330
1,88,91,-330
1,95,71,-320
1,92,70,-333
1,97,65,-329
1,103,63,-359
1,112,72,-381
1,120,96,-385
2,112,120,-381
2,113,150,-368
2,99,156,-356
2,80,140,-354
2,60,102,-357
2,49,68,-386
2,46,57,-367
2,43,72,-348
2,51,79,-333
2,56,96,-340
2,71,120,-328
2,78,148,-317
2,80,164,-312
2,86,163,-305
2,79,140,-296
2,64,92,-280
2,51,35,-274
2,40,28,-285
2,39,60,-308
2,48,108,-320
2,63,136,-324
2,76,139,-349
2,95,127,-356
2,92,131,-356
2,79,135,-356
3,60,147,-352
3,44,156,-345
3,39,140,-328
3,35,115,-325
3,47,97,-330
3,67,83,-327
3,96,88,-337
3,127,92,-345
3,135,94,-351
3,120,105,-352
3,96,131,-343
3,73,134,-338
3,68,127,-330
3,56,120,-330
3,51,100,-322
3,56,97,-309
3,71,115,-309
3,87,134,-317
3,108,140,-333
3,119,134,-346
3,120,120,-365
3,104,100,-370
3,83,97,-369
3,65,96,-356
3,60,110,-351
4,60,124,-330
4,63,131,-316
4,68,126,-311
4,76,112,-313
4,92,97,-320
4,99,110,-333
4,103,115,-349
4,103,108,-359
4,83,110,-359
4,68,104,-353
4,63,113,-346
4,60,124,-340
4,56,135,-325
4,56,135,-311
4,56,120,-306
4,64,111,-312
4,79,103,-317
4,86,110,-333
4,92,111,-340
4,88,112,-345
4,76,118,-349
4,60,120,-344
4,56,121,-335
4,52,121,-330
4,51,112,-320
5,52,108,-308
5,54,103,-313
5,59,92,-319
5,76,96,-329
5,80,107,-340
5,81,112,-352
5,76,112,-353
5,67,110,-357
5,56,110,-352
5,57,111,-349
5,63,112,-340
5,63,111,-328
5,71,100,-324
5,79,91,-324
5,94,92,-319
5,103,97,-327
5,108,103,-336
5,103,104,-344
5,88,103,-345
5,76,99,-344
5,76,92,-345
5,71,84,-345
5,79,86,-333
5,92,96,-327
5,103,99,-330
0,112,95,-335
0,121,89,-328
0,123,89,-341
0,110,76,-345
0,102,70,-351
0,97,60,-349
0,104,57,-345
0,99,76,-337
0,88,108,-323
0,96,134,-290
0,108,137,-305
0,127,113,-319
0,150,79,-344
0,153,67,-353
0,145,88,-353
0,127,131,-360
0,108,144,-365
0,96,127,-376
0,99,92,-377
0,86,57,-349
0,63,44,-322
0,60,67,-320
0,65,97,-327
0,80,140,-320
0,92,163,-314
1,99,132,-317
1,88,120,-317
1,72,112,-313
1,54,113,-321
1,38,124,-319
1,16,136,-328
1,14,140,-328
1,17,135,-327
1,31,115,-322
1,38,103,-324
1,39,103,-322
1,44,115,-324
1,48,135,-333
1,48,131,-340
1,39,140,-333
1,31,145,-340
1,24,147,-340
1,17,140,-333
1,16,137,-332
1,20,121,-321
1,28,112,-314
1,43,107,-319
1,48,113,-324
1,46,115,-340
1,36,111,-349
2,39,108,-353
2,40,108,-353
2,39,127,-357
2,33,134,-349
2,25,116,-340
2,20,113,-336
2,23,127,-324
2,25,129,-312
2,28,124,-319
2,27,112,-317
2,30,108,-320
2,35,115,-329
2,41,119,-341
2,35,119,-349
2,22,127,-346
2,16,136,-345
2,16,144,-352
2,15,143,-352
2,28,139,-330
2,40,126,-325
2,43,102,-322
2,35,83,-320
2,16,76,-330
2,7,80,-345
2,3,100,-353
3,16,124,-345
3,28,147,-341
3,24,153,-336
3,19,135,-332
3,19,124,-330
3,8,111,-322
3,3,110,-320
1,-309,112,-305
1,-232,126,-303
1,-189,104,-328
1,-210,112,-353
1,-244,119,-338
1,-244,57,-333
1,-193,-89,-365
1,-141,-177,-327
1,-73,-26,-250
1,-49,-7,-237
1,-78,-136,-180
1,-123,-170,-196
1,-168,-144,-193
1,-180,-103,-232
1,-245,-2,-300
1,-327,63,-329
1,-330,120,-317
1,-271,127,-313
1,-177,104,-337
1,-154,103,-329
1,-216,87,-322
1,-276,31,-336
1,-224,-100,-367
2,-141,-112,-313
2,-73,0,-253
2,-64,-42,-225
2,-79,-180,-250
2,-66,-130,-196
2,-124,-77,-180
2,-213,-104,-228
2,-265,-36,-305
2,-328,44,-301
2,-324,120,-303
2,-282,135,-305
2,-213,80,-321
2,-178,64,-338
2,-197,60,-340
2,-208,48,-351
2,-193,-40,-313
2,-153,-121,-319
2,-135,-64,-276
2,-138,-32,-237
2,-132,-79,-237
2,-144,-58,-209
2,-162,-71,-241
2,-145,-97,-207
2,-157,-89,-249
2,-168,-95,-233
3,-186,-47,-313
3,-281,12,-328
3,-338,67,-308
3,-316,156,-301
3,-205,123,-300
3,-154,110,-317
3,-217,79,-311
3,-276,48,-320
3,-237,-89,-328
3,-149,-45,-328
3,-58,6,-266
3,-29,-7,-233
3,-89,-173,-244
3,-97,-143,-237
3,-98,-36,-209
3,-161,-60,-255
3,-192,-31,-297
3,-260,43,-309
3,-365,96,-345
3,-369,158,-305
3,-240,169,-290
3,-146,159,-349
3,-173,127,-356
4,44,176,-413
4,25,248,-349
4,-32,222,-332
4,-52,192,-346
4,31,124,-345
4,94,56,-341
4,113,12,-362
4,96,15,-359
4,70,88,-340
5,60,206,-333
5,63,252,-317
5,49,216,-324
5,44,168,-335
5,51,155,-345
5,67,168,-344
5,68,184,-335
5,56,167,-338
5,44,144,-345
5,49,147,-348
5,51,147,-353
5,64,127,-313
5,94,127,-324
5,104,147,-327
5,111,152,-325
5,99,153,-322
5,79,143,-327
5,63,127,-333
5,54,115,-344
5,54,127,-341
5,62,156,-345
5,64,179,-341
5,60,191,-320
5,56,191,-308
5,48,172,-313
0,39,148,-320
0,28,150,-296
0,33,150,-322
0,48,163,-349
0,51,176,-353
0,43,180,-345
0,44,152,-321
0,35,120,-320
0,28,134,-320
0,31,175,-316
0,20,184,-308
0,31,169,-301
0,30,159,-312
0,19,156,-320
0,19,152,-322
0,19,151,-329
0,25,163,-336
0,24,168,-349
0,22,167,-353
0,23,159,-344
0,28,160,-330
0,35,163,-321
0,31,159,-319
0,24,153,-313
0,-41,167,-311
1,-23,169,-349
1,17,163,-324
1,20,159,-300
1,19,159,-305
1,14,159,-328
1,23,164,-340
1,23,175,-336
1,12,182,-348
1,7,174,-341
1,3,167,-333
1,-4,153,-329
1,9,116,-305
1,31,112,-296
1,12,127,-354
1,-8,151,-337
1,3,159,-316
1,15,159,-328
1,19,151,-329
1,12,135,-328
1,-4,143,-324
1,-8,143,-322
1,1,131,-320
1,-4,124,-325
1,-7,142,-328
1,-4,156,-325
2,4,159,-337
2,16,131,-338
2,19,108,-328
2,3,119,-313
2,-4,135,-317
2,-5,135,-336
2,-1,127,-324
2,-8,112,-317
2,-8,111,-316
2,-7,124,-314
2,7,142,-320
2,15,155,-317
3,15,152,-313
3,16,151,-321
3,12,147,-337
3,15,148,-333
3,15,140,-328
3,17,139,-325
3,22,144,-340
3,24,143,-341
3,24,136,-328
3,20,135,-320
3,19,143,-328
3,17,147,-338
3,16,147,-338
3,16,140,-332
3,19,142,-333
3,24,143,-328
3,32,135,-320
3,40,135,-309
3,35,137,-305
3,39,135,-305
3,39,143,-338
3,41,143,-311
3,48,112,-322
3,54,108,-415
3,71,92,-458
4,88,172,-520
4,63,222,-445
4,23,195,-332
4,23,158,-264
4,-205,188,-200
4,-97,172,-244
4,-20,171,-288
4,35,174,-330
4,46,159,-364
4,46,127,-356
4,48,103,-314
4,63,43,-322
4,88,-1,-297
4,97,39,-260
4,76,134,-352
4,48,184,-340
4,35,167,-336
4,35,152,-346
4,28,151,-369
4,-40,124,-333
4,-49,135,-340
4,-13,127,-333
5,43,129,-340
5,16,134,-336
5,31,129,-336
5,35,124,-333
5,44,115,-336
5,35,115,-345
5,38,120,-353
5,46,119,-416
5,51,120,-471
0,51,127,-409
0,44,120,-300
0,44,115,-305
0,24,143,-311
0,-113,179,-274
0,-52,163,-313
0,27,172,-296
0,60,152,-309
0,49,140,-330
0,38,127,-328
0,36,108,-351
0,31,94,-316
0,40,51,-335
0,43,32,-340
0,48,49,-340
0,39,83,-353
0,35,124,-328
0,22,145,-324
0,3,163,-324
0,-10,167,-328
0,-16,166,-327
0,-7,152,-328
0,28,129,-335
0,54,115,-348
0,63,99,-364
1,46,92,-349
1,35,91,-340
1,28,91,-333
1,28,103,-333
1,35,111,-338
1,36,124,-338
1,28,140,-320
1,14,140,-316
1,16,135,-345
1,24,112,-344
1,39,96,-333
1,49,96,-336
1,55,96,-335
1,48,103,-338
1,28,112,-329
1,6,132,-330
1,-2,136,-329
1,8,120,-333
1,31,107,-333
1,48,100,-335
1,47,103,-325
1,31,111,-330
1,24,118,-333
1,35,113,-344
1,44,113,-349
2,44,113,-357
2,39,118,-353
2,35,111,-333
2,30,111,-344
2,24,112,-341
2,19,112,-333
2,24,108,-329
2,30,103,-324
2,28,103,-328
2,25,111,-337
2,19,118,-324
2,20,111,-317
2,28,108,-333
2,35,112,-340
2,40,120,-341
2,44,126,-338
2,41,112,-340
2,23,96,-349
2,4,94,-340
2,-15,99,-324
2,-8,115,-332
2,17,118,-340
2,51,112,-330
2,76,96,-353
2,79,73,-356
3,63,56,-346
3,35,70,-356
3,7,115,-360
3,3,142,-354
3,-20,124,-360
3,28,88,-301
3,30,64,-272
3,14,60,-292
3,9,80,-285
3,22,88,-296
3,28,86,-317
3,56,81,-333
3,67,89,-346
3,56,79,-337
3,54,56,-328
3,71,49,-349
3,83,41,-365
3,72,48,-370
3,63,67,-369
3,68,73,-372
3,79,49,-388
3,96,38,-388
3,96,44,-377
3,88,41,-360
3,92,49,-351
4,95,68,-343
4,92,89,-336
4,83,111,-330
4,71,112,-336
4,57,94,-338
4,48,70,-337
4,49,60,-329
4,51,59,-333
4,51,65,-345
4,49,71,-349
4,54,79,-353
4,47,88,-345
4,40,102,-333
4,35,115,-336
4,32,105,-337
4,35,92,-340
4,38,79,-357
4,33,79,-344
4,28,96,-353
4,16,140,-356
4,-13,160,-343
5,9,103,-296
5,4,87,-305
5,-13,76,-317
5,-12,62,-317
5,0,63,-319
5,12,86,-318
5,11,118,-344
5,-25,153,-345
5,-39,175,-340
5,3,167,-353
5,15,140,-338
5,-29,108,-336
5,-40,83,-340
5,-15,80,-336
5,-10,111,-345
5,-13,137,-340
5,-26,140,-329
5,-34,119,-346
5,-40,112,-362
5,-44,103,-345
5,-40,105,-313
5,-40,129,-311
5,-42,160,-296
0,-40,168,-271
0,-50,151,-268
0,-61,143,-288
0,-64,136,-308
0,-57,121,-332
0,-45,108,-359
0,-47,97,-362
0,-40,83,-341
0,-31,71,-338
0,-29,63,-320
0,-21,73,-333
0,-25,87,-333
0,-28,103,-336
0,-29,105,-344
0,-25,111,-345
0,-15,112,-336
0,-13,96,-320
0,-21,73,-333
0,-29,62,-336
0,-36,62,-333
0,-32,88,-328
0,-18,105,-321
0,-8,96,-328
0,-4,73,-336
0,-7,54,-330
1,-8,57,-348
1,-4,67,-348
1,3,80,-340
1,6,96,-344
1,6,99,-336
1,-2,96,-333
1,-4,99,-336
1,-5,92,-329
1,7,83,-332
1,15,70,-352
1,25,55,-346
1,25,52,-345
1,25,70,-353
1,19,88,-353
1,15,103,-351
1,19,99,-349
1,24,88,-343
1,15,65,-336
1,14,51,-333
1,22,52,-324
1,35,51,-330
1,39,56,-340
1,35,65,-343
1,31,75,-340
1,28,73,-346
2,30,71,-349
2,32,71,-351
2,25,70,-344
2,22,68,-330
2,24,54,-328
2,30,46,-336
2,39,56,-338
2,51,70,-340
2,56,81,-337
2,56,83,-345
2,51,79,-345
2,47,72,-346
2,39,64,-336
2,44,64,-327
2,52,67,-321
2,63,71,-320
2,79,64,-328
2,89,59,-328
2,92,49,-327
2,92,56,-336
2,95,60,-341
2,97,71,-351
2,103,81,-338
2,96,91,-324
2,99,88,-330
3,112,76,-341
3,134,63,-349
3,143,71,-335
3,135,88,-324
3,127,99,-329
3,124,102,-336
3,131,80,-335
3,142,56,-336
3,152,44,-321
3,155,51,-322
3,155,71,-322
3,163,88,-321
3,174,89,-330
3,176,94,-328
3,172,83,-335
3,169,71,-333
3,168,70,-335
3,161,65,-333
3,159,80,-333
3,153,87,-333
3,150,88,-329
3,137,96,-327
3,132,108,-320
3,163,96,-330
3,175,70,-332
4,167,54,-333
4,144,49,-329
4,121,59,-330
4,108,73,-338
4,112,87,-343
4,124,100,-340
4,131,115,-329
4,131,120,-320
4,120,124,-317
4,103,116,-325
4,96,105,-333
4,103,96,-335
4,111,86,-332
4,112,83,-329
4,113,83,-332
4,108,91,-325
4,100,103,-319
4,95,121,-319
4,88,134,-317
4,96,132,-324
4,112,119,-324
4,115,108,-330
4,115,99,-340
4,115,87,-345
4,115,81,-346
5,112,81,-336
5,104,88,-325
5,103,96,-328
5,104,103,-333
5,115,108,-337
5,57,131,-329
5,95,115,-356
5,142,99,-348
5,121,96,-336
5,127,87,-340
5,120,92,-340
5,100,102,-336
5,86,103,-328
5,83,108,-327
0,113,112,-335
0,124,112,-345
0,123,112,-340
0,119,105,-336
0,113,96,-336
0,103,94,-337
0,94,102,-335
0,83,108,-328
0,86,113,-313
0,124,120,-322
0,105,116,-324
0,115,112,-336
0,131,111,-328
0,126,103,-333
0,110,97,-333
0,99,96,-333
0,96,103,-330
0,88,120,-328
0,87,131,-321
0,88,132,-317
0,95,124,-324
0,112,104,-333
0,120,96,-336
0,118,94,-336
0,108,96,-336
1,108,116,-340
1,102,121,-337
1,96,120,-330
1,92,113,-330
1,88,108,-327
1,95,108,-324
1,100,108,-328
1,115,108,-336
1,120,105,-336
1,119,108,-337
1,112,105,-338
1,103,112,-336
1,99,115,-336
1,98,111,-332
1,92,104,-345
1,88,110,-322
1,89,110,-319
1,96,104,-327
1,110,103,-328
1,118,112,-333
1,116,124,-329
1,110,131,-330
1,112,131,-329
1,105,129,-330
1,103,113,-328
2,92,112,-325
2,92,111,-322
2,96,108,-317
2,108,94,-328
2,123,75,-349
2,124,67,-349
2,115,68,-341
2,108,92,-336
2,113,119,-345
2,121,144,-333
2,115,155,-320
2,108,140,-311
2,107,111,-313
2,103,83,-319
2,104,75,-320
2,112,88,-324
2,115,112,-329
2,120,123,-336
2,127,123,-336
2,124,131,-336
2,120,134,-336
2,112,150,-330
2,103,152,-329
2,95,134,-330
2,94,112,-328
3,103,96,-336
3,118,102,-330
3,127,116,-330
3,131,120,-330
3,120,124,-330
3,107,124,-333
3,105,120,-333
3,104,108,-330
3,88,97,-333
3,76,94,-320
3,75,111,-322
3,88,135,-320
3,105,144,-328
3,134,135,-336
3,143,113,-340
3,140,108,-353
3,126,99,-356
3,113,96,-344
3,102,99,-328
3,87,104,-320
3,79,112,-319
3,73,115,-313
3,80,119,-319
3,96,112,-324
3,112,116,-327
4,124,131,-328
4,119,143,-324
4,105,139,-319
4,96,131,-329
4,92,124,-336
4,86,111,-340
4,87,94,-335
4,86,86,-335
4,88,76,-336
4,97,75,-343
4,108,76,-343
4,113,83,-345
4,110,89,-345
4,100,96,-340
4,89,92,-344
4,83,84,-344
4,78,83,-341
4,75,89,-327
4,88,92,-328
4,99,96,-333
4,110,100,-333
4,112,102,-335
4,102,103,-333
4,96,96,-332
4,96,97,-338
5,89,94,-340
5,88,88,-337
5,80,89,-332
5,84,96,-324
5,92,95,-327
5,99,95,-336
5,108,96,-336
5,108,96,-338
5,100,96,-340
5,96,103,-340
5,102,105,-338
5,92,99,-337
5,81,88,-336
5,76,88,-333
5,79,92,-329
5,83,92,-329
5,96,94,-329
5,103,95,-330
5,108,96,-338
5,108,96,-337
5,103,97,-340
5,107,105,-341
5,88,95,-344
5,76,87,-335
5,76,92,-332
0,75,99,-329
0,86,100,-353
0,97,95,-338
0,108,96,-333
0,112,97,-338
0,107,97,-340
0,102,97,-344
0,92,96,-338
0,84,94,-336
0,51,91,-340
0,84,103,-335
0,88,103,-330
0,88,97,-328
0,88,97,-324
0,89,96,-333
0,102,99,-337
0,112,99,-341
0,111,99,-340
0,99,99,-338
0,91,99,-337
0,86,89,-333
0,80,92,-336
0,86,99,-336
0,84,104,-328
0,86,99,-320
1,89,99,-328
1,99,103,-333
1,108,102,-336
1,107,103,-338
1,103,102,-340
1,103,100,-340
1,94,88,-345
1,87,89,-341
1,79,88,-336
1,80,92,-330
1,83,95,-327
1,92,96,-329
1,99,99,-329
1,108,105,-333
1,110,105,-343
1,103,103,-338
1,92,104,-340
1,88,100,-338
1,86,96,-338
1,84,96,-335
1,88,97,-335
1,83,97,-328
1,88,95,-328
1,94,94,-330
1,102,100,-335
2,104,97,-337
2,102,96,-337
2,100,95,-343
2,96,94,-340
2,88,97,-336
2,83,103,-336
2,80,103,-336
2,83,96,-333
2,84,95,-324
2,83,92,-324
2,95,99,-330
2,108,103,-330
2,110,104,-333
2,105,99,-340
2,99,103,-345
2,88,102,-340
2,84,97,-338
2,80,95,-336
2,76,99,-335
2,76,99,-327
2,86,99,-324
2,92,99,-327
2,103,99,-333
2,111,99,-333
2,99,99,-337
3,94,99,-341
3,92,96,-345
3,89,96,-345
3,87,94,-341
3,83,95,-340
3,88,92,-336
3,71,99,-329
3,71,100,-328
3,86,102,-333
3,103,99,-333
3,112,96,-336
3,105,89,-336
3,99,92,-343
3,83,96,-340
3,81,96,-343
3,79,99,-335
3,76,97,-333
3,76,96,-336
3,76,96,-327
3,79,99,-328
3,92,99,-327
3,102,95,-336
3,103,92,-336
3,97,94,-337
3,92,92,-343
4,79,92,-345
4,78,94,-345
4,78,94,-336
4,76,99,-333
4,81,103,-330
4,75,102,-328
4,71,96,-328
4,83,94,-330
4,96,89,-328
4,103,89,-337
4,99,97,-345
4,96,96,-346
4,83,95,-340
4,75,97,-340
4,71,99,-338
4,71,108,-336
4,70,108,-324
4,78,99,-319
4,83,99,-329
4,95,97,-332
4,99,95,-345
4,99,88,-353
4,99,86,-346
4,87,83,-341
4,71,83,-346
5,56,88,-345
5,63,94,-337
5,76,99,-336
5,78,102,-320
5,76,99,-324
5,79,96,-325
5,81,96,-330
5,94,99,-336
5,92,94,-338
5,83,94,-345
5,79,89,-345
5,71,95,-345
5,71,96,-337
5,71,102,-337
5,63,103,-335
5,60,104,-322
5,67,103,-327
5,78,99,-329
5,89,103,-336
5,95,103,-337
5,92,103,-341
5,83,102,-345
5,75,100,-348
5,67,102,-346
5,59,97,-337
0,57,103,-336
0,48,127,-333
0,70,103,-327
0,76,99,-328
0,83,96,-329
0,83,103,-330
0,86,103,-333
0,86,97,-345
0,76,92,-349
0,70,97,-345
0,79,104,-342
0,75,105,-340
0,65,105,-336
0,55,103,-327
0,59,96,-321
0,63,95,-327
0,79,95,-329
0,88,103,-336
0,91,107,-340
0,86,108,-346
0,79,103,-343
0,67,100,-343
0,60,99,-340
0,54,103,-336
0,55,102,-343
1,63,99,-328
1,67,103,-324
1,76,105,-329
1,79,105,-333
1,86,105,-345
1,83,108,-345
1,81,100,-345
1,76,97,-348
1,64,97,-344
1,56,99,-336
1,56,105,-337
1,57,107,-328
1,65,112,-320
1,67,103,-322
1,87,99,-336
1,80,103,-330
1,87,103,-338
1,87,103,-344
1,80,103,-349
1,72,104,-344
1,65,103,-340
1,57,103,-340
1,54,111,-335
1,55,108,-330
1,62,102,-327
2,67,96,-325
2,76,103,-329
2,80,105,-332
2,84,112,-338
2,80,111,-344
2,72,108,-349
2,67,108,-345
2,63,104,-344
2,60,103,-336
2,59,108,-336
2,62,107,-333
2,63,108,-319
2,62,103,-324
2,67,103,-328
2,76,103,-336
2,81,108,-338
2,87,107,-345
2,86,108,-351
2,78,103,-353
2,60,105,-348
2,48,102,-340
2,41,108,-336
2,47,108,-324
2,51,105,-316
2,67,108,-324
3,78,108,-324
3,83,108,-336
3,81,102,-343
3,76,103,-349
3,71,99,-349
3,65,99,-346
3,56,99,-343
3,48,92,-338
3,43,97,-338
3,51,103,-324
3,60,112,-322
3,67,103,-324
3,70,97,-329
3,71,92,-333
3,79,97,-340
3,83,102,-351
3,79,99,-353
3,63,96,-352
3,55,88,-345
3,51,92,-340
3,55,97,-336
3,57,96,-328
3,62,92,-321
3,68,94,-328
3,79,96,-325
4,83,100,-328
4,76,95,-338
4,65,89,-349
4,71,89,-356
4,76,92,-349
4,65,96,-349
4,59,96,-346
4,62,102,-337
4,65,102,-336
4,62,92,-324
4,62,83,-324
4,67,83,-330
4,76,88,-328
4,80,96,-336
4,83,99,-345
4,75,99,-351
4,67,97,-356
4,63,95,-351
4,57,100,-345
4,55,102,-341
4,57,97,-335
4,62,94,-324
4,65,91,-321
4,71,94,-325
4,81,99,-328
5,79,97,-336
5,71,88,-345
5,63,91,-353
5,63,97,-353
5,67,105,-345
5,63,107,-343
5,60,105,-340
5,56,100,-329
5,54,96,-319
5,59,89,-320
5,63,88,-324
5,76,94,-333
5,79,103,-337
5,83,112,-349
5,79,119,-352
5,67,104,-349
5,56,96,-348
5,48,96,-340
5,48,97,-336
5,49,97,-320
5,56,99,-320
5,67,111,-322
5,76,112,-330
5,83,112,-336
5,81,112,-345
0,71,103,-353
0,78,104,-354
0,62,102,-349
0,51,103,-340
0,48,108,-336
0,51,108,-325
0,51,103,-319
0,56,103,-324
0,64,102,-328
0,75,103,-338
0,79,99,-337
0,76,103,-349
0,65,104,-349
0,57,105,-349
0,49,104,-344
0,46,103,-338
0,46,103,-340
0,46,102,-329
0,51,108,-322
0,60,104,-324
0,70,103,-328
0,76,103,-336
0,72,107,-345
0,67,105,-351
0,65,97,-356
1,56,96,-348
1,55,97,-340
1,46,105,-336
1,44,115,-330
1,52,115,-328
1,54,112,-327
1,56,108,-324
1,56,102,-320
1,67,97,-330
1,72,103,-345
1,76,103,-356
1,71,103,-356
1,62,108,-353
1,56,105,-351
1,51,103,-340
1,46,99,-336
1,41,94,-328
1,44,96,-321
1,51,99,-320
1,62,104,-321
1,63,108,-327
1,64,107,-336
1,63,104,-345
1,63,111,-346
1,67,110,-345
2,63,112,-344
2,56,105,-341
2,54,96,-340
2,47,97,-336
2,43,102,-335
2,49,111,-333
2,56,112,-333
2,56,107,-337
2,56,89,-337
2,56,89,-343
2,51,103,-345
2,56,127,-338
2,60,121,-335
2,56,107,-336
2,55,97,-336
2,60,92,-332
2,73,97,-343
2,48,103,-345
2,24,94,-340
2,15,100,-352
2,59,99,-340
2,83,110,-335
2,88,107,-330
2,67,103,-333
2,44,99,-333
3,35,108,-333
3,36,112,-335
3,44,110,-336
3,51,104,-329
3,62,102,-336
3,67,95,-330
3,63,94,-335
3,51,97,-336
3,39,96,-333
3,35,92,-340
3,43,88,-336
3,63,103,-336
3,64,113,-337
3,56,113,-340
3,49,104,-349
3,48,92,-349
3,51,83,-352
3,47,83,-344
3,46,95,-343
3,48,103,-336
3,48,111,-333
3,44,115,-335
3,44,102,-336
3,39,92,-336
3,46,87,-340
4,51,92,-338
4,48,96,-336
4,44,104,-336
4,41,105,-340
4,40,112,-346
4,44,105,-345
4,47,95,-345
4,44,88,-338
4,39,99,-336
4,31,103,-324
4,25,108,-317
4,24,104,-328
4,35,103,-333
4,48,108,-340
4,55,103,-345
4,54,105,-349
4,43,105,-348
4,38,103,-344
4,31,99,-345
4,30,97,-335
4,25,95,-324
4,25,96,-322
4,32,96,-328
4,44,103,-332
4,51,112,-336
5,52,115,-345
5,47,116,-349
5,39,110,-353
5,33,96,-353
5,31,88,-341
5,28,88,-335
5,24,96,-319
5,24,104,-317
5,24,112,-320
5,35,112,-333
5,47,112,-343
5,49,104,-349
5,49,96,-352
5,44,92,-353
5,35,96,-349
5,31,99,-340
5,25,104,-330
5,19,105,-320
5,17,110,-317
5,19,107,-324
5,31,107,-333
5,39,112,-343
5,48,105,-345
5,51,103,-353
5,46,97,-356
0,40,103,-353
0,54,108,-344
0,30,102,-328
0,11,99,-313
0,3,108,-317
0,6,108,-325
0,20,115,-340
0,38,113,-353
0,54,111,-353
0,56,99,-353
0,48,96,-352
0,32,88,-345
0,15,92,-336
0,1,99,-320
0,-4,108,-316
0,-9,115,-320
0,11,111,-340
0,27,121,-345
0,44,124,-353
0,56,113,-352
0,55,99,-356
0,39,86,-348
0,15,75,-325
0,-1,79,-320
0,-8,112,-322
1,-7,127,-327
1,7,126,-325
1,19,127,-345
1,32,108,-354
1,46,72,-353
1,40,54,-346
1,41,80,-340
1,39,112,-330
1,32,143,-333
1,25,123,-328
1,15,104,-325
1,-2,111,-348
1,1,105,-343
1,15,91,-340
1,23,95,-337
1,47,100,-341
1,49,108,-344
1,39,112,-336
1,22,111,-328
1,11,107,-328
1,6,102,-319
1,9,96,-324
1,24,104,-333
1,31,110,-338
1,41,111,-344
2,46,111,-349
2,39,105,-356
2,32,103,-356
2,24,95,-353
2,22,96,-343
2,14,100,-333
2,12,103,-325
2,15,97,-317
2,22,102,-321
2,25,103,-329
2,33,103,-329
2,39,103,-337
2,35,100,-345
2,31,102,-352
2,30,103,-354
2,31,102,-346
2,24,103,-343
2,24,103,-336
2,19,104,-330
2,15,102,-328
2,15,99,-319
2,19,96,-325
2,24,96,-333
2,28,96,-337
2,31,105,-341
3,39,108,-348
3,41,108,-353
3,39,103,-356
3,28,99,-351
3,20,99,-341
3,16,105,-329
3,17,108,-328
3,17,103,-324
3,14,102,-321
3,16,99,-321
3,19,99,-327
3,24,99,-336
3,35,105,-349
3,51,115,-353
3,56,115,-360
3,46,115,-356
3,30,110,-349
3,20,102,-340
3,12,103,-332
3,3,104,-319
3,9,99,-313
3,19,97,-320
3,32,103,-324
3,41,112,-321
3,54,120,-349
4,60,124,-364
4,48,112,-356
4,33,108,-356
4,19,103,-345
4,12,104,-333
4,8,105,-320
4,16,110,-311
4,24,107,-306
4,31,112,-319
4,39,108,-328
4,44,103,-333
4,51,104,-344
4,60,94,-364
4,63,92,-361
4,51,92,-361
4,39,100,-353
4,16,104,-337
4,-5,103,-321
4,-13,112,-313
4,-2,112,-320
4,19,112,-328
4,40,103,-340
4,60,99,-351
4,72,103,-361
4,79,103,-365
5,68,97,-354
5,48,89,-348
5,24,83,-338
5,-1,94,-328
5,-16,112,-311
5,-23,126,-305
5,-7,126,-317
5,16,115,-328
5,39,96,-345
5,59,83,-351
5,71,81,-357
5,68,95,-364
5,51,107,-356
5,25,110,-346
5,15,96,-341
5,7,79,-335
5,3,71,-329
5,9,75,-317
5,19,79,-320
5,31,86,-319
5,35,83,-324
5,39,80,-336
5,48,71,-348
5,56,57,-352
5,56,57,-356
0,51,56,-349
0,63,56,-344
0,56,52,-343
0,28,60,-322
0,19,71,-324
0,35,60,-336
0,65,51,-345
0,108,24,-345
0,139,23,-348
0,104,48,-336
0,62,39,-343
0,44,60,-340
0,71,79,-349
0,103,88,-349
0,102,73,-354
0,103,67,-345
0,100,81,-328
0,102,79,-335
0,108,78,-338
0,108,78,-329
0,102,71,-333
0,97,72,-340
0,102,83,-352
0,108,96,-353
0,110,121,-354
1,96,126,-346
1,81,127,-346
1,72,119,-349
1,73,111,-345
1,80,103,-340
1,79,83,-340
1,79,72,-348
1,76,75,-349
1,71,83,-345
1,57,94,-336
1,48,105,-330
1,39,112,-319
1,30,108,-320
1,25,86,-313
1,19,79,-313
1,25,78,-320
1,44,76,-338
1,62,80,-356
1,67,94,-357
1,49,99,-367
1,32,94,-353
1,12,92,-340
1,-2,88,-328
1,-1,71,-324
1,7,63,-309
2,15,47,-306
2,36,48,-320
2,48,63,-322
2,54,80,-328
2,55,89,-344
2,39,110,-351
2,38,99,-341
2,39,86,-340
2,23,83,-338
2,15,71,-340
2,15,57,-329
2,28,56,-322
2,47,67,-330
2,60,86,-338
2,67,95,-341
2,73,102,-340
2,76,108,-343
2,79,105,-348
2,81,96,-349
2,80,87,-343
2,67,88,-341
2,71,96,-340
2,72,97,-333
2,76,89,-324
2,86,79,-322
3,88,79,-333
3,112,79,-337
3,131,67,-340
3,112,83,-337
3,88,97,-333
3,88,100,-333
3,95,99,-333
3,107,87,-340
3,108,71,-354
3,102,76,-352
3,105,79,-346
3,105,80,-349
3,108,84,-353
3,96,76,-353
3,94,72,-356
3,92,78,-351
3,89,79,-345
3,83,86,-346
3,71,95,-340
3,68,102,-336
3,71,97,-327
3,70,97,-321
3,63,89,-319
3,60,81,-324
3,55,96,-328
4,49,110,-338
4,51,112,-346
4,56,110,-348
4,60,97,-345
4,57,99,-345
4,48,102,-340
4,33,99,-317
4,30,104,-317
4,38,107,-319
4,51,108,-325
4,60,113,-333
4,67,119,-345
4,64,118,-345
4,60,107,-354
4,55,99,-352
4,48,96,-349
4,44,103,-338
4,30,112,-322
4,35,113,-317
4,48,115,-322
4,56,108,-327
4,63,112,-336
4,68,116,-345
4,65,112,-351
4,56,108,-352
5,49,103,-351
5,44,104,-345
5,38,105,-336
5,35,112,-317
5,39,113,-313
5,48,110,-321
5,54,108,-328
5,56,110,-333
5,60,118,-348
5,70,115,-349
5,64,105,-354
5,60,99,-353
5,49,99,-348
5,39,102,-337
5,30,104,-316
5,32,108,-313
5,38,115,-317
5,48,113,-321
5,60,120,-330
5,67,120,-346
5,70,113,-353
5,64,105,-356
5,62,99,-353
5,51,99,-344
5,39,97,-341
0,28,103,-327
0,22,84,-317
0,32,112,-320
0,44,126,-321
0,55,132,-329
0,65,132,-345
0,65,121,-353
0,65,110,-354
0,60,96,-354
0,44,103,-346
0,43,91,-337
0,26,94,-321
0,24,99,-313
0,35,115,-317
0,41,124,-325
0,56,131,-330
0,67,139,-353
0,71,127,-353
0,67,112,-353
0,57,103,-356
0,48,97,-353
0,39,92,-338
0,31,96,-328
0,23,99,-308
0,33,112,-313
1,41,121,-320
1,54,135,-329
1,64,142,-344
1,71,131,-353
1,67,118,-353
1,57,105,-354
1,39,104,-336
1,39,103,-336
1,35,103,-332
1,32,96,-317
1,35,92,-311
1,44,99,-324
1,51,108,-328
1,57,120,-336
1,63,124,-336
1,65,127,-353
1,60,119,-356
1,55,107,-356
1,48,94,-345
1,44,92,-337
1,33,95,-325
1,31,102,-311
1,31,115,-309
1,39,121,-319
1,49,135,-328
2,56,135,-337
2,63,126,-353
2,68,113,-359
2,60,102,-359
2,48,97,-353
2,39,97,-343
2,31,96,-328
2,24,96,-313
2,28,108,-312
2,39,115,-320
2,51,126,-327
2,57,139,-338
2,70,140,-346
2,71,124,-356
2,60,103,-356
2,48,92,-354
2,38,88,-345
2,28,92,-335
2,24,96,-313
2,30,103,-309
2,40,115,-320
2,54,127,-324
2,63,135,-335
2,67,131,-349
2,64,118,-354
3,56,104,-359
3,48,96,-351
3,46,89,-349
3,36,91,-333
3,33,92,-316
3,31,104,-312
3,32,116,-313
3,44,127,-322
3,52,134,-333
3,62,132,-349
3,65,116,-360
3,62,99,-360
3,54,92,-353
3,48,89,-343
3,35,88,-333
3,24,92,-311
3,19,102,-312
3,25,119,-320
3,41,136,-328
3,56,147,-340
3,67,136,-351
3,71,115,-354
3,63,99,-356
3,51,91,-352
3,39,87,-343
4,24,83,-324
4,19,99,-312
4,23,108,-313
4,35,120,-324
4,48,135,-330
4,62,143,-344
4,67,135,-353
4,59,115,-360
4,48,99,-357
4,39,88,-349
4,39,88,-340
4,25,88,-317
4,24,97,-308
4,28,111,-313
4,39,126,-325
4,48,137,-329
4,59,136,-343
4,63,124,-356
4,60,107,-356
4,49,97,-353
4,44,96,-351
4,35,96,-338
4,30,95,-328
4,19,99,-312
4,22,108,-312
5,33,120,-324
5,49,134,-333
5,49,140,-343
5,56,134,-356
5,52,115,-357
5,56,96,-357
5,56,79,-354
5,48,79,-345
5,31,96,-319
5,19,115,-309
5,12,120,-314
5,24,131,-328
5,39,135,-330
5,55,136,-345
5,65,123,-352
5,67,108,-356
5,51,99,-353
5,40,95,-348
5,32,96,-329
5,24,103,-311
5,25,110,-308
5,31,113,-317
5,39,126,-324
5,49,131,-338
5,51,127,-348
0,54,121,-360
0,48,108,-345
0,51,104,-351
0,41,96,-349
0,33,99,-320
0,30,103,-311
0,31,97,-313
0,35,110,-324
0,44,127,-330
0,51,143,-341
0,56,135,-356
0,55,124,-356
0,51,111,-356
0,44,100,-351
0,35,94,-324
0,28,96,-308
0,28,99,-313
0,35,103,-324
0,46,115,-328
0,48,131,-343
0,56,134,-353
0,56,131,-353
0,47,121,-353
0,41,118,-346
0,35,105,-338
1,28,99,-327
1,24,91,-305
1,30,89,-313
1,39,103,-320
1,48,119,-325
1,51,131,-344
1,56,131,-369
1,57,124,-364
1,56,120,-360
1,46,110,-352
1,39,103,-340
1,30,102,-324
1,27,99,-306
1,32,100,-312
1,44,108,-330
1,48,121,-336
1,54,127,-341
1,57,129,-351
1,51,127,-356
1,44,123,-356
1,44,112,-345
1,35,108,-341
1,30,103,-322
1,20,103,-306
1,28,99,-308
2,39,110,-317
2,48,123,-330
2,54,129,-348
2,60,131,-354
2,54,120,-359
2,48,115,-356
2,40,111,-349
2,38,108,-338
2,28,103,-319
2,28,102,-305
2,31,103,-308
2,39,108,-317
2,48,120,-329
2,51,126,-345
2,54,126,-353
2,51,120,-360
2,47,112,-360
2,39,111,-352
2,38,108,-340
2,30,103,-320
2,28,104,-305
2,31,103,-308
2,39,113,-314
2,48,124,-328
2,51,127,-345
3,51,116,-360
3,44,110,-360
3,44,115,-360
3,51,120,-353
3,54,120,-337
3,40,110,-320
3,28,103,-304
3,19,99,-305
3,23,104,-319
3,35,119,-324
3,46,129,-345
3,60,131,-360
3,67,120,-361
3,64,112,-359
3,49,110,-352
3,35,105,-336
3,23,100,-312
3,15,102,-304
3,19,105,-306
3,38,112,-317
3,48,124,-328
3,60,127,-345
3,67,124,-362
3,67,119,-365
3,57,120,-356
4,48,115,-353
4,33,112,-338
4,24,102,-313
4,24,96,-308
4,31,99,-308
4,44,112,-320
4,56,126,-330
4,64,132,-354
4,71,131,-360
4,63,124,-362
4,59,118,-356
4,44,108,-346
4,33,103,-336
4,28,99,-313
4,24,103,-308
4,31,103,-313
4,44,110,-320
4,54,121,-333
4,56,127,-345
4,59,127,-360
4,63,121,-361
4,56,119,-357
4,51,112,-349
4,39,105,-340
4,28,99,-320
3,11,108,-336
3,-1,102,-320
3,-4,99,-301
3,6,107,-297
3,15,115,-309
3,32,124,-325
3,39,129,-340
3,48,134,-359
3,46,131,-370
3,40,120,-365
3,28,110,-357
3,20,103,-345
3,14,103,-324
3,7,104,-305
3,7,110,-296
3,12,112,-305
3,25,115,-316
3,35,124,-337
3,46,137,-360
3,47,140,-365
3,43,126,-365
3,39,118,-362
3,24,112,-349
3,19,108,-335
3,15,103,-320
4,7,100,-300
4,9,108,-305
4,15,120,-308
4,31,120,-321
4,41,124,-335
4,56,127,-359
4,60,127,-368
4,54,123,-367
4,39,121,-360
4,28,116,-348
4,16,112,-336
4,9,105,-320
4,12,105,-303
4,19,112,-305
4,31,115,-317
4,44,115,-328
4,48,115,-337
4,52,118,-359
4,48,116,-365
4,44,120,-367
4,38,120,-353
4,32,124,-345
4,25,120,-333
4,17,116,-321
4,15,113,-304
5,12,115,-305
5,24,113,-312
5,35,115,-324
5,41,112,-340
5,48,115,-356
5,63,118,-369
5,59,123,-370
5,44,116,-352
5,32,115,-344
5,16,112,-330
5,4,108,-321
5,3,108,-308
5,15,108,-305
5,32,115,-311
5,44,115,-321
5,48,118,-340
5,51,124,-352
5,54,121,-365
5,47,119,-365
5,31,120,-356
5,30,120,-341
5,23,115,-328
5,15,111,-320
5,15,105,-306
5,16,110,-303
0,28,112,-313
0,22,135,-321
0,35,115,-343
0,44,119,-357
0,48,120,-365
0,52,123,-368
0,49,120,-353
0,40,119,-341
0,30,112,-329
0,6,113,-314
0,7,113,-297
0,0,113,-306
0,14,119,-313
0,30,115,-328
0,44,115,-345
0,56,115,-365
0,64,131,-378
0,65,127,-373
0,44,126,-353
0,23,121,-337
0,12,115,-330
0,1,110,-319
0,0,111,-304
0,15,115,-305
0,17,134,-312
1,40,115,-324
1,55,111,-340
1,57,115,-354
1,56,120,-367
1,51,118,-362
1,39,112,-354
1,35,118,-343
1,23,119,-328
1,15,127,-317
1,14,124,-311
1,12,111,-304
1,15,108,-308
1,30,104,-324
1,36,111,-336
1,49,120,-351
1,56,131,-365
1,56,127,-368
1,48,124,-365
1,32,113,-348
1,20,113,-333
1,11,112,-320
1,7,112,-304
1,8,112,-296
1,17,110,-303
1,31,108,-319
2,44,112,-332
2,54,120,-352
2,64,124,-362
2,62,118,-362
2,56,115,-356
2,32,120,-345
2,15,127,-338
2,17,124,-324
2,15,115,-306
2,19,115,-305
2,32,108,-320
2,44,108,-328
2,55,112,-349
2,67,120,-364
2,65,121,-365
2,57,120,-360
2,46,124,-353
2,31,121,-338
2,22,120,-328
2,19,113,-316
2,16,108,-298
2,19,112,-305
2,27,110,-308
2,44,112,-325
2,54,118,-337
3,60,124,-360
3,63,124,-365
3,63,124,-365
3,54,121,-359
3,33,120,-345
3,15,120,-333
3,17,120,-317
3,19,118,-306
3,24,120,-312
3,36,108,-325
3,48,111,-330
3,55,116,-346
3,60,124,-360
3,64,124,-362
3,60,123,-360
3,51,121,-349
3,30,120,-335
3,22,119,-328
3,19,112,-320
3,17,108,-314
3,27,111,-308
3,35,115,-313
3,46,115,-328
3,51,115,-345
3,52,118,-356
4,56,123,-359
4,54,124,-352
4,44,135,-349
4,35,144,-338
4,33,142,-324
4,24,126,-317
4,24,120,-319
4,28,124,-314
4,35,124,-314
4,38,123,-325
4,41,119,-333
4,44,115,-344
4,47,126,-349
4,46,136,-349
4,48,147,-345
4,48,155,-340
4,48,144,-335
4,44,116,-330
4,32,99,-333
4,14,95,-330
4,28,103,-322
4,39,134,-317
4,47,148,-328
4,56,147,-330
4,59,139,-336
5,64,136,-328
5,68,135,-328
5,63,127,-328
5,62,112,-330
5,47,92,-336
5,39,80,-325
5,35,92,-322
5,48,120,-327
5,64,137,-333
5,81,145,-333
5,92,142,-336
5,89,134,-329
5,76,137,-328
5,70,140,-329
5,67,131,-332
5,64,107,-336
5,67,83,-336
5,64,71,-329
5,73,86,-333
5,75,108,-319
5,84,135,-324
5,99,144,-336
5,103,143,-335
5,103,124,-336
5,92,119,-338
0,83,115,-340
0,79,108,-354
0,79,102,-345
0,76,92,-345
0,78,91,-345
0,87,97,-345
0,96,112,-344
0,99,131,-345
0,102,136,-340
0,63,131,-322
0,87,123,-333
0,87,115,-336
0,94,102,-333
0,99,92,-338
0,103,76,-345
0,96,71,-346
0,79,76,-336
0,72,92,-336
0,71,112,-329
0,72,121,-320
0,80,120,-320
0,94,103,-324
0,99,88,-336
0,99,92,-346
0,96,97,-345
1,94,103,-345
1,86,108,-353
1,76,103,-346
1,70,92,-329
1,71,81,-320
1,76,76,-320
1,73,76,-312
1,79,104,-322
1,79,124,-328
1,83,126,-348
1,86,115,-356
1,88,103,-344
1,88,89,-349
1,86,87,-340
1,96,88,-340
1,102,95,-330
1,92,83,-320
1,54,84,-320
1,28,103,-333
1,49,115,-337
1,89,124,-338
1,112,115,-344
1,111,108,-348
1,107,99,-351
1,89,83,-345
2,63,88,-328
2,49,102,-319
2,59,105,-317
2,83,97,-317
2,97,100,-327
2,105,110,-336
2,99,113,-343
2,95,118,-349
2,83,115,-349
2,75,112,-349
2,71,102,-345
2,67,99,-338
2,71,99,-327
2,72,102,-313
2,79,96,-311
2,88,92,-320
2,95,96,-333
2,97,105,-345
2,95,115,-351
2,88,121,-353
2,84,120,-351
2,75,112,-346
2,71,102,-343
2,63,91,-329
2,63,89,-312
3,71,86,-309
3,88,88,-317
3,97,99,-333
3,102,112,-340
3,99,120,-351
3,91,124,-354
3,80,121,-352
3,71,120,-351
3,63,110,-343
3,65,97,-320
3,65,88,-313
3,80,83,-313
3,92,83,-319
3,103,96,-333
3,99,111,-340
3,92,115,-352
3,83,120,-356
3,72,119,-353
3,71,118,-351
3,71,111,-338
3,72,96,-317
3,76,92,-311
3,88,83,-313
3,99,86,-319
3,99,96,-335
4,95,111,-346
4,88,115,-353
4,83,121,-353
4,75,124,-353
4,76,120,-346
4,73,115,-336
4,76,107,-322
4,75,96,-311
4,76,88,-308
4,88,80,-324
4,95,83,-332
4,100,99,-338
4,97,108,-346
4,89,118,-352
4,80,124,-352
4,76,127,-345
4,67,129,-337
4,67,121,-322
4,71,108,-319
4,76,96,-314
4,80,94,-320
4,88,92,-324
4,95,95,-335
4,102,100,-346
4,95,108,-351
5,88,119,-353
5,79,127,-349
5,70,140,-336
5,70,140,-330
5,70,135,-327
5,71,131,-317
5,71,127,-313
5,76,108,-317
5,79,99,-320
5,88,100,-327
5,97,99,-336
5,103,105,-337
5,102,118,-336
5,92,136,-328
5,81,156,-324
5,71,163,-328
5,67,147,-320
5,65,120,-320
5,73,87,-319
5,89,70,-328
5,112,72,-340
5,123,87,-346
5,127,110,-353
5,115,151,-345
5,108,176,-345
0,103,169,-351
0,100,136,-367
0,94,99,-348
0,83,80,-333
0,83,92,-313
0,104,112,-319
0,127,115,-322
0,147,115,-321
0,142,112,-333
0,128,112,-340
0,111,104,-332
0,102,108,-333
0,107,111,-336
0,107,110,-328
0,107,103,-320
0,103,103,-313
0,99,102,-316
0,110,88,-320
0,124,76,-317
0,135,68,-324
0,143,65,-333
0,143,72,-332
0,131,67,-330
0,120,63,-336
0,115,135,-336
1,124,51,-328
1,167,-61,-349
1,180,-20,-341
1,159,-32,-324
1,160,-55,-322
1,177,-65,-313
1,192,-79,-301
1,195,-100,-301
1,179,-114,-312
1,156,-127,-321
1,151,-132,-320
1,166,-144,-313
1,183,-153,-314
1,184,-136,-304
1,184,-140,-312
1,188,-132,-293
1,185,-130,-281
1,192,-121,-280
1,192,-132,-280
1,193,-144,-287
1,203,-157,-296
1,204,-167,-297
1,195,-169,-296
1,183,-164,-292
1,187,-161,-288
2,191,-160,-288
2,199,-152,-285
2,207,-144,-284
2,214,-141,-279
2,207,-141,-279
2,159,-144,-264
2,193,-148,-273
2,211,-153,-280
2,212,-159,-295
2,203,-157,-298
2,188,-154,-296
2,171,-145,-305
2,159,-138,-305
2,155,-137,-305
2,152,-125,-308
2,153,-125,-305
2,143,-112,-308
2,136,-97,-313
2,147,-77,-328
2,158,-64,-335
2,159,-45,-338
2,147,-33,-321
2,136,-10,-305
2,96,64,-369
2,36,211,-424
3,79,14,-324
3,206,-95,-349
3,239,-7,-324
3,184,76,-336
3,124,108,-332
3,96,126,-285
3,143,131,-297
3,143,113,-320
3,127,99,-321
3,108,88,-320
3,97,81,-320
3,95,79,-320
3,94,94,-332
3,103,115,-333
3,113,131,-320
3,113,135,-313
3,115,116,-324
3,124,96,-336
3,121,71,-343
3,115,60,-336
3,103,55,-337
3,92,63,-340
3,79,81,-341
3,83,99,-335
3,92,108,-333
4,96,103,-328
4,95,97,-317
4,88,103,-314
4,99,103,-330
4,112,103,-343
4,118,89,-345
4,110,76,-348
4,96,67,-346
4,88,73,-344
4,84,84,-337
4,83,92,-340
4,83,92,-333
4,84,88,-320
4,94,86,-320
4,103,73,-328
4,112,79,-337
4,112,83,-349
4,103,84,-354
4,88,83,-359
4,86,80,-353
4,83,83,-345
4,83,81,-336
4,78,88,-336
4,71,88,-317
4,71,84,-317
5,79,79,-320
5,92,73,-329
5,103,75,-337
5,111,76,-345
5,104,71,-353
5,96,65,-359
5,89,64,-353
5,83,71,-338
5,76,72,-332
5,67,76,-333
5,72,76,-321
5,81,79,-324
5,88,70,-330
5,116,63,-336
5,120,63,-340
5,112,60,-345
5,96,64,-346
5,87,81,-353
5,83,88,-351
5,87,89,-340
5,96,87,-333
5,108,87,-329
5,131,84,-335
5,158,92,-345
5,177,49,-370
0,172,-7,-361
0,121,-10,-304
0,76,24,-319
0,70,80,-328
0,105,115,-335
0,137,94,-356
0,140,88,-360
0,143,83,-352
0,136,60,-353
0,128,55,-345
0,94,49,-353
0,87,63,-354
0,83,96,-360
0,83,134,-353
0,76,153,-351
0,54,155,-344
0,35,151,-337
0,19,131,-314
0,20,97,-301
0,24,76,-313
0,24,51,-333
0,17,49,-353
0,15,56,-365
0,-1,67,-372
0,-18,71,-356
1,-28,67,-335
1,-36,59,-308
1,-47,60,-287
1,-63,72,-280
1,-72,72,-296
1,-74,39,-306
1,-74,7,-289
1,-61,-16,-327
1,-49,-28,-340
1,-52,-15,-349
1,-56,15,-345
1,-72,55,-340
1,-87,113,-336
1,-112,156,-308
1,-104,142,-301
1,-111,76,-309
1,-96,33,-312
1,-68,-4,-308
1,-55,-42,-311
1,-58,-58,-308
1,-80,-20,-335
1,-93,31,-344
1,-92,72,-349
1,-80,115,-337
1,-74,92,-324
2,-81,48,-320
2,-88,12,-297
2,-89,6,-297
2,-85,28,-314
2,-74,48,-328
2,-64,67,-345
2,-61,63,-353
2,-68,60,-353
2,-72,56,-345
2,-77,63,-327
2,-80,60,-327
2,-82,51,-324
2,-81,39,-320
2,-81,41,-312
2,-72,51,-313
2,-65,49,-325
2,-58,56,-333
2,-52,59,-340
2,-50,57,-351
2,-61,60,-360
2,-72,67,-352
2,-74,75,-340
2,-68,71,-330
2,-66,60,-321
2,-66,43,-317
3,-68,32,-306
3,-68,39,-303
3,-63,48,-317
3,-57,60,-324
3,-53,63,-346
3,-52,65,-356
3,-52,63,-360
3,-58,70,-356
3,-63,70,-346
3,-66,67,-336
3,-64,56,-324
3,-64,43,-322
3,-64,38,-309
3,-64,39,-303
3,-61,40,-313
3,-52,51,-324
3,-47,57,-338
3,-42,62,-354
3,-48,67,-353
3,-60,73,-352
3,-72,73,-348
3,-68,65,-337
3,-64,52,-324
3,-61,38,-319
3,-57,39,-305
4,-52,41,-308
4,-49,48,-317
4,-45,63,-330
4,-42,71,-348
4,-44,67,-360
4,-52,70,-354
4,-57,78,-352
4,-56,71,-344
4,-57,67,-333
4,-57,60,-328
4,-57,54,-317
4,-50,48,-308
4,-52,48,-313
4,-47,51,-324
4,-36,60,-341
4,-33,57,-360
4,-33,65,-359
4,-49,79,-353
4,-52,79,-351
4,-56,76,-336
4,-55,62,-328
4,-55,46,-320
4,-48,39,-304
4,-41,40,-308
4,-40,54,-320
5,-36,67,-335
5,-32,67,-348
5,-28,65,-359
5,-39,73,-365
5,-47,79,-356
5,-49,80,-340
5,-49,78,-333
5,-49,62,-325
5,-48,44,-320
5,-41,41,-308
5,-36,48,-313
5,-33,56,-322
5,-29,67,-336
5,-26,67,-349
5,-25,70,-362
5,-41,76,-362
5,-49,76,-357
5,-48,75,-338
5,-42,71,-330
5,-40,55,-329
5,-40,44,-314
5,-36,44,-308
5,-32,44,-314
5,-26,52,-320
5,-25,56,-336
0,-29,65,-353
0,-33,81,-377
0,-32,76,-369
0,-34,71,-360
0,-33,63,-345
0,-37,60,-333
0,-42,51,-322
0,-40,46,-308
0,-26,46,-308
0,-16,47,-320
0,-9,49,-328
0,-15,60,-343
0,-24,70,-351
0,-20,80,-345
0,-10,84,-337
0,3,79,-337
0,-4,64,-328
0,-10,60,-330
0,-16,57,-317
0,-16,54,-317
0,-9,49,-322
0,6,63,-336
0,31,56,-345
0,48,57,-353
0,51,80,-351
1,48,94,-349
1,44,89,-345
1,39,79,-340
1,31,64,-333
1,22,56,-324
1,31,51,-319
1,51,55,-322
1,64,65,-329
1,78,86,-340
1,83,108,-343
1,80,108,-346
1,83,95,-352
1,95,71,-353
1,96,80,-353
1,95,79,-349
1,102,63,-344
1,103,62,-336
1,99,62,-328
1,108,67,-328
1,120,71,-336
1,131,63,-344
1,140,72,-345
1,143,79,-345
1,152,89,-340
1,148,83,-338
2,140,67,-338
2,131,51,-327
2,135,48,-321
2,144,48,-330
2,153,49,-340
2,156,48,-346
2,151,41,-343
2,136,51,-344
2,132,60,-336
2,132,65,-338
2,126,57,-340
2,121,44,-330
2,120,35,-320
2,124,44,-319
2,121,47,-313
2,124,48,-322
2,119,54,-328
2,115,57,-336
2,113,56,-337
2,107,51,-340
2,105,46,-346
2,110,52,-349
2,107,56,-329
2,97,64,-320
2,88,63,-336
3,89,63,-343
3,104,77,-344
3,121,79,-344
3,123,80,-340
3,112,86,-340
3,99,89,-340
3,92,88,-349
3,86,79,-340
3,81,75,-324
3,92,68,-317
3,88,71,-324
3,107,81,-337
3,121,95,-343
3,135,108,-345
3,136,100,-338
3,120,92,-336
3,107,83,-336
3,92,80,-337
3,79,84,-321
3,79,102,-321
3,89,113,-319
3,110,124,-325
3,126,120,-337
3,137,104,-341
3,137,92,-338
4,124,92,-336
4,112,103,-337
4,96,120,-335
4,89,120,-324
4,83,120,-321
4,91,120,-320
4,102,120,-320
4,120,127,-325
4,131,135,-325
4,134,131,-328
4,123,120,-329
4,115,103,-329
4,110,96,-330
4,104,103,-327
4,99,113,-317
4,99,132,-311
4,107,135,-311
4,112,131,-320
4,131,112,-322
4,137,108,-328
4,135,115,-330
4,134,126,-332
4,112,127,-324
4,111,132,-329
4,116,120,-327
5,111,119,-325
5,108,127,-325
5,120,134,-327
5,126,140,-322
5,127,145,-330
5,127,140,-340
5,139,127,-344
5,150,120,-343
5,143,112,-335
5,102,112,-324
5,89,126,-319
5,102,140,-319
5,121,124,-320
5,135,120,-329
5,152,108,-333
5,159,126,-340
5,143,140,-340
5,104,145,-336
5,120,127,-328
5,115,116,-328
5,112,111,-321
5,104,112,-317
5,112,119,-314
5,124,124,-317
5,143,131,-321
1,99,124,-340
1,103,127,-333
1,103,127,-324
1,96,124,-317
1,92,120,-313
1,99,121,-313
1,112,124,-320
1,127,126,-322
1,143,126,-330
1,135,131,-340
1,126,135,-344
1,112,135,-337
1,96,134,-336
1,92,127,-325
1,96,124,-314
1,104,127,-312
1,111,134,-310
1,112,126,-317
1,120,127,-324
1,134,131,-333
1,140,140,-336
1,127,135,-343
1,113,139,-340
1,103,135,-335
1,96,131,-324
2,99,126,-317
2,97,124,-317
2,105,131,-314
2,112,127,-313
2,124,131,-320
2,136,135,-330
2,137,135,-333
2,129,135,-340
2,115,135,-340
2,99,136,-335
2,92,135,-328
2,96,131,-320
2,99,124,-314
2,103,124,-314
2,113,127,-314
2,124,129,-320
2,127,137,-328
2,136,142,-336
2,126,140,-344
2,115,140,-337
2,99,143,-333
2,96,137,-324
2,96,132,-319
2,97,124,-313
2,103,120,-314
3,118,120,-319
3,131,127,-321
3,127,136,-329
3,126,145,-336
3,120,147,-344
3,113,145,-336
3,100,143,-330
3,95,135,-320
3,92,126,-319
3,94,119,-313
3,103,120,-317
3,118,119,-316
3,123,127,-322
3,127,135,-332
3,126,140,-338
3,118,140,-340
3,105,140,-338
3,96,140,-336
3,94,143,-324
3,92,134,-320
3,94,120,-314
3,94,120,-316
3,102,119,-321
3,110,118,-324
3,121,124,-330
4,126,135,-336
4,124,131,-340
4,115,129,-341
4,103,129,-336
4,92,127,-327
4,83,127,-320
4,79,124,-317
4,83,121,-316
4,94,119,-320
4,108,119,-324
4,131,120,-336
4,136,124,-340
4,127,127,-353
4,105,134,-349
4,91,135,-338
4,80,137,-328
4,80,131,-317
4,83,127,-317
4,88,120,-317
4,96,120,-320
4,110,112,-330
4,112,120,-330
4,115,119,-343
4,115,120,-348
4,111,120,-349
5,97,124,-345
5,88,134,-333
5,76,131,-324
5,72,127,-320
5,70,127,-319
5,76,126,-317
5,83,115,-327
5,96,115,-329
5,110,118,-338
5,120,124,-345
5,110,127,-345
5,89,131,-340
5,75,135,-335
5,67,137,-327
5,64,142,-321
5,67,131,-314
5,68,115,-313
5,76,110,-320
5,89,121,-322
5,103,129,-329
5,110,131,-336
5,96,131,-341
5,88,129,-341
5,79,143,-336
5,68,142,-333
0,60,132,-328
0,48,115,-282
0,65,129,-308
0,88,132,-319
0,83,121,-320
0,88,118,-327
0,95,127,-334
0,102,136,-344
0,99,143,-345
0,83,142,-341
0,71,136,-333
0,60,140,-328
0,62,136,-322
0,63,135,-320
0,72,131,-319
0,78,120,-317
0,84,119,-324
0,94,115,-328
0,99,131,-338
0,97,140,-345
0,87,143,-340
0,70,143,-337
0,56,139,-332
0,62,131,-322
0,63,134,-317
1,72,137,-313
1,76,135,-316
1,80,127,-320
1,88,134,-324
1,99,137,-337
1,96,131,-343
1,88,134,-345
1,79,137,-341
1,68,136,-336
1,67,137,-328
1,67,135,-324
1,67,135,-319
1,71,137,-314
1,76,131,-316
1,80,134,-333
1,102,142,-335
1,103,142,-340
1,96,140,-345
1,87,140,-349
1,72,135,-344
1,70,131,-336
1,63,132,-327
1,62,137,-317
1,63,142,-306
1,71,134,-309
2,81,136,-313
2,99,143,-321
2,103,140,-332
2,99,137,-345
2,89,135,-349
2,75,131,-346
2,67,131,-338
2,67,135,-329
2,71,139,-320
2,68,143,-313
2,68,143,-306
2,72,140,-314
2,80,135,-320
2,96,137,-330
2,103,135,-340
2,99,134,-345
2,89,134,-345
2,76,135,-340
2,67,137,-336
2,64,140,-327
2,67,140,-319
2,63,143,-313
2,64,134,-308
2,76,135,-317
2,95,139,-327
3,108,137,-332
3,108,135,-344
3,96,135,-346
3,79,135,-349
3,67,137,-336
3,62,145,-330
3,60,142,-321
3,63,134,-313
3,71,127,-306
3,79,131,-313
3,84,127,-322
3,96,135,-330
3,103,140,-343
3,89,143,-349
3,79,142,-353
3,70,143,-348
3,70,135,-336
3,67,134,-328
3,68,129,-322
3,67,124,-313
3,67,121,-317
3,73,120,-317
3,79,126,-327
3,91,127,-333
3,96,135,-337
4,88,135,-344
4,80,135,-343
4,70,131,-338
4,64,135,-336
4,62,127,-330
4,57,124,-324
4,56,126,-321
4,67,124,-317
4,71,126,-322
4,84,127,-328
4,92,131,-336
4,94,126,-340
4,88,127,-345
4,79,127,-345
4,71,129,-343
4,62,127,-335
4,59,124,-329
4,57,121,-320
4,62,120,-317
4,67,123,-317
4,73,123,-324
4,78,124,-328
4,81,124,-332
4,88,131,-340
4,89,134,-349
5,81,131,-349
5,71,131,-344
5,62,127,-333
5,56,126,-328
5,56,121,-324
5,55,120,-319
5,56,116,-317
5,68,120,-322
5,83,121,-328
5,91,124,-336
5,88,131,-340
5,83,132,-345
5,73,135,-345
5,63,132,-343
5,55,127,-336
5,49,123,-328
5,52,127,-324
5,56,127,-317
5,63,124,-319
5,71,120,-317
5,78,121,-328
5,88,119,-336
5,88,127,-344
5,80,127,-348
5,68,127,-349
0,60,127,-345
0,57,129,-343
0,51,126,-328
0,48,127,-320
0,56,127,-317
0,64,124,-320
0,67,120,-324
0,72,115,-332
0,79,124,-340
0,96,136,-345
0,80,126,-346
0,67,113,-349
0,60,112,-344
0,52,120,-335
0,48,127,-330
0,48,126,-320
0,63,124,-313
0,65,120,-324
0,67,120,-328
0,65,120,-336
0,57,121,-336
0,56,120,-332
0,56,134,-349
0,63,135,-351
0,56,112,-345
1,56,104,-340
1,71,118,-333
1,96,127,-317
1,102,137,-324
1,60,118,-330
1,19,103,-320
1,19,121,-340
1,48,135,-338
1,75,143,-336
1,83,126,-338
1,70,112,-340
1,63,108,-340
1,51,118,-335
1,41,127,-328
1,41,135,-322
1,56,131,-322
1,67,121,-324
1,68,115,-327
1,67,115,-332
1,70,124,-330
1,67,127,-340
1,67,131,-344
1,67,124,-346
1,56,123,-343
1,49,124,-337
2,44,126,-332
2,40,127,-329
2,41,127,-317
2,52,124,-317
2,60,121,-324
2,67,124,-324
2,75,124,-333
2,78,127,-336
2,67,124,-345
2,57,127,-352
2,56,127,-349
2,51,124,-340
2,46,124,-329
2,39,134,-329
2,41,131,-319
2,47,126,-317
2,56,124,-319
2,70,119,-329
2,79,120,-336
2,73,123,-345
2,67,134,-349
2,60,143,-349
2,51,144,-345
2,47,144,-336
2,40,140,-327
3,39,127,-324
3,39,112,-321
3,41,108,-319
3,56,108,-324
3,67,120,-327
3,72,135,-333
3,76,143,-343
3,65,151,-346
3,59,152,-349
3,51,145,-345
3,43,134,-340
3,35,121,-328
3,38,118,-324
3,40,111,-321
3,46,113,-320
3,51,120,-319
3,57,123,-324
3,67,131,-336
3,72,139,-343
3,76,140,-349
3,71,142,-349
3,60,135,-345
3,40,135,-336
3,28,127,-329
3,32,118,-320
4,39,104,-320
4,48,103,-320
4,67,112,-325
4,78,126,-332
4,76,129,-336
4,63,137,-340
4,62,127,-345
4,63,115,-354
4,64,92,-365
4,71,96,-359
4,63,116,-340
4,54,135,-333
4,48,135,-336
4,51,115,-330
4,63,104,-328
4,67,103,-325
4,71,105,-328
4,71,105,-328
4,71,108,-328
4,71,110,-335
4,68,107,-338
4,59,110,-345
4,63,105,-345
4,60,96,-343
4,60,91,-338
5,59,94,-336
5,54,99,-328
5,51,108,-327
5,56,112,-328
5,63,118,-330
5,71,115,-336
5,71,108,-340
5,65,103,-345
5,57,92,-346
5,48,86,-338
5,41,92,-340
5,33,95,-338
5,28,96,-345
5,32,95,-337
5,33,89,-333
5,39,92,-332
5,46,95,-333
5,51,102,-336
5,51,103,-340
5,51,99,-349
5,41,99,-356
5,31,92,-360
5,31,88,-360
5,28,86,-368
5,24,83,-369
0,17,76,-356
0,16,81,-338
0,12,92,-346
0,15,113,-362
0,31,124,-362
0,43,118,-352
0,25,100,-349
0,3,96,-344
0,-9,97,-336
0,-33,91,-321
0,-16,83,-311
0,-32,83,-292
0,-41,84,-284
0,-33,89,-292
0,-16,96,-298
0,-8,99,-303
0,-9,110,-309
0,-20,110,-324
0,-23,105,-336
0,-25,105,-336
0,-25,108,-329
0,-47,111,-327
0,-57,112,-330
0,-49,112,-333
0,-33,99,-321
1,-26,99,-320
1,-29,105,-322
1,-31,113,-328
1,-25,112,-335
1,-25,104,-344
1,-31,102,-346
1,-32,110,-345
1,-32,115,-336
1,-40,115,-327
1,-39,112,-324
1,-37,112,-324
1,-33,104,-317
1,-36,103,-317
1,-32,102,-329
1,-20,104,-340
1,-20,111,-336
1,-24,110,-340
1,-28,115,-344
1,-26,113,-344
1,-29,112,-340
1,-34,112,-333
1,-40,110,-324
1,-40,108,-320
1,-40,104,-316
1,-36,100,-316
2,-26,110,-324
2,-24,115,-330
2,-24,112,-335
2,-24,111,-340
2,-20,108,-345
2,-24,112,-349
2,-25,113,-340
2,-28,111,-336
2,-40,111,-328
2,-45,115,-322
2,-40,115,-320
2,-36,113,-314
2,-32,112,-321
2,-25,112,-322
2,-17,112,-330
2,-15,111,-343
2,-16,113,-352
2,-17,116,-351
2,-25,115,-345
3,-20,131,-320
3,-1,134,-325
3,3,119,-332
3,-8,108,-344
3,-25,103,-348
3,-37,103,-351
3,-32,112,-344
3,-29,124,-337
3,-24,124,-328
3,-25,121,-317
3,-24,108,-314
3,-20,108,-321
3,-16,108,-330
3,-13,115,-338
3,-8,121,-349
3,-5,124,-353
3,-8,118,-353
3,-13,112,-345
3,-26,108,-335
3,-34,108,-324
3,-40,111,-313
3,-45,110,-301
3,-42,110,-308
3,-29,110,-320
3,-18,113,-329
4,-10,124,-337
4,-7,126,-352
4,-7,120,-359
4,-16,112,-356
4,-24,107,-345
4,-32,108,-333
4,-40,115,-322
4,-40,115,-309
4,-42,124,-305
4,-36,120,-312
4,-28,112,-324
4,-20,112,-329
4,-16,112,-344
4,-9,115,-353
4,-12,115,-359
4,-18,120,-351
4,-25,115,-338
4,-36,119,-332
4,-49,120,-321
4,-55,112,-306
4,-52,112,-305
4,-32,104,-314
4,-16,110,-321
4,-10,118,-335
4,-4,124,-349
5,-4,124,-357
5,-15,112,-359
5,-25,103,-353
5,-36,102,-345
5,-40,104,-328
5,-45,112,-317
5,-45,120,-304
5,-40,120,-305
5,-26,120,-317
5,-20,115,-322
5,-20,115,-337
5,-13,115,-353
5,-8,112,-359
5,-15,108,-351
5,-25,103,-344
5,-40,103,-332
5,-47,108,-327
5,-48,113,-312
5,-40,118,-308
5,-29,118,-313
5,-24,108,-320
5,-25,104,-333
5,-15,108,-340
5,-10,112,-353
5,-20,113,-354
0,-25,119,-346
0,-13,119,-346
0,-34,113,-336
0,-40,105,-328
0,-36,108,-313
0,-32,113,-306
0,-25,112,-314
0,-25,112,-322
0,-18,116,-333
0,-20,112,-338
0,-18,113,-356
0,-20,113,-353
0,-21,112,-348
0,-28,110,-344
0,-34,103,-330
0,-39,103,-314
0,-33,118,-308
0,-29,119,-314
0,-25,115,-320
0,-24,112,-328
0,-20,112,-337
0,-15,118,-351
0,-13,118,-353
0,-18,111,-349
0,-29,111,-341
1,-34,108,-336
1,-42,115,-320
1,-44,121,-306
1,-34,121,-306
1,-21,115,-319
1,-16,111,-329
1,-16,115,-338
1,-13,115,-352
1,-16,112,-351
1,-20,112,-348
1,-25,105,-340
1,-36,111,-330
1,-40,112,-324
1,-45,118,-308
1,-45,119,-305
1,-29,119,-320
1,-20,112,-328
1,-13,110,-336
1,-8,113,-352
1,-9,115,-354
1,-20,112,-349
1,-29,112,-344
1,-40,108,-330
1,-45,108,-320
1,-48,112,-306
2,-47,120,-303
2,-32,120,-309
2,-18,110,-324
2,-12,110,-333
2,-12,112,-352
2,-16,120,-360
2,-28,115,-357
2,-29,112,-348
2,-26,102,-336
2,-40,102,-325
2,-40,105,-311
2,-47,115,-298
2,-33,120,-305
2,-25,120,-314
2,-16,120,-328
2,-13,120,-340
2,-13,120,-360
2,-18,112,-362
2,-23,111,-356
2,-25,105,-345
2,-33,105,-333
2,-39,105,-317
2,-45,105,-303
2,-45,112,-301
2,-36,119,-308
3,-24,121,-322
3,-8,118,-336
3,-7,116,-356
3,-8,115,-361
3,-16,115,-356
3,-18,118,-345
3,-31,121,-332
3,-41,124,-306
3,-49,118,-297
3,-41,105,-301
3,-29,99,-312
3,-13,107,-324
3,-4,124,-338
3,6,136,-352
3,7,119,-353
3,-4,121,-349
3,-13,126,-344
3,-25,127,-336
3,-32,131,-324
3,-31,121,-308
3,-29,113,-308
3,-13,112,-317
3,-1,115,-328
3,8,121,-344
3,19,134,-353
4,9,127,-357
4,-1,126,-356
4,-8,120,-346
4,-9,120,-341
4,-15,123,-319
4,-16,120,-305
4,-16,118,-308
4,-8,119,-320
4,4,120,-328
4,9,124,-336
4,14,124,-349
4,8,124,-353
4,3,121,-351
4,-5,120,-343
4,-18,124,-333
4,-29,127,-320
4,-40,126,-309
4,-29,113,-319
4,-10,107,-330
4,11,108,-337
4,24,112,-343
4,31,119,-346
4,15,119,-348
4,-8,115,-340
4,-23,124,-338
5,-40,121,-328
5,-49,124,-313
5,-41,121,-313
5,-24,115,-320
5,-1,115,-333
5,23,118,-338
5,33,120,-352
5,25,115,-352
5,3,112,-348
5,-15,108,-340
5,-29,111,-333
5,-39,118,-317
5,-40,131,-305
5,-32,131,-306
5,-13,121,-327
5,12,115,-336
5,28,115,-345
5,35,116,-353
5,19,118,-353
5,-4,115,-346
5,-16,112,-340
5,-29,105,-333
5,-32,115,-321
5,-36,127,-308
5,-20,135,-313
0,-1,131,-322
0,24,131,-336
0,33,120,-345
0,17,112,-349
0,7,115,-349
0,-8,113,-346
0,-17,113,-343
0,-26,121,-328
0,-25,120,-320
0,-32,143,-313
0,-21,118,-313
0,-8,110,-324
0,7,112,-328
0,20,120,-344
0,23,120,-354
0,14,124,-356
0,-9,140,-346
0,-13,131,-344
0,-18,123,-335
0,-24,127,-317
0,-29,126,-305
0,-18,120,-308
0,-5,112,-322
0,8,115,-329
0,19,116,-351
1,15,121,-353
1,7,120,-354
1,-1,118,-346
1,-5,120,-343
1,-15,126,-336
1,-20,131,-320
1,-20,127,-313
1,-16,121,-314
1,-8,115,-317
1,-1,113,-327
1,14,113,-343
1,15,115,-359
1,12,118,-359
1,7,124,-353
1,-2,131,-345
1,-14,131,-335
1,-23,132,-314
1,-31,126,-305
1,-25,120,-308
1,-8,112,-319
1,7,112,-332
1,15,113,-345
1,23,119,-353
1,16,119,-357
1,7,118,-354
2,-7,121,-345
2,-20,120,-333
2,-29,124,-313
2,-36,126,-304
2,-24,124,-309
2,-8,118,-317
2,7,119,-328
2,14,115,-341
2,16,116,-353
2,11,115,-354
2,-2,116,-351
2,-8,119,-344
2,-20,115,-335
2,-31,120,-321
2,-36,124,-306
2,-25,121,-305
2,-8,119,-314
2,3,119,-325
2,12,120,-340
2,15,115,-353
2,7,112,-360
2,-4,103,-359
2,-15,108,-346
2,-23,112,-335
2,-32,120,-319
3,-36,120,-304
3,-29,115,-313
3,-13,115,-320
3,4,110,-328
3,15,115,-344
3,15,118,-353
3,12,115,-356
3,3,113,-354
3,-4,111,-346
3,-16,103,-340
3,-25,99,-320
3,-28,112,-305
3,-29,120,-304
3,-23,118,-313
3,-8,108,-328
3,9,104,-343
3,22,104,-353
3,20,105,-357
3,15,112,-356
3,3,116,-353
3,-8,120,-346
3,-13,118,-328
3,-20,113,-313
3,-23,108,-308
3,-13,96,-314
4,-5,96,-327
4,12,97,-340
4,24,95,-343
4,23,96,-352
4,27,88,-353
4,19,81,-351
4,1,81,-343
4,-8,92,-333
4,-10,99,-317
4,-1,94,-320
4,7,75,-329
4,12,65,-340
4,14,76,-346
4,16,99,-364
4,24,110,-353
4,19,111,-340
4,25,103,-346
4,31,95,-346
4,20,84,-344
4,11,91,-333
4,3,112,-322
4,-8,121,-314
4,-17,112,-320
4,-12,83,-336
4,6,71,-344
5,27,79,-343
5,43,96,-340
5,54,113,-346
5,46,120,-344
5,27,115,-324
5,12,112,-322
5,16,112,-336
5,25,110,-328
5,27,110,-333
5,32,107,-345
5,47,94,-346
5,47,88,-356
5,41,92,-370
5,38,83,-365
5,14,83,-353
5,-2,89,-335
5,-7,96,-320
5,7,103,-317
5,19,99,-322
5,33,84,-340
5,44,76,-343
5,39,75,-335
5,47,78,-340
5,48,79,-351
5,40,87,-344
0,22,103,-327
0,28,112,-324
0,30,124,-327
0,35,135,-328
0,31,132,-328
0,30,112,-333
0,24,84,-336
0,23,80,-332
0,25,88,-338
0,24,96,-336
0,22,103,-330
0,30,112,-333
0,49,120,-340
0,49,121,-340
0,49,112,-340
0,47,95,-338
0,46,79,-340
0,49,76,-349
0,48,83,-353
0,49,92,-345
0,44,102,-329
0,40,103,-322
0,48,97,-328
0,57,96,-325
0,70,97,-327
1,76,99,-338
1,79,112,-336
1,71,126,-341
1,67,136,-345
1,65,124,-345
1,56,103,-360
1,46,95,-337
1,51,96,-325
1,60,112,-328
1,76,134,-336
1,88,135,-337
1,89,120,-348
1,81,110,-353
1,70,108,-354
1,41,115,-338
1,25,135,-333
1,35,145,-328
1,67,144,-328
1,107,131,-340
1,115,112,-349
1,92,102,-345
1,71,99,-345
1,56,107,-338
1,43,120,-336
1,46,131,-328
3,64,99,-352
3,55,103,-349
3,47,116,-343
3,48,136,-338
3,46,135,-341
3,30,112,-341
3,30,102,-353
3,31,94,-336
3,30,96,-320
3,47,111,-320
3,55,118,-320
3,54,120,-322
3,44,120,-325
3,44,108,-336
3,40,108,-336
3,40,105,-329
3,39,96,-324
3,24,91,-330
3,7,96,-324
3,-1,115,-312
3,-4,145,-321
3,19,159,-327
3,44,135,-343
3,62,118,-359
3,63,92,-364
4,48,63,-353
4,28,56,-353
4,8,73,-346
4,-4,99,-344
4,-1,127,-328
4,7,144,-313
4,12,153,-313
4,24,137,-317
4,33,108,-329
4,33,83,-344
4,33,72,-349
4,38,71,-356
4,31,79,-351
4,19,92,-351
4,8,108,-343
4,3,120,-335
4,-4,131,-317
4,-4,134,-314
4,7,124,-321
4,23,99,-330
4,35,86,-343
4,44,80,-356
4,46,73,-354
4,24,76,-353
4,7,89,-352
5,-2,103,-344
5,-4,118,-340
5,3,126,-325
5,3,126,-313
5,6,124,-314
5,11,108,-322
5,15,94,-336
5,30,81,-345
5,31,76,-351
5,22,81,-353
5,14,94,-353
5,3,111,-340
5,-2,126,-341
5,-1,136,-333
5,-2,135,-313
5,-8,127,-309
5,-4,119,-316
5,7,104,-330
5,19,94,-344
5,31,87,-345
5,30,92,-345
5,15,104,-345
5,3,124,-341
5,-9,143,-337
5,-18,147,-329
0,-18,143,-321
0,-8,127,-333
0,12,113,-329
0,24,104,-333
0,33,97,-344
0,28,99,-345
0,12,112,-340
0,-2,124,-338
0,-7,135,-337
0,-1,159,-333
0,-8,148,-329
0,1,150,-320
0,11,148,-314
0,22,134,-313
0,24,120,-330
0,28,104,-336
0,22,92,-353
0,23,99,-349
0,28,126,-337
0,28,156,-320
0,19,180,-313
0,14,179,-317
0,3,174,-305
0,1,168,-311
0,24,147,-317
1,44,131,-327
1,56,129,-328
1,63,135,-330
1,64,137,-335
1,51,155,-336
1,31,174,-343
1,30,187,-329
1,32,192,-314
1,30,201,-317
1,39,188,-320
1,54,176,-320
1,67,160,-324
1,78,143,-330
1,78,137,-335
1,75,148,-340
1,54,168,-345
1,49,183,-344
1,44,198,-336
1,40,204,-328
1,46,199,-316
1,49,192,-314
1,55,190,-314
1,57,174,-322
1,87,135,-322
1,99,115,-329
2,76,143,-332
2,56,167,-330
2,48,192,-324
2,47,208,-317
2,49,216,-317
2,51,199,-320
2,55,176,-316
2,51,159,-313
2,51,158,-313
2,62,159,-313
2,79,169,-316
2,84,176,-324
2,78,179,-324
2,60,188,-322
2,48,199,-321
2,48,196,-317
2,51,192,-317
2,55,184,-316
2,56,176,-316
2,56,172,-313
3,67,174,-324
3,51,175,-322
3,51,179,-327
3,52,185,-313
3,51,199,-309
3,62,201,-312
3,70,199,-316
3,60,180,-317
3,57,166,-321
3,59,163,-321
3,60,159,-322
3,63,163,-324
3,70,176,-324
3,68,188,-322
3,62,190,-319
3,59,188,-317
3,56,184,-317
3,60,183,-320
3,60,190,-322
3,63,188,-317
3,67,184,-317
3,63,172,-317
3,57,166,-321
3,60,171,-319
3,63,179,-320
4,75,190,-321
4,70,191,-319
4,60,184,-319
4,55,182,-320
4,56,179,-320
4,54,175,-316
4,67,179,-317
4,81,184,-316
4,88,184,-319
4,73,184,-319
4,51,174,-320
4,31,167,-316
4,38,176,-317
4,59,183,-314
4,83,185,-319
4,88,185,-321
4,79,185,-321
4,63,179,-324
4,63,177,-324
4,63,171,-327
4,65,167,-324
4,67,172,-328
4,56,180,-321
4,48,188,-309
4,48,195,-304
5,56,204,-301
5,71,200,-306
5,76,187,-314
5,70,171,-320
5,62,163,-330
5,48,163,-322
5,41,177,-308
5,46,195,-306
5,60,199,-313
5,76,191,-319
5,75,179,-320
5,65,177,-327
5,60,191,-322
5,54,199,-303
5,48,198,-303
5,59,200,-306
5,78,201,-314
5,83,195,-311
5,78,184,-312
5,63,180,-313
5,56,192,-322
5,57,217,-332
5,67,248,-312
5,79,262,-308
5,86,240,-311
0,86,199,-308
0,103,174,-322
0,108,164,-319
0,64,172,-308
0,31,206,-314
0,46,239,-311
0,83,271,-292
0,99,268,-289
0,91,241,-301
0,49,207,-313
0,92,180,-321
0,79,167,-328
0,57,172,-321
0,54,199,-316
0,43,240,-306
0,79,223,-308
0,110,190,-317
0,60,216,-289
0,56,208,-297
0,62,192,-308
0,64,185,-312
0,83,184,-321
0,96,184,-324
0,88,192,-324
0,72,195,-313
1,62,199,-317
1,56,192,-320
1,51,190,-306
1,51,190,-303
1,60,192,-308
1,78,188,-317
1,94,184,-317
1,103,176,-317
1,96,163,-320
1,79,163,-328
1,63,174,-325
1,54,179,-320
1,47,183,-320
1,60,184,-308
1,64,184,-306
1,84,167,-317
1,103,163,-321
1,107,156,-324
1,94,151,-321
1,79,152,-324
1,71,150,-330
1,63,159,-322
1,68,174,-321
1,71,176,-314
1,75,167,-308
2,79,156,-313
2,91,153,-316
2,94,153,-320
2,92,150,-325
2,88,140,-330
2,86,140,-336
2,83,139,-333
2,73,147,-329
2,71,159,-335
2,73,160,-322
2,76,153,-312
2,87,143,-317
2,97,144,-324
2,103,135,-333
2,96,131,-335
2,88,135,-337
2,87,137,-336
2,80,136,-333
2,76,134,-336
2,70,140,-327
2,71,145,-314
2,79,145,-317
2,103,145,-321
2,105,134,-328
2,104,123,-335
3,96,116,-340
3,86,118,-340
3,79,123,-338
3,79,135,-336
3,78,145,-330
3,71,147,-325
3,72,143,-320
3,79,137,-321
3,95,135,-322
3,100,127,-328
3,94,119,-338
3,92,120,-337
3,88,124,-336
3,86,132,-337
3,79,137,-333
3,71,140,-330
3,72,140,-330
3,79,135,-320
3,83,131,-317
3,91,131,-321
3,99,123,-328
3,97,115,-332
3,88,115,-338
3,88,120,-338
3,86,127,-340
4,78,132,-336
4,72,142,-336
4,73,135,-330
4,72,131,-317
4,76,127,-316
4,86,120,-324
4,99,118,-333
4,89,115,-333
4,88,127,-335
4,88,140,-344
4,80,140,-345
4,76,135,-337
4,71,127,-327
4,64,121,-328
4,60,119,-322
4,59,115,-320
4,71,105,-320
4,89,118,-333
4,99,120,-340
4,102,126,-345
4,99,126,-345
4,88,126,-349
4,76,124,-340
4,60,121,-328
4,57,131,-333
5,56,134,-328
5,57,131,-319
5,63,121,-320
5,71,112,-321
5,80,126,-333
5,95,132,-345
5,99,126,-354
5,96,112,-352
5,79,116,-348
5,67,118,-336
5,56,121,-330
5,51,129,-329
5,48,135,-317
5,48,131,-309
5,55,127,-319
5,72,124,-328
5,88,120,-336
5,99,113,-349
5,96,103,-353
5,79,105,-345
5,67,115,-345
5,56,129,-335
5,54,135,-333
5,48,136,-321
5,44,134,-313
0,47,120,-314
0,63,105,-308
0,81,110,-332
0,95,108,-345
0,95,102,-353
0,83,99,-353
0,68,107,-352
0,56,118,-337
0,54,126,-335
0,64,124,-316
0,44,131,-308
0,48,124,-313
0,63,113,-324
0,72,103,-336
0,81,96,-345
0,83,97,-353
0,79,99,-359
0,70,119,-354
0,62,135,-340
0,56,142,-336
0,51,140,-328
0,46,134,-320
0,44,119,-316
0,51,100,-320
0,57,95,-328
1,75,92,-336
1,83,97,-349
1,81,103,-356
1,71,111,-353
1,59,131,-345
1,51,139,-336
1,48,143,-340
1,39,131,-329
1,32,120,-316
1,39,108,-319
1,55,100,-321
1,68,96,-333
1,78,103,-341
1,83,108,-353
1,76,104,-354
1,59,118,-356
1,47,127,-348
1,38,135,-336
1,38,127,-336
1,32,131,-328
1,35,120,-320
1,48,112,-319
1,60,97,-324
1,60,88,-332
1,63,94,-341
2,63,105,-346
2,62,115,-352
2,57,127,-349
2,51,136,-345
2,40,134,-338
2,35,127,-333
2,28,118,-320
2,31,115,-317
2,38,107,-320
2,51,99,-320
2,64,102,-336
2,70,108,-346
2,67,110,-351
2,60,112,-353
2,44,124,-351
2,35,131,-345
2,31,131,-340
2,30,135,-328
2,31,126,-316
2,38,115,-313
2,47,99,-317
2,59,99,-328
2,63,103,-340
2,60,105,-351
2,56,108,-360
3,47,115,-360
3,33,124,-349
3,28,135,-336
3,25,139,-333
3,28,135,-321
3,30,115,-313
3,32,100,-320
3,44,96,-321
3,52,103,-335
3,56,111,-340
3,59,118,-351
3,52,118,-353
3,39,120,-353
3,28,121,-346
3,23,126,-340
3,19,124,-328
3,19,120,-313
3,22,115,-313
3,35,112,-322
3,48,97,-332
3,49,95,-349
3,48,97,-360
3,51,89,-362
3,41,103,-360
3,30,120,-353
4,19,140,-340
4,19,135,-336
4,22,119,-328
4,22,103,-314
4,28,83,-314
4,31,67,-324
4,39,63,-333
4,39,70,-345
4,40,96,-353
4,39,115,-353
4,38,127,-353
4,25,116,-351
4,16,110,-345
4,14,95,-338
4,15,78,-333
4,22,67,-320
4,20,67,-316
4,31,73,-322
4,33,79,-333
4,35,88,-340
4,35,100,-353
4,38,100,-354
4,33,89,-356
4,30,83,-353
4,20,83,-340
5,17,81,-336
5,12,81,-336
5,12,79,-320
5,17,76,-320
5,28,83,-324
5,35,87,-333
5,36,88,-345
5,38,88,-353
5,31,87,-362
5,24,80,-359
5,16,84,-352
5,19,88,-341
5,15,96,-336
5,12,99,-325
5,9,99,-313
5,17,84,-320
5,28,79,-324
5,35,79,-336
5,39,78,-349
5,39,86,-365
5,31,83,-365
5,22,92,-360
5,15,97,-349
5,12,104,-336
5,8,100,-330
0,3,103,-328
0,1,89,-329
0,9,83,-321
0,24,79,-328
0,33,79,-333
0,33,79,-345
0,35,83,-356
0,30,92,-356
0,22,96,-359
0,31,108,-356
0,11,103,-348
0,3,99,-336
0,-4,102,-329
0,-1,96,-320
0,14,88,-314
0,23,83,-320
0,35,80,-336
0,39,79,-344
0,32,83,-353
0,30,89,-357
0,24,99,-359
0,12,99,-356
0,7,96,-345
0,3,94,-343
0,6,96,-341
1,4,92,-324
1,12,88,-317
1,22,88,-320
1,30,89,-324
1,32,84,-338
1,31,79,-353
1,31,87,-365
1,24,92,-365
1,15,96,-356
1,7,103,-346
1,-2,108,-337
1,-7,108,-332
1,3,103,-332
1,7,94,-323
1,7,89,-314
1,20,83,-317
1,27,83,-333
1,28,81,-340
1,30,86,-353
1,25,91,-362
1,19,97,-360
1,15,105,-353
1,7,115,-344
1,3,112,-338
1,-2,108,-327
2,-1,92,-313
2,6,80,-317
2,16,75,-320
2,24,72,-335
2,28,80,-345
2,33,94,-360
2,30,105,-361
2,17,113,-356
2,8,112,-349
2,3,104,-338
2,-4,97,-336
2,-4,92,-317
2,-4,92,-312
2,7,88,-319
2,15,87,-328
2,24,83,-338
2,25,88,-346
2,28,95,-360
2,19,103,-359
2,9,108,-353
2,7,108,-345
2,3,97,-336
2,-5,91,-330
2,-7,87,-320
2,-1,88,-312
3,7,89,-314
3,19,96,-327
3,30,99,-338
3,31,99,-353
3,25,96,-367
3,19,92,-362
3,7,96,-356
3,-1,96,-345
3,-10,97,-333
3,-10,99,-325
3,-9,102,-317
3,6,100,-313
3,12,89,-320
3,22,83,-330
3,24,83,-340
3,25,87,-352
3,24,94,-361
3,19,99,-356
3,8,103,-353
3,-2,103,-344
3,-10,99,-337
3,-15,96,-330
3,-13,96,-320
3,-2,92,-311
3,15,92,-320
4,24,89,-329
4,28,83,-340
4,28,89,-349
4,22,96,-359
4,9,103,-360
4,1,105,-353
4,-9,104,-345
4,-13,99,-335
4,-13,99,-329
4,-2,99,-314
4,12,94,-313
4,15,92,-324
4,19,88,-333
4,16,86,-346
4,15,88,-353
4,16,92,-356
4,12,97,-356
4,3,103,-345
4,-7,103,-336
4,-13,103,-330
4,-12,96,-320
4,-8,89,-316
4,-2,88,-320
4,14,84,-330
4,30,88,-345
5,33,94,-351
5,33,96,-360
5,15,99,-354
5,-1,100,-349
5,-15,96,-338
5,-17,96,-335
5,-23,99,-319
5,-15,94,-313
5,-2,92,-320
5,19,91,-328
5,31,92,-340
5,39,88,-352
5,32,88,-356
5,9,89,-359
5,-8,96,-346
5,-16,97,-344
5,-16,103,-338
5,-18,104,-324
5,-16,96,-313
5,3,96,-320
5,19,88,-327
5,35,86,-341
5,38,87,-352
5,30,91,-360
5,9,94,-356
0,-5,100,-356
0,14,100,-353
0,-16,103,-338
0,-20,103,-327
0,-10,92,-317
0,3,83,-321
0,20,79,-328
0,31,80,-336
0,35,83,-346
0,35,95,-354
0,14,99,-354
0,3,97,-360
0,-8,100,-349
0,-16,103,-338
0,-16,103,-333
0,-10,96,-317
0,15,96,-320
0,22,92,-324
0,32,88,-335
0,35,83,-349
0,32,87,-356
0,15,96,-357
0,0,103,-356
0,-10,104,-345
0,-2,108,-343
1,-13,102,-336
1,-10,96,-320
1,1,88,-312
1,9,86,-322
1,19,96,-332
1,28,96,-340
1,28,84,-343
1,19,87,-356
1,7,92,-359
1,1,103,-351
1,-8,105,-340
1,-9,108,-333
1,-13,103,-328
1,-9,96,-317
1,3,108,-313
1,15,92,-325
1,30,89,-337
1,31,88,-345
1,28,89,-354
1,16,96,-359
1,7,103,-353
1,-4,110,-345
1,-13,111,-337
1,-16,104,-329
1,-12,99,-320
2,-1,88,-317
2,12,83,-321
2,30,88,-328
2,39,97,-340
2,39,99,-353
2,30,103,-360
2,15,103,-354
2,-5,96,-354
2,-16,88,-343
2,-20,86,-340
2,-17,79,-324
2,-13,80,-317
2,0,97,-320
2,24,115,-324
2,51,119,-337
2,63,105,-348
2,48,88,-362
2,11,75,-362
2,-20,76,-353
2,-29,81,-345
2,-24,94,-333
2,-10,96,-325
2,1,102,-312
2,15,103,-317
2,28,103,-322
3,40,92,-338
3,39,79,-353
3,30,76,-359
3,12,79,-361
3,-5,88,-352
3,-8,102,-345
3,-13,110,-335
3,-7,112,-328
3,-1,99,-317
3,7,87,-314
3,17,84,-324
3,30,84,-333
3,33,83,-343
3,35,89,-356
3,28,92,-361
3,11,96,-356
3,-4,99,-351
3,-13,104,-345
3,-18,103,-333
3,-17,96,-317
3,-7,92,-312
3,12,94,-320
3,28,92,-328
3,39,88,-340
3,41,83,-351
4,31,80,-362
4,7,89,-362
4,-8,97,-356
4,-16,104,-345
4,-16,112,-336
4,-10,108,-329
4,-1,96,-314
4,7,89,-314
4,19,87,-327
4,30,83,-333
4,33,76,-345
4,31,83,-353
4,19,94,-360
4,6,102,-360
4,-7,111,-346
4,-15,108,-337
4,-13,103,-336
4,-15,94,-324
4,-7,86,-309
4,7,86,-317
4,20,92,-320
4,35,92,-338
4,43,95,-345
4,31,92,-357
4,16,92,-361
5,1,95,-359
5,-10,97,-348
5,-17,99,-338
5,-23,97,-327
5,-13,96,-314
5,1,99,-305
5,17,102,-317
5,31,95,-333
5,39,83,-343
0,48,97,-324
0,71,99,-335
0,88,103,-340
0,100,105,-345
0,108,108,-349
0,108,108,-351
0,96,112,-351
0,84,112,-353
0,75,119,-344
0,71,123,-337
0,79,120,-333
0,83,124,-328
0,95,124,-322
0,99,126,-328
0,99,115,-328
0,96,108,-330
0,88,110,-336
0,100,111,-346
0,115,112,-353
0,108,124,-345
0,103,127,-338
0,97,127,-336
1,99,120,-341
1,103,120,-344
1,103,115,-337
1,99,113,-337
1,97,108,-336
1,88,115,-317
1,73,119,-292
1,68,124,-311
1,72,145,-328
1,79,176,-306
1,80,192,-301
1,88,185,-313
1,97,161,-330
1,96,119,-328
1,95,79,-333
1,87,88,-330
1,103,119,-336
1,119,137,-352
1,126,135,-356
1,115,134,-360
1,94,113,-348
1,81,94,-336
1,92,87,-341
1,119,94,-353
1,135,100,-356
2,132,88,-348
2,102,79,-340
2,73,72,-336
2,65,81,-336
2,80,88,-324
2,95,83,-327
2,104,62,-341
2,112,30,-353
2,124,23,-367
2,131,44,-378
2,111,79,-364
2,87,104,-354
2,72,105,-351
2,71,97,-345
2,75,96,-333
2,71,83,-322
2,71,72,-313
2,67,72,-320
2,60,94,-317
2,65,123,-324
2,72,142,-317
2,80,145,-325
2,81,132,-336
2,83,108,-336
2,79,92,-343
3,76,84,-349
3,28,81,-319
3,28,81,-313
3,33,86,-319
3,47,92,-330
3,48,94,-346
4,41,84,-352
4,31,80,-365
4,20,94,-361
4,22,103,-353
4,19,104,-335
4,19,88,-311
4,16,83,-311
4,24,88,-325
4,24,95,-336
4,19,86,-351
4,15,76,-357
4,14,70,-353
4,12,71,-353
4,12,81,-345
4,12,88,-332
4,8,83,-313
4,7,78,-313
4,-2,78,-320
4,-1,72,-327
4,1,76,-328
4,4,81,-345
4,9,83,-354
4,16,79,-353
4,19,60,-349
4,22,72,-340
5,19,96,-329
5,23,108,-341
5,15,96,-340
5,-1,79,-330
5,-21,94,-340
5,-25,92,-349
5,-2,83,-344
5,17,73,-345
5,30,65,-345
5,27,67,-344
5,19,73,-333
5,3,86,-328
5,-15,92,-320
5,-16,96,-320
5,-2,99,-322
5,15,94,-330
5,25,88,-336
5,24,83,-345
5,23,83,-353
5,12,80,-359
5,7,88,-356
5,-1,95,-349
5,-7,92,-340
5,-12,92,-335
5,-9,95,-328
0,7,102,-353
0,-4,102,-345
0,-8,97,-338
0,-12,97,-328
0,-10,95,-320
0,-2,95,-309
1,19,95,-321
1,33,96,-330
1,48,96,-340
1,49,102,-349
1,31,102,-359
1,11,100,-361
1,-8,97,-357
1,-15,96,-345
1,-15,95,-340
1,-16,96,-325
1,-1,97,-317
1,14,92,-324
1,28,88,-328
1,39,96,-336
1,43,105,-345
1,44,108,-352
1,24,100,-354
1,6,95,-353
1,-9,92,-349
1,-10,91,-344
1,-16,94,-333
1,-12,94,-316
1,3,96,-317
1,16,92,-328
1,31,94,-336
2,44,95,-345
2,48,103,-353
2,35,108,-357
2,7,102,-360
2,-13,94,-353
2,-20,89,-336
2,-17,94,-332
2,-13,92,-328
2,6,97,-317
2,19,91,-317
2,32,83,-324
2,38,88,-336
2,33,100,-344
2,27,108,-356
2,17,104,-360
2,6,96,-356
2,-9,92,-354
2,-16,89,-344
2,-16,92,-333
2,-8,94,-313
2,6,96,-312
2,19,94,-319
2,31,91,-328
2,39,95,-336
3,-9,95,-303
3,8,95,-313
3,31,92,-324
3,47,88,-340
3,48,95,-345
3,35,112,-349
3,22,124,-353
4,12,119,-352
4,7,105,-340
4,3,88,-329
4,-4,96,-308
4,6,112,-304
4,19,140,-308
4,39,137,-313
4,60,103,-325
4,70,67,-338
4,64,64,-340
4,56,79,-344
4,52,110,-345
4,56,127,-345
4,48,136,-333
4,49,137,-320
4,60,135,-320
4,71,134,-320
4,80,124,-324
4,86,110,-336
4,94,92,-359
4,94,92,-359
4,94,104,-360
4,91,134,-360
4,86,140,-346
4,83,136,-340
5,79,121,-337
5,86,123,-333
5,96,127,-330
5,102,127,-336
5,104,124,-343
5,108,119,-346
5,104,113,-349
5,95,120,-345
5,88,123,-336
5,78,113,-333
5,67,97,-324
5,67,89,-317
5,79,88,-316
5,92,92,-314
5,103,96,-327
5,111,78,-349
5,120,60,-356
5,120,63,-343
5,108,83,-330
5,83,96,-317
5,59,102,-319
5,40,99,-311
5,43,96,-308
0,88,89,-344
0,79,108,-360
0,72,118,-336
0,73,131,-333
0,80,143,-335
0,48,158,-346
0,144,112,-349
0,111,28,-250
0,-8,71,-346
1,102,174,-362
1,136,185,-448
1,86,246,-409
1,64,81,-365
1,-24,-81,-399
1,25,-21,-392
1,57,115,-360
1,92,92,-356
1,95,17,-344
1,75,-32,-324
1,71,-18,-321
1,87,22,-311
1,80,97,-295
1,64,140,-306
1,38,152,-327
1,9,134,-317
1,-13,127,-328
1,1,127,-336
1,15,108,-345
1,19,83,-344
1,55,51,-329
1,68,44,-330
1,67,51,-322
1,44,79,-317
1,22,89,-303
2,32,70,-335
2,39,55,-353
2,25,3,-329
2,8,-31,-330
2,-7,-10,-329
2,-2,19,-329
2,15,44,-340
2,44,57,-340
2,63,52,-351
2,52,49,-349
2,39,39,-338
2,15,39,-321
2,-4,51,-327
2,-1,46,-324
2,3,16,-333
2,16,3,-333
2,51,12,-333
2,79,46,-336
2,97,79,-340
2,96,88,-335
2,75,63,-327
3,64,-8,-333
3,62,7,-336
3,54,43,-345
3,56,83,-349
3,67,102,-340
3,81,92,-349
3,95,55,-362
3,103,15,-367
3,96,-24,-353
3,96,-34,-353
4,92,-29,-345
4,79,-9,-346
4,70,32,-352
4,65,67,-349
4,64,84,-340
4,73,76,-330
4,83,51,-333
4,96,17,-340
4,86,-1,-354
4,70,-1,-365
4,55,17,-356
4,46,41,-346
4,40,56,-346
4,39,63,-349
4,55,57,-353
4,73,46,-359
4,99,38,-349
4,103,28,-353
4,102,-4,-356
4,83,-8,-353
4,49,16,-346
4,28,48,-340
4,23,65,-313
4,19,89,-304
4,24,107,-306
5,49,103,-329
5,80,79,-349
5,92,48,-338
5,87,39,-325
5,63,78,-325
5,55,119,-325
5,60,147,-332
5,68,159,-325
5,88,152,-327
5,92,136,-328
5,83,119,-324
5,72,105,-320
5,63,103,-317
5,63,104,-312
5,79,103,-308
5,83,88,-303
5,75,88,-296
5,80,88,-309
5,79,96,-320
5,75,87,-352
0,88,118,-375
0,88,103,-365
0,97,103,-360
0,88,76,-343
0,67,41,-340
0,54,30,-336
0,44,31,-337
0,55,55,-333
0,79,91,-324
0,119,119,-330
0,127,131,-324
0,143,127,-324
0,124,116,-328
0,87,103,-324
0,62,67,-313
0,40,41,-317
0,41,39,-332
0,57,63,-340
0,96,96,-340
0,131,127,-336
0,156,152,-344
0,163,160,-348
0,145,159,-364
0,111,137,-356
0,83,112,-351
1,48,76,-340
1,47,44,-340
1,70,43,-336
1,103,71,-338
1,131,110,-338
1,131,143,-336
1,96,167,-341
1,67,135,-352
1,57,99,-345
1,44,88,-338
1,48,105,-333
1,63,127,-320
1,92,159,-312
1,116,179,-316
1,127,175,-338
1,140,120,-346
1,135,88,-345
1,118,67,-336
1,102,71,-328
1,94,86,-322
1,71,108,-305
1,51,142,-292
1,35,174,-292
1,39,190,-308
1,57,200,-313
2,83,198,-336
2,110,161,-356
2,121,96,-372
2,131,48,-372
2,124,38,-362
2,112,63,-348
2,89,96,-330
2,67,124,-308
2,56,147,-296
2,56,155,-295
2,71,134,-296
2,88,104,-305
2,94,83,-328
2,86,86,-345
2,80,99,-361
2,72,115,-369
2,73,121,-361
2,71,121,-349
2,68,121,-336
2,67,116,-332
2,67,115,-324
2,73,104,-328
2,80,102,-330
2,83,103,-333
2,83,108,-335
3,81,112,-337
3,79,113,-336
3,83,110,-337
3,83,110,-335
3,72,119,-330
3,70,139,-317
3,60,147,-305
3,55,151,-308
3,60,135,-321
3,67,105,-333
3,73,79,-343
3,81,68,-356
3,89,71,-360
3,94,88,-354
3,89,112,-340
3,81,136,-328
3,71,150,-319
3,63,151,-309
3,63,151,-313
3,63,151,-322
3,71,140,-324
3,79,113,-327
3,79,96,-335
3,89,79,-336
3,95,79,-340
4,96,95,-340
4,94,115,-332
4,92,143,-328
4,83,159,-319
4,86,159,-320
4,88,152,-325
4,88,132,-340
4,100,113,-349
4,103,103,-359
4,111,100,-361
4,113,112,-365
4,113,124,-365
4,112,136,-357
4,104,131,-340
4,92,112,-333
4,71,88,-325
4,56,76,-328
4,56,68,-338
4,56,79,-353
4,73,96,-353
4,95,112,-346
4,110,127,-344
4,112,120,-349
4,97,97,-336
4,80,79,-325
5,56,60,-320
5,38,36,-328
5,19,38,-328
5,7,56,-336
5,12,83,-343
5,31,115,-349
5,52,147,-344
5,63,161,-333
5,62,156,-335
5,59,127,-333
5,48,88,-333
5,31,60,-337
5,16,39,-338
5,-1,48,-346
5,6,62,-345
5,19,88,-344
5,31,108,-328
5,39,120,-312
5,41,124,-327
5,38,115,-340
5,22,96,-361
5,12,75,-370
5,-1,59,-356
5,-1,67,-346
5,-4,86,-340
0,12,99,-335
0,41,126,-337
0,28,137,-360
0,23,151,-375
0,19,143,-369
0,16,120,-327
0,17,97,-319
0,8,78,-320
0,-4,55,-311
0,-1,51,-320
0,-21,59,-338
0,-20,73,-346
0,-13,83,-353
0,-8,94,-357
0,-4,92,-361
0,-13,73,-356
0,-29,48,-321
0,-42,32,-320
0,-47,25,-296
0,-53,39,-297
0,-58,63,-314
0,-52,79,-301
0,-45,83,-303
0,-37,72,-308
0,-36,51,-296
1,-34,48,-329
1,-33,41,-338
1,-37,35,-328
1,-40,33,-316
1,-45,46,-327
1,-49,51,-338
1,-32,63,-353
1,-12,67,-349
1,3,70,-353
1,-1,70,-356
1,-10,63,-356
1,-25,56,-356
1,-32,60,-348
1,-29,75,-340
1,-31,79,-349
1,-25,87,-335
1,-15,91,-340
1,-1,94,-353
1,17,92,-345
1,31,88,-337
1,31,88,-335
1,16,104,-328
1,-4,103,-322
1,-16,78,-309
1,-25,46,-298
2,-33,39,-308
2,-32,63,-328
2,-15,119,-372
2,17,160,-356
2,63,167,-337
2,115,150,-328
2,124,120,-327
2,63,76,-327
2,-5,51,-313
2,-31,83,-301
2,-8,132,-313
2,28,167,-303
2,56,199,-305
2,67,200,-320
2,78,166,-338
2,88,131,-356
2,92,108,-368
2,96,105,-370
2,99,120,-360
2,92,142,-338
2,74,155,-340
2,51,158,-333
2,41,150,-333
2,41,150,-321
2,54,153,-320
3,67,163,-324
3,76,148,-328
3,76,115,-338
3,63,89,-340
3,54,92,-343
3,56,104,-356
3,76,95,-353
3,87,94,-343
3,78,132,-336
3,79,153,-336
3,86,143,-336
3,70,92,-340
3,56,35,-336
3,60,31,-333
3,67,57,-340
3,76,79,-328
3,76,94,-320
3,75,115,-321
3,76,121,-321
3,76,131,-313
3,76,115,-328
3,79,72,-345
3,81,46,-341
3,88,56,-330
3,103,83,-321
4,108,87,-321
4,104,89,-325
4,95,95,-324
4,97,99,-322
4,108,97,-333
4,119,96,-329
4,88,103,-332
4,103,88,-324
4,119,71,-317
4,108,81,-305
4,92,83,-303
4,88,73,-308
4,92,83,-322
4,87,103,-338
4,92,120,-341
4,95,140,-333
4,96,137,-354
4,92,112,-365
4,115,57,-372
4,127,41,-377
4,143,67,-365
4,144,102,-353
4,120,132,-346
4,96,145,-346
4,83,147,-345
5,80,140,-341
5,95,105,-352
5,105,89,-344
5,120,95,-345
5,126,105,-336
5,115,124,-330
5,103,144,-320
5,95,135,-316
5,92,103,-308
5,99,76,-317
5,103,60,-317
5,102,71,-327
5,107,104,-330
5,113,135,-328
5,116,155,-324
5,127,152,-337
5,131,127,-340
5,127,103,-343
5,112,83,-338
5,99,86,-333
5,94,103,-327
5,102,115,-312
5,110,120,-314
5,120,108,-319
5,124,102,-327
0,127,96,-330
0,124,95,-344
0,123,110,-341
0,121,116,-340
0,119,115,-338
0,112,115,-335
0,113,110,-335
0,108,111,-328
0,108,112,-316
0,128,112,-317
0,118,111,-319
0,120,112,-324
0,124,111,-324
0,123,104,-336
0,124,104,-343
0,127,103,-346
0,124,111,-349
0,115,110,-344
0,105,108,-340
0,96,116,-332
0,96,118,-320
0,99,115,-317
0,108,110,-324
0,120,108,-322
0,127,103,-322
1,134,103,-329
1,127,111,-338
1,124,119,-338
1,120,120,-336
1,110,120,-333
1,102,115,-335
1,99,115,-336
1,102,112,-330
1,97,118,-321
1,99,127,-322
1,104,132,-325
1,112,123,-336
1,120,108,-343
1,127,100,-346
1,124,97,-353
1,112,102,-353
1,103,108,-349
1,94,115,-333
1,88,115,-328
1,81,116,-320
1,81,112,-313
1,83,103,-317
1,95,102,-325
1,104,94,-328
1,112,96,-338
2,111,103,-354
2,108,105,-360
2,103,105,-351
2,88,111,-344
2,79,103,-333
2,73,96,-328
2,76,96,-320
2,79,92,-313
2,88,94,-313
2,96,83,-320
2,97,83,-324
2,105,81,-336
2,110,89,-337
2,108,92,-344
2,99,97,-345
2,92,103,-340
2,83,100,-337
2,76,99,-333
2,79,97,-328
2,81,94,-324
2,92,95,-327
2,99,92,-327
2,102,94,-328
2,107,95,-336
2,110,97,-338
3,103,102,-345
3,96,95,-349
3,91,92,-340
3,86,92,-336
3,83,92,-328
3,88,96,-335
3,83,96,-332
3,78,99,-328
3,83,97,-333
3,86,96,-328
3,92,92,-327
3,92,96,-333
3,99,92,-336
3,105,92,-338
3,110,92,-344
4,104,89,-349
4,96,88,-349
4,88,96,-336
4,81,100,-330
4,79,102,-328
4,79,99,-329
4,87,96,-327
4,88,96,-322
4,95,96,-329
4,96,94,-333
4,103,92,-332
4,108,91,-340
4,104,95,-349
4,100,102,-349
4,92,99,-346
4,83,97,-336
4,78,100,-329
4,79,99,-324
4,81,99,-321
4,92,92,-320
4,99,88,-325
4,103,89,-332
4,105,92,-338
4,103,96,-338
4,99,103,-341
5,92,108,-349
5,92,103,-349
5,88,96,-338
5,83,91,-335
5,79,100,-327
5,80,108,-322
5,81,107,-320
5,89,100,-324
5,99,95,-328
5,103,88,-332
5,108,94,-337
5,104,95,-344
5,99,97,-344
5,96,102,-340
5,91,103,-341
5,86,100,-335
5,80,100,-328
5,78,99,-328
5,86,103,-325
5,89,102,-325
5,92,99,-324
5,99,96,-333
5,105,96,-340
5,107,97,-343
5,100,102,-351
0,97,103,-349
0,123,104,-346
0,94,92,-336
0,76,94,-335
0,79,103,-328
0,88,105,-324
0,95,103,-322
0,96,99,-324
0,99,96,-328
0,128,110,-332
0,112,102,-340
0,108,95,-345
0,103,95,-349
0,96,96,-345
0,87,103,-337
0,79,104,-335
0,72,118,-328
0,79,115,-321
0,88,103,-321
0,95,96,-321
0,103,88,-327
0,112,96,-333
0,112,102,-340
0,105,105,-345
0,96,110,-345
1,102,103,-345
1,94,103,-340
1,83,104,-333
1,75,103,-329
1,80,107,-332
1,88,111,-328
1,91,99,-317
1,95,99,-328
1,97,99,-335
1,102,100,-333
1,104,99,-336
1,105,103,-336
1,99,103,-345
1,100,112,-346
1,94,104,-337
1,80,103,-335
1,76,108,-330
1,79,108,-327
1,83,110,-328
1,88,108,-324
1,89,103,-322
1,94,99,-327
1,97,96,-333
1,102,100,-338
1,103,102,-343
2,96,108,-345
2,88,108,-344
2,83,112,-336
2,76,112,-329
2,73,118,-328
2,70,119,-324
2,75,111,-324
2,83,105,-325
2,88,103,-328
2,94,108,-333
2,99,118,-336
2,102,123,-344
2,96,123,-348
2,89,113,-352
2,79,112,-349
2,78,115,-336
2,71,121,-328
2,67,124,-328
2,67,126,-320
2,71,124,-320
2,76,115,-320
2,89,112,-324
2,96,104,-328
2,95,107,-336
2,89,118,-337
3,83,120,-340
3,80,121,-336
3,79,126,-336
3,71,124,-333
3,68,127,-328
3,67,126,-324
3,67,119,-322
3,67,119,-324
3,67,115,-324
3,72,112,-333
3,79,118,-337
3,79,127,-345
3,79,134,-351
3,80,134,-349
3,71,131,-346
3,63,127,-340
3,56,120,-332
3,56,123,-329
3,56,121,-321
3,60,127,-319
3,63,127,-320
3,67,124,-324
3,76,121,-328
3,76,124,-335
3,73,120,-343
4,65,120,-340
4,60,124,-345
4,60,126,-338
4,56,126,-333
4,54,129,-336
4,48,120,-330
4,48,111,-322
4,48,102,-324
4,49,99,-325
4,60,108,-328
4,68,119,-327
4,73,131,-333
4,79,127,-333
4,67,120,-337
4,59,118,-338
4,55,118,-338
4,54,112,-336
4,48,108,-330
4,48,96,-322
4,54,103,-322
4,63,105,-327
4,70,103,-328
4,76,115,-338
4,81,115,-349
4,78,112,-354
5,71,111,-353
5,60,112,-349
5,54,111,-341
5,52,111,-340
5,54,110,-333
5,60,97,-327
5,67,92,-325
5,72,97,-329
5,83,99,-330
5,88,105,-333
5,83,112,-340
5,72,112,-345
5,67,112,-343
5,62,110,-341
5,60,103,-340
5,60,96,-336
5,59,99,-338
5,60,95,-328
5,60,95,-328
5,68,103,-332
5,76,101,-336
5,80,103,-336
5,76,107,-340
5,76,105,-341
5,70,103,-345
0,62,104,-345
0,51,105,-351
0,52,102,-336
0,56,100,-336
0,57,99,-335
0,63,102,-328
0,67,99,-328
0,71,99,-328
0,73,95,-333
0,75,99,-345
0,76,102,-343
0,71,103,-346
0,70,103,-344
0,60,103,-341
0,60,103,-336
0,60,104,-340
0,54,97,-314
0,54,99,-324
0,56,100,-328
0,55,103,-328
0,63,99,-328
0,71,95,-333
0,76,96,-338
0,80,99,-348
0,67,112,-346
1,64,104,-345
1,54,102,-345
1,51,103,-336
1,49,103,-330
1,49,105,-332
1,55,104,-336
1,64,115,-345
1,56,120,-357
1,48,135,-370
1,39,140,-375
1,25,134,-372
1,19,112,-365
1,30,92,-356
1,43,88,-352
1,51,88,-336
1,48,99,-324
1,40,112,-322
1,24,134,-312
1,12,137,-312
1,3,139,-317
1,-8,131,-320
1,-2,118,-320
1,-1,111,-317
1,-4,104,-320
1,-2,105,-313
2,-1,107,-292
2,-1,110,-306
2,-1,115,-327
2,-4,120,-340
2,-2,127,-345
2,-7,123,-340
2,-7,119,-335
2,-7,115,-338
2,-2,120,-337
2,-1,120,-337
2,0,115,-333
2,-4,110,-333
2,-7,92,-329
2,0,89,-336
2,7,99,-338
2,15,116,-336
2,19,135,-336
2,30,135,-340
2,30,127,-337
2,25,120,-345
2,12,110,-344
2,-8,103,-333
2,-16,103,-314
2,-13,103,-305
2,1,108,-321
3,23,113,-329
3,35,120,-344
3,33,127,-354
3,25,121,-348
3,9,118,-353
3,-1,111,-349
3,-8,104,-336
3,-8,103,-309
3,3,103,-305
3,14,103,-319
3,33,108,-329
3,49,112,-345
3,51,124,-353
3,31,124,-361
3,9,119,-359
3,-8,120,-352
3,-7,112,-337
3,-2,108,-312
3,8,103,-303
3,23,107,-317
3,36,108,-333
3,48,112,-344
3,44,120,-356
3,35,126,-360
3,17,120,-360
4,3,115,-353
4,-2,105,-338
4,-4,100,-312
4,3,100,-301
4,19,99,-312
4,32,103,-329
4,48,110,-338
4,51,120,-351
4,39,123,-354
4,22,113,-360
4,7,110,-353
4,-4,104,-343
4,-5,103,-324
4,-2,103,-300
4,8,99,-313
4,23,104,-333
4,39,107,-344
4,51,112,-353
4,51,118,-354
4,39,116,-360
4,19,110,-353
4,-5,103,-346
4,-15,96,-321
4,-10,97,-296
4,3,99,-305
5,24,104,-324
5,44,108,-338
5,51,113,-356
5,52,115,-365
5,39,112,-360
5,19,108,-356
5,3,103,-346
5,-9,100,-333
5,-13,97,-308
5,-4,100,-297
5,15,103,-313
5,39,105,-328
5,56,108,-341
5,63,110,-354
5,47,112,-362
5,23,110,-361
5,-1,108,-356
5,-16,99,-346
5,-13,94,-320
5,0,94,-301
5,17,103,-311
5,33,104,-327
5,51,108,-341
5,56,112,-356
5,48,111,-356
0,22,108,-361
0,-2,96,-329
0,-9,97,-340
0,-10,99,-324
0,-4,99,-297
0,12,102,-301
0,31,103,-317
0,49,107,-333
0,52,108,-353
0,48,110,-375
0,31,108,-370
0,15,108,-365
0,6,103,-353
0,-1,103,-333
0,3,103,-325
0,8,103,-305
0,12,95,-279
0,28,102,-305
0,36,103,-329
0,44,100,-343
0,40,103,-360
0,32,108,-368
0,19,112,-362
0,15,111,-356
0,4,99,-328
1,6,99,-332
1,7,103,-319
1,9,100,-305
1,17,99,-313
1,31,97,-322
1,41,97,-336
1,36,108,-345
1,36,108,-361
1,31,112,-367
1,20,112,-364
1,17,105,-349
1,16,99,-333
1,12,99,-327
1,7,102,-308
1,7,110,-306
1,15,105,-317
1,27,103,-332
1,41,103,-343
1,48,102,-353
1,49,103,-360
1,39,110,-362
1,28,107,-354
1,15,103,-340
1,12,105,-327
1,9,104,-317
2,9,108,-308
2,8,111,-306
2,24,105,-317
2,38,103,-333
2,51,97,-340
2,59,95,-354
2,47,108,-368
2,35,111,-362
2,24,108,-354
2,22,103,-333
2,30,96,-320
2,28,103,-320
2,20,115,-322
2,15,123,-320
2,24,120,-320
2,43,115,-322
2,56,105,-333
2,62,110,-343
2,52,120,-344
2,48,124,-336
2,51,112,-335
2,44,102,-328
2,28,91,-333
2,15,92,-341
2,19,96,-333
3,35,113,-320
3,59,135,-317
3,78,140,-321
3,89,140,-327
3,94,131,-338
3,86,120,-344
3,75,121,-345
3,64,121,-340
3,62,131,-336
3,59,127,-335
3,60,126,-328
3,63,132,-320
3,67,143,-313
3,83,151,-314
3,99,143,-328
3,111,136,-336
3,113,126,-345
3,111,120,-345
3,96,113,-345
3,84,120,-341
3,75,135,-336
3,73,142,-328
3,79,152,-320
3,88,152,-313
3,104,143,-327
4,115,140,-328
4,120,140,-336
4,115,140,-338
4,108,134,-345
4,99,120,-343
4,90,119,-337
4,83,124,-333
4,88,135,-322
4,89,139,-313
4,92,143,-309
4,96,135,-313
4,99,127,-320
4,108,124,-336
4,113,118,-343
4,123,111,-336
4,147,92,-327
4,152,79,-325
4,121,62,-328
4,73,80,-329
4,40,116,-317
4,31,153,-324
4,51,177,-336
4,102,184,-348
4,152,158,-353
4,174,144,-360
5,167,143,-360
5,143,118,-360
5,99,99,-354
5,72,84,-345
5,62,88,-337
5,60,99,-321
5,76,119,-311
5,95,129,-309
5,115,135,-319
5,120,127,-328
5,123,127,-324
5,112,143,-322
5,102,159,-317
5,79,147,-317
5,67,120,-320
5,62,103,-321
5,67,96,-313
5,71,99,-313
5,83,115,-317
5,92,127,-328
5,99,135,-340
5,103,127,-361
5,110,127,-362
5,110,121,-361
5,99,120,-359
0,88,115,-353
0,81,115,-369
0,70,103,-346
0,67,103,-336
0,78,103,-327
0,88,110,-320
0,97,127,-317
0,102,148,-321
0,92,147,-328
0,71,145,-321
0,65,131,-320
0,62,121,-314
0,57,120,-317
0,56,118,-316
0,55,112,-313
0,62,103,-320
0,81,99,-324
0,79,92,-346
0,83,96,-360
0,81,99,-369
0,76,102,-368
0,60,103,-360
0,54,108,-353
0,47,112,-336
0,40,116,-333
1,44,116,-308
1,47,118,-303
1,54,103,-322
1,55,96,-333
1,56,83,-341
1,54,79,-354
1,60,88,-360
1,48,88,-365
1,39,92,-365
1,35,105,-359
1,32,110,-336
1,31,97,-308
1,27,95,-301
1,16,94,-313
1,15,99,-338
1,16,103,-336
1,24,108,-346
1,41,110,-351
1,51,102,-349
1,44,92,-345
1,26,83,-338
1,8,87,-328
1,-8,91,-313
1,-10,100,-313
1,-7,96,-317
2,3,102,-328
2,16,104,-351
2,35,102,-346
2,48,97,-343
2,48,92,-346
2,41,91,-344
2,31,88,-356
2,24,87,-351
2,9,95,-324
2,-7,118,-336
2,-8,120,-344
2,9,104,-337
2,30,99,-338
2,39,88,-337
2,43,89,-345
2,38,88,-343
2,23,94,-329
2,7,97,-314
2,1,102,-313
2,7,103,-316
2,22,107,-325
2,32,97,-336
2,39,96,-345
2,44,88,-360
2,39,94,-367
3,23,100,-368
3,9,108,-354
3,3,112,-340
3,-2,112,-327
3,-1,111,-324
3,8,103,-312
3,16,95,-311
3,25,92,-317
3,38,88,-328
3,43,89,-340
3,46,96,-352
3,39,105,-362
3,31,115,-361
3,17,115,-360
3,3,115,-353
3,-4,107,-344
3,-12,102,-328
3,-4,97,-306
3,15,99,-305
3,32,97,-314
3,48,99,-330
3,60,96,-344
3,56,103,-354
3,41,108,-361
3,23,112,-362
4,6,112,-356
4,-8,112,-349
4,-9,112,-328
4,-7,110,-308
4,9,110,-308
4,28,111,-313
4,44,108,-324
4,56,108,-333
4,57,108,-353
4,48,111,-365
4,35,116,-368
4,15,124,-357
4,3,131,-353
4,4,140,-328
4,3,135,-317
4,3,120,-308
4,6,104,-298
4,15,94,-308
4,31,92,-328
4,47,95,-333
4,67,113,-351
4,73,134,-354
4,60,143,-352
4,35,135,-351
4,7,123,-345
5,-10,113,-337
5,-18,115,-325
5,-13,120,-313
5,11,129,-320
5,35,140,-325
5,67,135,-336
5,79,124,-345
5,76,119,-354
5,56,126,-356
5,28,127,-353
5,4,131,-344
5,-8,127,-336
5,-4,123,-328
5,3,112,-317
5,15,119,-308
5,28,124,-313
5,51,126,-324
5,59,124,-325
5,63,123,-340
5,59,127,-353
5,39,129,-356
5,23,123,-356
5,7,119,-348
5,3,118,-338
5,7,120,-330
0,16,126,-312
0,28,126,-320
0,43,113,-322
0,56,115,-329
0,62,124,-336
0,56,134,-352
0,48,145,-353
0,33,143,-352
0,17,131,-346
0,7,123,-330
0,11,112,-329
0,15,108,-321
0,23,115,-317
0,35,120,-319
0,48,134,-324
0,56,142,-336
0,65,143,-338
0,60,139,-345
0,46,124,-356
0,28,112,-354
0,16,103,-345
0,7,105,-336
0,6,112,-322
0,15,118,-311
0,22,120,-305
1,35,124,-320
1,51,127,-328
1,62,135,-338
1,63,131,-349
1,51,126,-359
1,32,115,-356
1,9,104,-360
1,3,102,-338
1,6,107,-328
1,15,119,-322
1,30,124,-311
1,36,127,-314
1,44,124,-325
1,47,120,-328
1,48,119,-341
1,49,119,-353
1,39,112,-356
1,30,108,-354
1,19,108,-345
1,15,115,-336
1,15,115,-333
1,14,120,-325
1,16,120,-313
1,24,115,-313
1,39,115,-320
2,52,115,-328
2,56,118,-343
2,57,115,-354
2,44,115,-365
2,25,111,-357
2,9,113,-351
2,6,111,-340
2,7,111,-330
2,17,112,-316
2,27,119,-311
2,40,115,-319
2,47,113,-328
2,48,113,-335
2,49,115,-345
2,39,115,-357
2,33,108,-360
2,30,103,-352
2,20,108,-340
2,17,112,-333
2,15,120,-328
2,16,120,-317
2,24,115,-313
2,33,112,-320
2,44,112,-333
2,49,112,-338
3,56,112,-353
3,48,112,-357
3,36,112,-354
3,20,112,-352
3,15,112,-338
3,8,115,-337
3,12,111,-324
3,19,112,-317
3,28,108,-317
3,38,111,-324
3,51,115,-333
3,56,115,-343
3,51,113,-353
3,39,111,-356
3,27,110,-353
3,12,112,-349
3,8,112,-337
3,12,112,-333
3,24,112,-317
3,35,108,-313
3,35,105,-317
3,44,103,-324
3,48,111,-335
3,44,112,-349
3,44,111,-354
4,32,105,-361
4,24,108,-356
4,15,115,-345
4,15,115,-333
4,19,113,-325
4,19,104,-314
4,28,102,-312
4,36,102,-324
4,44,99,-333
4,49,107,-340
4,48,115,-353
4,43,112,-359
4,35,107,-356
4,28,103,-353
4,23,94,-341
4,15,92,-336
4,17,94,-322
4,22,97,-313
4,27,96,-319
4,38,99,-328
4,48,108,-336
4,48,123,-349
4,44,124,-360
4,36,115,-360
4,32,103,-354
5,25,87,-349
5,23,76,-338
5,15,79,-322
5,14,92,-309
5,14,99,-313
5,24,103,-324
5,35,105,-340
5,47,108,-349
5,52,103,-361
5,47,99,-360
5,35,95,-353
5,16,88,-345
5,7,87,-340
5,-4,83,-332
5,-5,88,-319
5,7,99,-313
5,24,103,-324
5,40,108,-335
5,51,103,-344
5,51,96,-353
5,47,96,-353
5,31,92,-353
5,15,88,-349
5,6,86,-344
5,-4,88,-333
0,-4,92,-317
0,6,91,-292
0,22,99,-314
0,38,100,-333
0,46,99,-343
0,54,94,-351
0,41,88,-360
0,30,88,-361
0,14,88,-356
0,-4,95,-344
0,-4,96,-333
0,1,99,-320
0,14,100,-313
0,22,96,-317
0,31,88,-327
0,35,88,-341
0,38,92,-351
0,38,92,-354
0,30,92,-354
0,19,96,-349
0,8,97,-345
0,-1,100,-336
0,-1,96,-319
0,-5,94,-314
0,6,89,-324
1,22,86,-333
1,38,91,-345
1,51,92,-356
1,51,92,-360
1,35,95,-356
1,15,94,-349
1,-2,108,-348
1,-13,97,-332
1,-16,88,-314
1,-4,88,-312
1,11,87,-321
1,30,88,-336
1,47,88,-351
1,50,92,-360
1,35,96,-367
1,20,96,-353
1,3,96,-348
1,-8,95,-340
1,-7,89,-329
1,-4,92,-313
1,7,92,-313
1,17,88,-324
1,30,88,-333
1,35,84,-349
1,39,83,-360
2,31,95,-360
2,19,99,-356
2,7,103,-349
2,-1,103,-336
2,-8,94,-327
2,-13,86,-308
2,-8,79,-313
2,0,88,-322
2,19,83,-329
2,38,89,-341
2,49,94,-352
2,60,92,-361
2,56,83,-365
2,33,68,-361
2,17,57,-346
2,12,44,-338
2,8,35,-321
2,12,25,-324
2,31,30,-337
2,67,38,-317
2,113,35,-349
2,147,36,-344
2,140,67,-346
2,99,96,-327
2,47,108,-340
3,36,108,-328
3,78,79,-311
3,140,76,-333
3,163,120,-336
3,171,124,-312
3,177,171,-328
3,209,124,-360
3,224,64,-370
3,188,96,-361
3,179,135,-356
3,182,131,-333
3,127,100,-317
3,79,96,-309
3,80,124,-320
3,111,127,-308
3,124,113,-305
3,131,95,-328
3,145,56,-349
3,160,15,-365
3,167,11,-367
3,153,35,-353
3,127,51,-333
3,110,76,-313
3,100,96,-308
3,107,108,-324
4,119,92,-329
4,120,63,-372
4,95,48,-397
4,57,47,-397
4,48,48,-404
4,49,51,-416
4,31,48,-404
4,7,64,-369
4,-20,80,-338
4,-34,73,-322
4,-29,46,-289
4,-13,39,-261
4,-4,48,-249
4,3,57,-250
4,-4,64,-268
4,-18,56,-305
4,-45,59,-329
4,-64,65,-328
4,-63,63,-320
4,-65,79,-336
4,-68,89,-343
4,-66,103,-340
4,-57,96,-333
4,-49,79,-320
4,-50,76,-324
5,-57,83,-328
5,-57,92,-333
5,-58,99,-338
5,-61,112,-340
5,-61,115,-340
5,-57,115,-328
5,-52,111,-317
5,-45,110,-308
5,-42,112,-314
5,-40,115,-313
5,-39,127,-312
5,-41,139,-333
5,-40,150,-330
5,-36,147,-335
5,-24,142,-335
5,-26,131,-336
5,-28,131,-332
5,-36,134,-344
5,-40,134,-336
5,-36,142,-332
5,-36,143,-324
5,-36,153,-309
5,-32,153,-312
5,-26,142,-333
5,-18,134,-328
0,-9,124,-332
0,-16,119,-353
0,-29,137,-345
0,-36,144,-335
0,-29,156,-328
0,-26,168,-319
0,-29,169,-311
0,-37,158,-313
0,-36,136,-313
0,-32,142,-316
0,-32,136,-329
0,-10,131,-328
0,-1,131,-337
0,-4,144,-337
0,-13,152,-340
0,-25,156,-336
0,-32,159,-336
0,-29,156,-320
0,-31,145,-314
0,-29,134,-314
0,-25,127,-308
0,-20,124,-321
0,-15,121,-336
0,-6,124,-338
0,-8,140,-348
1,-16,163,-333
1,-25,172,-335
1,-28,179,-328
1,-26,167,-317
1,-25,151,-316
1,-24,135,-319
1,-18,119,-314
1,-13,112,-306
1,-24,116,-335
1,-20,131,-328
1,-10,147,-336
1,-5,163,-346
1,-4,180,-340
1,-15,179,-338
1,-20,160,-330
1,-25,140,-316
1,-24,131,-313
1,-25,126,-317
1,-20,124,-317
1,-15,121,-312
1,-16,124,-320
1,-8,131,-328
1,3,134,-333
1,-1,151,-340
1,-10,158,-341
2,-16,160,-338
2,-20,159,-336
2,-25,156,-325
2,-26,144,-320
2,-25,136,-321
2,-17,134,-313
2,-13,131,-317
2,-4,135,-328
2,-1,136,-337
2,6,143,-340
2,-4,156,-337
2,-16,161,-337
2,-18,166,-329
2,-20,163,-329
2,-21,159,-320
2,-21,143,-324
2,-20,135,-321
2,-12,127,-317
2,-10,123,-324
2,-9,126,-329
2,-8,136,-330
2,-10,147,-337
2,-10,156,-335
2,-8,163,-335
2,-13,166,-336
3,-17,163,-328
3,-17,158,-322
3,-20,147,-317
3,-24,137,-317
3,-22,124,-313
3,-16,124,-317
3,-12,127,-328
3,-7,140,-335
3,-2,148,-329
3,-4,159,-337
3,-16,160,-336
3,-18,159,-336
3,-18,158,-328
3,-20,147,-322
3,-20,143,-324
3,-16,135,-321
3,-13,129,-313
3,-13,126,-320
3,-13,131,-325
3,-7,136,-330
3,-2,150,-336
3,-4,159,-335
3,-10,160,-336
3,-20,163,-337
3,-17,164,-324
4,-18,152,-316
4,-25,147,-311
4,-25,136,-308
4,-16,134,-308
4,-17,136,-322
4,-7,137,-328
4,6,135,-336
4,7,152,-328
4,-1,166,-333
4,-9,177,-335
4,-16,183,-330
4,-16,174,-328
4,-18,156,-328
4,-9,145,-332
4,-4,135,-319
4,3,131,-320
4,3,135,-329
4,3,143,-328
4,8,156,-333
4,12,167,-335
4,7,176,-335
4,7,172,-336
4,-1,167,-330
4,-7,159,-325
4,-9,151,-324
5,-8,144,-320
5,-7,135,-313
5,3,132,-317
5,8,137,-324
5,7,152,-328
5,9,166,-335
5,11,172,-336
5,6,169,-340
5,-4,166,-336
5,-4,161,-325
5,-4,158,-321
5,-7,147,-316
5,-8,142,-319
5,0,137,-313
5,7,135,-320
5,7,140,-324
5,12,142,-330
5,8,156,-340
5,1,166,-338
5,-4,167,-333
5,-8,169,-336
5,-8,160,-328
5,-4,153,-327
0,1,132,-306
0,-1,131,-298
0,3,143,-322
0,12,148,-335
0,19,161,-336
0,16,167,-340
0,6,166,-344
0,-8,161,-338
0,-13,152,-333
0,-1,146,-328
0,-8,145,-316
0,-4,142,-313
0,4,135,-314
0,11,135,-328
0,15,135,-328
0,15,139,-333
0,-1,163,-338
0,-1,168,-335
0,3,172,-335
0,0,167,-336
0,-1,159,-322
0,-7,152,-324
0,-9,136,-320
0,-4,134,-313
0,-1,129,-317
1,7,132,-328
1,12,143,-324
1,8,158,-340
1,7,172,-337
1,7,174,-345
1,3,171,-340
1,-4,159,-330
1,-5,151,-321
1,-8,144,-320
1,-4,135,-320
1,3,129,-308
1,8,131,-313
1,7,135,-329
1,12,144,-336
1,14,156,-340
1,12,159,-340
1,6,160,-340
1,-7,161,-337
1,-12,164,-330
1,-8,153,-320
1,1,145,-317
1,1,135,-308
1,3,134,-313
1,14,131,-321
1,15,132,-335
2,12,143,-340
2,11,164,-346
2,3,176,-340
2,1,179,-341
2,-8,176,-332
2,-7,156,-320
2,-9,139,-320
2,-9,126,-312
2,-1,123,-306
2,7,124,-319
2,15,127,-328
2,17,143,-336
2,8,158,-348
2,-1,176,-338
2,-4,179,-336
2,-8,175,-324
2,-9,163,-320
2,-12,151,-320
2,-4,139,-317
2,-1,135,-308
2,6,124,-317
2,4,127,-328
2,6,134,-330
2,7,147,-336
2,3,163,-340
3,1,179,-337
3,-4,183,-337
3,-4,172,-325
3,-5,152,-322
3,-8,142,-324
3,-9,135,-324
3,-7,123,-316
3,0,126,-314
3,3,131,-324
3,6,140,-330
3,8,153,-340
3,7,172,-338
3,7,180,-336
3,-4,174,-336
3,-8,160,-328
3,-10,147,-321
3,-15,136,-319
3,-12,129,-313
3,-4,132,-312
3,3,135,-322
3,8,140,-328
3,7,145,-335
3,4,156,-337
3,3,167,-337
3,-2,172,-336
4,-4,166,-330
4,-5,159,-325
4,-7,150,-320
4,-9,136,-317
4,-8,131,-313
4,0,126,-313
4,3,127,-328
4,11,135,-325
4,15,151,-336
4,8,169,-340
4,1,176,-337
4,-4,171,-338
4,-8,158,-336
4,-10,147,-324
4,-13,143,-320
4,-7,136,-319
4,-4,135,-305
4,1,131,-317
4,3,131,-328
4,7,137,-328
4,12,150,-336
4,7,163,-340
4,3,167,-340
4,-2,167,-340
4,-8,159,-329
5,-9,148,-320
5,-12,140,-319
5,-8,135,-320
5,1,131,-312
5,8,127,-322
5,3,131,-328
5,3,137,-330
5,3,151,-340
5,4,161,-340
5,3,167,-340
5,3,167,-341
5,-4,159,-330
5,-13,147,-327
5,-15,140,-324
5,-10,127,-306
5,1,126,-308
5,7,127,-322
5,12,135,-328
5,15,144,-333
5,8,166,-341
5,7,172,-340
5,0,169,-344
5,-9,166,-336
5,-10,156,-324
5,-10,147,-320
0,-7,135,-319
0,0,127,-327
0,3,127,-324
0,8,131,-325
0,12,140,-336
0,7,156,-340
0,6,172,-338
0,-2,182,-336
0,-8,176,-333
0,-17,176,-322
0,-8,152,-324
0,-8,139,-320
0,-4,127,-317
0,-4,126,-308
0,-2,131,-321
0,-4,136,-333
0,3,143,-312
0,7,161,-330
0,7,177,-336
0,6,179,-337
0,-4,168,-333
0,-15,156,-328
0,-16,143,-320
0,-13,132,-314
0,-5,134,-304
1,3,131,-309
1,3,140,-320
1,12,156,-328
1,14,167,-337
1,15,172,-343
1,7,168,-344
1,7,164,-349
1,3,153,-328
1,4,140,-317
1,-4,143,-322
1,-7,140,-327
1,-1,137,-328
1,12,143,-335
1,24,142,-338
1,31,145,-327
1,33,156,-325
1,24,163,-329
1,8,167,-329
1,-2,174,-330
1,-2,172,-325
1,8,156,-320
1,8,144,-322
1,11,134,-317
1,9,135,-314
1,15,140,-328
2,16,147,-324
2,15,159,-330
2,15,171,-340
2,15,168,-336
2,14,160,-324
2,7,155,-330
2,15,145,-320
2,28,135,-327
2,19,139,-336
2,12,143,-311
2,9,156,-324
2,-1,184,-329
2,-1,188,-328
2,4,177,-328
2,12,158,-333
2,22,153,-336
2,24,161,-329
2,17,166,-319
2,4,160,-312
2,-1,168,-319
2,-2,184,-333
2,9,184,-320
2,22,172,-304
2,31,169,-301
2,33,176,-345
3,38,176,-377
3,46,147,-367
3,48,115,-368
3,38,105,-317
3,32,97,-216
3,6,111,-314
3,-48,156,-338
3,-47,182,-327
3,-13,239,-452
3,22,262,-388
3,46,195,-298
3,59,140,-312
3,17,143,-289
3,-41,152,-268
3,-77,169,-256
3,-64,167,-305
3,-58,152,-316
3,-49,115,-281
3,-36,89,-271
3,-24,99,-281
3,-7,142,-306
3,9,172,-328
3,17,232,-313
3,16,316,-356
3,3,302,-458
4,-7,177,-421
4,-20,108,-356
4,-49,86,-385
4,-61,63,-433
4,-16,60,-393
4,44,71,-324
4,76,65,-322
4,78,83,-311
4,67,108,-277
4,35,131,-282
4,-17,147,-289
4,-58,145,-282
4,-69,120,-281
4,-55,92,-319
4,-47,80,-345
4,-28,120,-332
4,-8,184,-309
4,-10,204,-317
4,-23,147,-314
4,-26,103,-303
4,-24,99,-319
4,-10,115,-340
4,15,110,-340
4,39,80,-336
4,48,83,-360
5,41,112,-392
5,31,112,-372
5,23,100,-354
5,19,80,-320
5,28,79,-314
5,48,88,-327
5,70,115,-336
5,71,136,-345
5,60,135,-365
5,52,120,-362
5,54,112,-335
5,63,112,-330
5,62,103,-328
5,62,103,-328
5,48,118,-305
5,40,134,-292
5,48,156,-332
5,57,167,-364
5,71,150,-372
5,73,119,-357
5,71,83,-359
5,75,55,-351
5,79,57,-346
5,86,57,-333
5,84,83,-308
0,75,112,-313
0,86,96,-321
0,102,71,-336
0,103,63,-343
0,88,102,-327
0,62,143,-327
0,62,151,-337
0,89,116,-337
0,120,76,-343
0,127,62,-343
0,107,99,-335
0,71,131,-319
0,56,159,-328
0,71,163,-328
0,100,131,-338
0,112,89,-345
0,99,80,-348
0,83,87,-351
0,76,99,-353
0,80,105,-344
0,84,95,-333
0,88,83,-329
0,83,84,-327
0,80,79,-345
0,79,71,-349
1,68,76,-356
1,67,83,-353
1,68,79,-360
1,67,86,-367
1,70,100,-353
1,62,100,-340
1,55,99,-349
1,41,96,-340
1,33,87,-345
1,31,76,-337
1,33,67,-338
1,33,63,-338
1,25,73,-336
1,23,78,-333
1,27,79,-328
1,31,83,-321
1,28,92,-306
1,20,88,-301
1,12,83,-313
1,14,71,-328
1,16,60,-340
1,20,51,-346
1,16,54,-356
1,8,63,-361
1,3,76,-362
2,3,84,-356
2,11,97,-340
2,15,105,-336
2,11,108,-324
2,12,89,-317
2,14,78,-320
2,15,63,-330
2,14,51,-345
2,12,48,-349
2,16,76,-351
2,15,92,-353
2,19,120,-353
2,23,132,-346
2,15,129,-340
2,7,99,-333
2,-1,67,-319
2,7,47,-319
2,17,44,-328
2,32,51,-336
2,43,73,-336
2,36,103,-340
2,40,115,-336
2,31,112,-337
2,35,96,-340
2,28,76,-338
3,28,62,-328
3,31,56,-325
3,48,54,-333
3,67,60,-337
3,78,67,-349
3,79,80,-349
3,71,87,-354
3,60,92,-353
3,60,97,-349
3,64,88,-352
3,72,80,-346
3,71,72,-336
3,67,64,-333
3,76,64,-336
3,92,71,-336
3,102,88,-328
3,87,83,-330
3,72,72,-345
3,67,70,-352
3,81,80,-340
5,115,104,-313
5,120,103,-314
5,135,99,-324
5,142,76,-330
5,142,52,-333
5,134,40,-336
5,120,56,-336
5,112,83,-345
5,108,96,-345
5,99,97,-328
5,105,99,-327
0,120,99,-332
0,143,96,-346
0,140,88,-338
0,127,79,-338
0,120,78,-344
0,112,79,-344
0,99,84,-340
0,95,83,-340
0,87,88,-327
0,92,92,-324
0,103,89,-324
0,118,99,-333
0,121,103,-333
0,120,105,-333
0,113,103,-338
0,110,99,-343
0,99,86,-353
0,94,83,-345
0,89,80,-336
0,88,83,-328
0,94,89,-325
0,105,99,-328
0,116,112,-329
0,127,118,-341
0,124,103,-337
1,115,102,-346
1,99,89,-345
1,94,84,-345
1,88,88,-344
1,83,84,-327
1,89,88,-320
1,103,88,-320
1,118,94,-322
1,127,101,-328
1,127,105,-332
1,113,99,-340
1,103,83,-344
1,89,78,-343
1,89,79,-344
1,84,83,-333
1,87,96,-324
1,99,102,-321
1,113,105,-327
1,127,107,-329
1,126,100,-333
1,115,95,-335
1,99,94,-344
1,92,92,-344
1,88,86,-338
1,88,89,-338
2,94,96,-333
2,95,97,-319
2,102,99,-317
2,108,99,-321
2,113,96,-328
2,115,96,-336
2,108,99,-340
2,103,97,-343
2,97,94,-345
2,92,96,-341
2,88,96,-336
2,87,100,-325
2,92,99,-320
2,99,99,-322
2,113,95,-333
2,124,89,-336
2,120,89,-340
2,108,94,-340
2,97,96,-340
2,88,95,-340
2,88,99,-340
2,84,102,-330
2,88,97,-320
2,99,92,-324
2,112,88,-328
3,124,88,-333
3,120,92,-336
3,112,97,-340
3,100,96,-344
3,92,92,-340
3,88,91,-338
3,83,99,-336
3,86,108,-327
3,91,100,-320
3,103,92,-324
3,115,84,-328
3,119,91,-333
3,118,103,-337
3,112,100,-341
3,99,99,-344
3,95,94,-341
3,88,96,-338
3,83,92,-337
3,88,94,-329
3,92,92,-321
3,104,88,-324
3,113,88,-328
3,120,92,-330
3,118,99,-337
3,104,103,-336
4,97,99,-343
4,92,92,-343
4,91,92,-341
4,92,94,-337
4,88,92,-329
4,84,97,-320
4,96,92,-324
4,111,92,-324
4,124,92,-332
4,121,95,-340
4,112,97,-343
4,99,100,-345
4,89,99,-340
4,84,89,-345
4,86,92,-337
4,84,96,-322
4,94,96,-320
4,107,92,-322
4,115,96,-328
4,120,99,-333
4,108,94,-340
4,100,94,-345
4,94,94,-345
4,91,96,-340
4,89,96,-340
5,88,99,-336
5,86,97,-324
5,88,96,-314
5,92,89,-319
5,103,89,-324
5,113,92,-337
5,115,92,-345
5,108,92,-346
5,103,96,-351
5,88,91,-344
5,79,95,-341
5,79,102,-340
5,73,103,-328
5,79,96,-317
5,94,96,-324
5,107,97,-328
5,120,92,-338
5,121,94,-340
5,110,96,-349
5,96,94,-346
5,80,99,-343
5,71,103,-340
5,65,108,-336
5,64,102,-320
5,76,99,-319
0,92,95,-322
0,120,99,-332
0,120,91,-336
0,115,91,-340
0,97,92,-344
0,88,99,-346
0,72,100,-345
0,67,103,-338
0,71,102,-337
0,31,96,-333
0,78,99,-325
0,87,86,-324
0,99,76,-328
0,108,80,-336
0,112,83,-338
0,102,92,-345
0,92,103,-349
0,78,102,-343
0,68,105,-338
0,70,102,-340
0,71,96,-336
0,71,89,-320
0,86,83,-324
0,97,78,-325
0,111,79,-333
1,111,89,-344
1,103,95,-349
1,96,104,-351
1,88,103,-353
1,70,96,-349
1,64,92,-340
1,63,92,-343
1,70,92,-320
1,89,88,-320
1,103,80,-327
1,112,76,-330
1,110,81,-338
1,97,88,-343
1,87,92,-351
1,76,87,-333
1,75,96,-345
1,76,97,-344
1,76,94,-335
1,75,88,-320
1,83,80,-322
1,95,75,-324
1,103,75,-333
1,107,79,-338
1,103,88,-349
1,92,92,-352
2,79,99,-345
2,71,95,-349
2,67,92,-340
2,73,89,-336
2,76,88,-322
2,80,87,-320
2,94,78,-324
2,103,76,-328
2,107,79,-336
2,100,83,-345
2,92,88,-349
2,80,92,-351
2,75,96,-345
2,70,95,-340
2,73,88,-338
2,75,83,-328
2,79,84,-320
2,89,79,-321
2,95,76,-328
2,96,76,-337
2,97,79,-346
2,97,84,-353
2,92,88,-351
2,80,89,-346
2,73,88,-345
3,73,86,-340
3,70,86,-333
3,71,81,-317
3,79,80,-320
3,92,75,-327
3,103,70,-338
3,111,72,-346
3,108,81,-345
3,92,89,-345
3,79,94,-349
3,70,92,-346
3,67,83,-345
3,71,78,-337
3,71,79,-320
3,79,78,-313
3,89,73,-321
3,100,75,-333
3,108,76,-345
3,104,80,-348
3,94,79,-348
3,76,79,-354
3,67,76,-348
3,70,72,-344
3,76,79,-337
3,75,81,-325
4,75,83,-319
4,86,76,-324
4,95,71,-328
4,96,73,-340
4,103,81,-346
4,97,83,-351
4,89,78,-349
4,76,80,-348
4,70,81,-345
4,71,79,-340
4,71,81,-336
4,75,79,-320
4,83,72,-316
4,88,70,-322
4,96,76,-329
4,103,84,-338
4,96,94,-348
4,91,94,-349
4,81,86,-353
4,73,78,-351
4,71,72,-344
4,67,83,-346
4,71,86,-325
4,71,86,-319
4,80,79,-320
5,88,73,-327
5,99,79,-340
5,102,84,-346
5,97,88,-353
5,87,88,-353
5,79,88,-346
5,63,83,-346
5,63,79,-345
5,71,81,-338
5,67,86,-320
5,79,83,-320
5,87,76,-324
5,88,71,-330
5,92,79,-338
5,96,88,-351
5,91,92,-349
5,78,91,-351
5,68,88,-352
5,63,88,-345
5,71,87,-344
5,73,80,-330
5,76,78,-313
5,80,70,-321
5,83,70,-324
5,92,73,-328
0,92,87,-336
0,88,91,-359
0,84,95,-356
0,79,92,-354
0,71,87,-349
0,67,79,-345
0,67,81,-337
0,71,80,-332
0,71,80,-317
0,78,73,-320
0,86,79,-324
0,92,76,-329
0,94,84,-340
0,88,92,-352
0,87,88,-354
0,83,92,-354
0,79,88,-356
0,75,83,-340
0,63,81,-336
0,63,86,-322
0,64,88,-320
0,80,83,-321
0,92,79,-325
0,92,81,-338
0,99,87,-353
1,91,92,-352
1,80,96,-353
1,76,94,-349
1,67,83,-343
1,64,86,-340
1,63,88,-328
1,63,83,-320
1,73,83,-327
1,88,78,-327
1,96,80,-336
1,99,89,-345
1,92,96,-349
1,78,99,-352
1,71,96,-353
1,62,92,-346
1,67,97,-344
1,71,89,-340
1,68,87,-320
1,70,81,-313
1,79,79,-322
1,88,81,-327
1,92,87,-340
1,96,96,-349
1,91,96,-357
1,76,96,-353
2,72,96,-353
2,65,92,-345
2,60,94,-337
2,62,89,-328
2,63,86,-317
2,78,79,-324
2,91,76,-328
2,94,79,-333
2,96,91,-340
2,92,104,-344
2,80,105,-348
2,70,107,-349
2,63,95,-346
2,67,84,-344
2,65,89,-336
2,67,87,-327
2,71,83,-314
2,79,84,-320
2,81,87,-325
2,89,96,-336
2,86,103,-343
2,86,110,-349
2,80,102,-356
2,70,96,-353
2,64,89,-346
3,64,96,-338
3,67,99,-335
3,72,96,-332
3,70,95,-317
3,73,89,-317
3,76,86,-321
3,81,87,-328
3,83,94,-343
3,86,99,-349
3,83,103,-351
3,76,102,-353
3,67,97,-351
3,59,95,-340
3,62,95,-340
3,62,94,-324
3,63,87,-317
3,72,83,-324
3,83,81,-322
3,91,92,-328
3,92,100,-336
3,84,102,-346
3,78,94,-356
3,70,96,-356
3,65,96,-351
3,67,96,-341
4,64,92,-338
4,63,89,-330
4,63,80,-317
4,76,81,-321
4,81,83,-325
4,87,86,-336
4,87,92,-340
4,78,103,-351
4,76,104,-354
4,72,99,-353
4,67,92,-349
4,64,87,-340
4,63,88,-337
4,62,94,-320
4,60,92,-313
4,67,92,-320
4,75,92,-324
4,80,88,-338
4,83,94,-353
4,92,103,-356
4,91,99,-353
4,70,89,-352
4,59,76,-346
4,51,79,-340
4,51,97,-340
5,56,99,-316
5,60,99,-308
5,70,92,-320
5,76,86,-329
5,81,87,-345
5,86,92,-352
5,83,96,-356
5,67,97,-354
5,57,96,-345
5,51,96,-344
5,48,99,-336
5,56,99,-327
5,63,97,-317
5,67,92,-319
5,71,86,-324
5,73,80,-336
5,76,88,-345
5,79,96,-353
5,79,99,-353
5,70,103,-354
5,60,95,-349
5,49,92,-337
5,40,92,-336
5,44,94,-320
5,55,89,-317
0,70,88,-320
0,60,112,-333
0,73,92,-340
0,76,96,-353
0,71,102,-352
0,63,102,-353
0,54,100,-348
0,49,96,-344
0,46,95,-340
0,67,92,-333
0,57,88,-314
0,67,92,-320
0,68,86,-324
0,72,88,-341
0,76,94,-346
0,76,99,-349
0,68,96,-357
0,63,99,-356
0,56,96,-344
0,46,92,-340
0,43,91,-343
0,48,94,-317
0,56,88,-316
0,68,86,-320
0,92,91,-335
1,78,92,-340
1,76,102,-351
1,71,105,-356
1,66,105,-353
1,57,96,-352
1,49,84,-344
1,48,86,-343
1,48,88,-320
1,51,89,-319
1,70,88,-328
1,76,88,-336
1,83,94,-343
1,76,96,-353
1,70,96,-352
1,56,97,-346
1,54,91,-346
1,51,86,-343
1,51,94,-336
1,56,95,-324
1,54,94,-317
1,60,83,-320
1,65,83,-329
1,70,89,-344
1,73,92,-349
1,71,96,-349
2,68,99,-356
2,62,103,-349
2,56,100,-344
2,56,87,-341
2,47,86,-332
2,43,88,-325
2,49,88,-322
2,60,88,-322
2,70,92,-324
2,72,94,-337
2,73,96,-351
2,71,100,-351
2,71,102,-349
2,62,102,-348
2,51,94,-345
2,52,92,-338
2,51,96,-335
2,54,94,-335
2,60,92,-333
2,63,92,-336
2,64,91,-336
2,56,89,-338
2,56,88,-337
2,60,96,-332
2,63,99,-333
3,60,102,-337
3,62,102,-337
3,62,95,-338
3,65,92,-336
3,67,88,-336
3,60,95,-335
3,60,94,-333
3,60,96,-336
3,60,94,-336
3,63,89,-337
3,67,89,-337
3,73,87,-336
3,75,88,-340
3,70,92,-345
3,60,94,-336
3,60,96,-336
3,60,96,-337
3,64,96,-338
3,71,96,-338
3,75,99,-336
3,79,99,-343
3,72,83,-333
3,63,78,-333
3,55,79,-343
3,64,95,-336
4,79,112,-335
4,83,121,-345
4,80,115,-349
4,70,99,-349
4,64,91,-353
4,63,83,-335
4,60,89,-328
4,62,97,-336
4,63,108,-336
4,68,103,-333
4,75,99,-329
4,70,94,-333
4,71,94,-341
4,68,99,-349
4,70,104,-349
4,65,103,-351
4,62,103,-337
4,56,99,-320
4,51,96,-312
4,63,88,-317
4,70,89,-336
4,76,96,-340
4,78,105,-343
4,71,115,-349
4,63,118,-354
5,48,111,-338
5,41,104,-336
5,48,104,-348
5,60,96,-344
5,70,83,-330
5,83,92,-328
5,88,108,-325
5,89,108,-336
5,71,103,-337
5,55,83,-328
5,33,96,-345
5,28,119,-349
5,40,124,-340
5,67,104,-345
5,81,88,-340
5,89,83,-340
5,83,92,-341
5,63,102,-329
5,40,103,-319
5,39,100,-317
5,49,99,-329
5,65,108,-336
5,78,107,-333
5,79,105,-344
5,71,104,-346
0,63,103,-352
0,60,103,-365
0,51,103,-349
0,51,108,-345
0,49,104,-322
0,49,96,-308
0,59,88,-316
0,68,95,-329
0,76,96,-336
0,68,110,-345
0,76,105,-351
0,65,112,-353
0,59,118,-356
0,57,115,-353
0,49,108,-345
0,48,96,-325
0,44,87,-303
0,51,83,-311
0,60,88,-327
0,71,105,-336
0,79,115,-345
0,84,120,-349
0,79,116,-349
0,63,108,-359
0,48,99,-359
1,39,99,-338
1,35,84,-313
1,35,89,-308
1,51,91,-320
1,71,102,-328
1,88,108,-335
1,94,108,-345
1,83,107,-354
1,72,104,-365
1,55,104,-356
1,47,96,-353
1,39,92,-340
1,38,88,-322
1,41,92,-305
1,48,88,-319
1,63,95,-325
1,78,103,-330
1,81,108,-345
1,83,105,-353
1,71,110,-361
1,60,110,-360
1,51,108,-354
1,44,99,-352
1,35,88,-327
1,35,86,-305
2,43,88,-311
2,63,95,-320
2,79,102,-335
2,91,110,-345
2,88,108,-356
2,76,108,-360
2,60,107,-360
2,44,97,-353
2,38,96,-345
2,28,96,-317
2,31,97,-308
2,48,96,-313
2,67,100,-324
2,81,97,-328
2,87,96,-340
2,79,104,-356
2,64,111,-360
2,54,110,-356
2,44,111,-353
2,39,103,-346
2,33,97,-336
2,33,96,-312
2,43,96,-306
2,60,89,-311
2,70,92,-320
3,73,96,-332
3,75,99,-351
3,70,108,-359
3,60,113,-365
3,56,118,-362
3,48,110,-352
3,46,103,-346
3,36,103,-333
3,35,97,-320
3,38,99,-305
3,48,102,-308
3,63,94,-321
3,68,86,-328
3,68,88,-340
3,67,96,-353
3,65,108,-362
3,59,112,-360
3,54,118,-353
3,43,119,-346
3,35,108,-336
3,31,103,-329
3,32,91,-314
3,43,80,-311
3,48,76,-321
3,59,79,-329
4,72,92,-335
4,81,99,-352
4,81,113,-356
4,64,120,-356
4,51,123,-356
4,39,112,-352
4,31,102,-340
4,24,92,-333
4,31,83,-314
4,44,83,-313
4,55,87,-324
4,60,92,-328
4,72,89,-337
4,78,99,-349
4,76,104,-356
4,64,112,-361
4,51,115,-353
4,40,113,-349
4,31,107,-344
4,31,99,-338
4,38,94,-322
4,44,88,-311
4,59,81,-316
4,57,83,-322
4,63,88,-333
5,63,96,-341
5,63,107,-356
5,63,115,-361
5,56,118,-360
5,48,115,-353
5,40,103,-343
5,33,96,-336
5,32,89,-329
5,39,84,-317
5,44,79,-313
5,48,88,-320
5,56,88,-327
5,60,94,-340
5,63,112,-356
5,71,112,-360
5,63,112,-360
5,54,108,-354
5,46,97,-349
5,31,88,-338
5,23,95,-327
5,24,96,-311
5,43,94,-313
5,56,89,-320
5,67,83,-328
5,68,88,-346
0,67,95,-353
0,56,105,-351
0,49,113,-356
0,48,115,-356
0,40,108,-349
0,32,99,-340
0,30,88,-328
0,33,83,-319
0,43,89,-309
0,31,92,-320
0,59,95,-328
0,56,92,-336
0,54,96,-353
0,56,103,-356
0,56,108,-360
0,55,115,-354
0,48,108,-352
0,39,96,-340
0,28,92,-330
0,25,88,-319
0,28,89,-309
0,41,88,-313
0,51,92,-328
0,56,88,-340
0,63,99,-349
1,67,108,-356
1,59,113,-360
1,48,112,-359
1,40,105,-349
1,28,92,-341
1,24,88,-333
1,22,83,-316
1,28,81,-319
1,44,89,-320
1,60,92,-322
1,63,94,-344
1,63,103,-360
1,60,112,-359
1,52,119,-361
1,47,108,-360
1,39,96,-354
1,31,88,-341
1,23,89,-329
1,25,87,-317
1,38,88,-309
1,48,97,-311
1,55,94,-320
1,56,88,-336
1,54,92,-353
1,55,102,-359
2,54,108,-360
2,49,110,-356
2,46,105,-349
2,32,96,-343
2,24,96,-330
2,19,88,-317
2,27,86,-311
2,36,88,-319
2,50,91,-325
2,59,95,-336
2,63,102,-354
2,62,108,-361
2,57,112,-361
2,48,112,-360
2,39,103,-354
2,28,92,-340
2,16,89,-335
2,15,87,-313
2,25,92,-308
2,40,97,-313
2,56,99,-322
2,60,99,-338
2,56,96,-353
2,54,105,-365
2,47,111,-365
3,46,112,-360
3,43,104,-353
3,31,96,-344
3,24,95,-328
3,19,95,-305
3,22,96,-305
3,35,94,-313
3,44,96,-321
3,56,92,-336
3,63,99,-356
3,59,112,-362
3,52,115,-368
3,44,112,-360
3,32,103,-354
3,24,95,-345
3,16,92,-328
3,15,89,-305
3,28,95,-304
3,40,103,-311
3,55,96,-324
3,57,99,-346
3,56,99,-360
3,51,102,-368
3,48,103,-365
3,43,103,-360
4,33,99,-351
4,24,99,-336
4,12,96,-320
4,14,91,-301
4,20,88,-301
4,35,79,-317
4,51,96,-332
4,60,119,-349
4,63,127,-361
4,49,115,-369
4,44,99,-367
4,31,88,-360
4,19,83,-349
4,15,84,-311
4,12,88,-301
4,17,97,-314
4,33,112,-311
4,51,120,-329
4,57,105,-351
4,49,83,-362
4,46,83,-362
4,40,95,-357
4,40,99,-352
4,30,100,-344
4,12,103,-320
5,1,107,-305
5,7,103,-312
5,28,88,-320
5,44,80,-336
5,57,79,-353
5,67,88,-359
5,63,102,-368
5,44,110,-360
5,31,105,-349
5,15,108,-353
5,3,103,-328
5,-1,97,-301
5,7,94,-308
5,17,96,-317
5,38,110,-328
5,51,116,-345
5,71,110,-351
5,72,95,-362
5,56,96,-364
5,35,100,-357
5,12,112,-349
5,7,116,-338
0,24,97,-312
0,31,92,-313
0,38,100,-332
0,48,113,-345
0,54,123,-360
0,51,123,-353
0,38,120,-353
0,19,115,-349
0,1,113,-349
0,-8,110,-344
0,-1,96,-317
0,14,95,-308
0,31,95,-319
0,41,100,-332
0,55,119,-338
0,48,121,-349
0,40,120,-354
0,28,111,-356
0,23,96,-353
0,12,96,-340
0,3,103,-338
0,-1,104,-333
0,3,103,-333
0,7,99,-321
0,22,96,-313
1,39,92,-314
1,49,86,-330
1,46,79,-338
1,43,83,-345
1,28,99,-352
1,19,113,-361
1,7,127,-353
1,1,121,-349
1,4,115,-341
1,14,104,-336
1,19,97,-320
1,24,97,-312
1,27,105,-317
1,31,115,-324
1,41,119,-332
1,41,120,-346
1,47,111,-353
1,48,104,-338
1,39,83,-343
1,31,92,-335
1,28,127,-340
1,39,134,-352
1,44,123,-349
1,19,112,-343
1,19,110,-345
2,15,105,-349
2,17,102,-336
2,27,96,-344
2,44,96,-344
2,63,103,-333
2,70,104,-329
2,51,108,-336
2,27,103,-325
2,11,103,-312
2,-4,103,-313
2,12,105,-320
2,31,118,-338
2,48,124,-349
2,56,124,-352
2,52,112,-351
2,39,100,-349
2,28,99,-345
2,19,99,-330
2,19,115,-328
2,16,120,-313
2,15,120,-314
2,14,116,-320
2,15,112,-330
2,25,103,-336
2,38,96,-348
3,48,96,-348
3,55,89,-357
3,46,83,-360
3,30,88,-345
3,12,92,-340
3,-1,103,-330
3,-8,112,-325
3,6,111,-328
3,22,108,-336
3,38,105,-344
3,56,94,-353
3,62,80,-356
3,57,70,-360
3,40,71,-356
3,20,81,-352
3,-1,88,-335
3,-10,104,-314
3,-9,110,-320
3,6,111,-329
3,30,99,-333
3,48,79,-335
3,62,75,-346
3,47,71,-362
3,31,75,-356
3,15,71,-344
4,0,67,-335
4,-13,62,-317
4,-12,60,-290
4,-1,64,-320
4,14,88,-349
4,43,103,-340
4,68,107,-356
4,79,102,-378
4,63,99,-370
4,31,102,-360
4,-1,99,-340
4,-20,89,-330
4,-13,89,-330
4,16,94,-353
4,40,96,-353
4,63,83,-336
4,71,89,-324
4,55,99,-322
4,33,107,-327
4,19,105,-328
4,23,108,-320
4,33,108,-324
4,39,105,-330
4,39,112,-345
4,32,118,-340
5,35,112,-340
5,31,97,-349
5,30,92,-345
5,35,88,-329
5,41,88,-338
5,40,87,-324
5,47,76,-319
5,35,71,-343
5,31,67,-353
5,31,75,-368
5,38,79,-353
5,46,87,-348
5,31,84,-368
5,31,73,-362
5,33,73,-338
5,35,88,-340
5,39,99,-317
5,44,108,-319
5,40,110,-313
5,43,116,-346
5,44,110,-352
5,44,97,-336
5,39,92,-352
5,35,79,-372
5,22,76,-340
0,24,83,-317
0,28,83,-320
0,31,96,-317
0,31,115,-335
0,35,120,-325
0,35,124,-345
0,31,120,-338
0,31,112,-340
0,35,103,-336
0,15,87,-337
0,35,80,-351
0,31,72,-349
0,39,76,-328
0,48,88,-328
0,44,96,-333
0,39,91,-351
0,30,95,-344
0,26,88,-324
0,22,112,-344
0,22,120,-328
0,17,108,-313
0,24,103,-328
0,41,91,-336
0,49,83,-336
0,48,96,-344
1,52,120,-340
1,62,134,-351
1,57,135,-349
1,44,135,-356
1,25,113,-329
1,39,99,-328
1,40,99,-329
1,24,83,-340
1,16,83,-345
1,23,87,-349
1,33,94,-353
1,48,102,-353
1,70,108,-353
1,82,104,-357
1,76,92,-362
1,60,88,-337
1,44,99,-343
1,38,103,-324
1,38,103,-321
1,41,103,-320
1,48,94,-330
1,44,65,-343
1,28,68,-327
1,19,83,-320
1,14,92,-317
2,12,104,-313
2,22,105,-325
2,46,103,-346
2,70,76,-360
2,83,57,-364
2,76,67,-351
2,52,80,-344
2,31,94,-354
2,12,99,-361
2,7,99,-353
2,7,99,-346
2,15,102,-354
2,30,105,-337
2,44,100,-336
2,55,102,-328
2,54,102,-338
2,41,108,-333
2,38,99,-314
2,30,103,-336
2,19,107,-325
2,14,88,-328
2,15,70,-336
2,31,44,-351
2,51,39,-341
2,51,67,-354
3,44,103,-353
3,31,120,-349
3,16,127,-322
3,9,126,-324
3,11,103,-340
3,24,78,-353
3,38,43,-340
3,35,25,-317
3,28,31,-320
3,22,57,-321
3,15,84,-340
3,12,115,-348
3,20,135,-336
3,46,137,-337
3,56,115,-345
3,62,95,-361
3,52,64,-362
3,39,43,-354
3,22,39,-345
3,15,41,-340
3,16,51,-353
3,19,67,-359
3,30,83,-348
3,33,99,-338
3,44,99,-332
4,44,88,-349
4,44,67,-345
4,30,70,-325
4,12,83,-322
4,6,99,-328
4,7,110,-330
4,23,104,-330
4,39,95,-332
4,48,79,-343
4,48,59,-338
4,40,39,-328
4,31,35,-324
4,28,38,-321
4,28,54,-361
4,31,84,-369
4,54,110,-362
4,63,118,-361
4,64,112,-359
4,48,96,-360
4,31,71,-345
4,19,49,-335
4,14,39,-325
4,7,47,-322
4,8,64,-320
4,22,81,-321
5,31,102,-320
5,32,121,-313
5,36,131,-317
5,48,142,-329
5,59,127,-353
5,56,103,-367
5,51,88,-360
5,47,87,-343
5,24,103,-349
5,7,108,-343
5,-1,86,-353
5,15,67,-349
5,31,59,-335
5,48,60,-340
5,63,81,-354
5,73,99,-360
5,68,123,-353
5,52,124,-336
5,32,118,-345
5,30,103,-345
5,25,86,-340
5,22,65,-321
5,17,60,-324
5,23,63,-328
5,25,73,-337
0,38,89,-336
0,49,97,-344
0,62,104,-359
0,63,99,-354
0,48,95,-346
0,25,87,-338
0,8,78,-336
0,-2,70,-337
0,-1,55,-327
0,8,40,-317
0,28,63,-336
0,43,91,-338
0,44,119,-333
0,39,132,-333
0,32,124,-354
0,39,96,-367
0,44,65,-359
0,39,43,-348
0,31,35,-337
0,19,51,-335
0,7,79,-343
0,-4,107,-325
0,1,126,-325
0,15,115,-312
0,28,102,-336
1,33,81,-352
1,46,71,-353
1,55,71,-353
1,52,83,-353
1,35,96,-346
1,15,92,-343
1,-2,81,-340
1,-7,76,-340
1,-7,83,-327
1,-1,86,-322
1,16,99,-329
1,30,96,-332
1,35,92,-338
1,39,87,-345
1,47,73,-365
1,48,80,-364
1,38,96,-352
1,24,108,-346
1,7,115,-328
1,-9,104,-327
1,-17,86,-330
1,-13,65,-320
1,11,56,-306
1,33,57,-336
1,56,76,-348
3,49,71,-362
3,51,48,-352
3,32,49,-351
3,12,72,-351
3,-9,99,-346
3,-16,115,-313
3,-13,111,-306
3,-1,104,-322
3,20,96,-338
3,43,92,-340
3,57,80,-349
3,63,75,-359
3,48,72,-359
3,19,81,-354
3,-1,83,-351
3,-12,88,-337
3,-13,88,-328
3,-10,88,-319
3,9,94,-308
3,28,91,-325
3,44,94,-338
3,55,99,-345
3,49,111,-354
3,31,108,-349
3,14,96,-354
4,3,75,-361
4,1,55,-354
4,7,44,-328
4,15,51,-319
4,12,71,-317
4,17,108,-317
4,24,123,-333
4,31,124,-343
4,39,97,-349
4,36,76,-365
4,31,51,-361
4,25,54,-354
4,15,70,-349
4,8,81,-338
4,-2,84,-324
4,-8,81,-312
4,-4,79,-325
4,14,73,-333
4,33,72,-340
4,41,88,-353
4,56,92,-349
4,56,80,-359
4,32,71,-369
4,15,73,-353
4,-2,83,-345
5,-16,92,-330
5,-23,92,-320
5,-20,83,-314
5,3,71,-317
5,31,60,-329
5,46,56,-345
5,56,62,-353
5,54,83,-369
5,39,111,-353
5,24,120,-356
5,4,115,-343
5,-9,92,-341
5,-18,70,-345
5,-18,57,-306
5,8,55,-298
5,22,64,-321
5,31,83,-338
5,47,96,-343
5,48,103,-353
5,43,108,-360
5,25,103,-360
5,7,96,-349
5,-8,88,-353
5,-13,79,-353
5,0,60,-337
0,19,60,-313
0,28,78,-332
0,22,105,-324
0,16,113,-327
0,17,112,-345
0,30,105,-364
0,44,83,-373
0,48,64,-361
0,35,57,-346
0,31,78,-346
0,-2,76,-340
0,-18,84,-317
0,-17,96,-309
0,-1,96,-309
0,23,95,-316
0,35,88,-338
0,40,83,-351
0,48,83,-367
0,48,81,-362
0,32,87,-360
0,15,81,-356
0,3,76,-351
0,-8,71,-336
0,-16,71,-314
0,-10,72,-298
1,7,86,-320
1,28,92,-336
1,48,94,-335
1,63,79,-360
1,64,73,-369
1,48,75,-361
1,19,94,-359
1,-13,97,-346
1,-29,91,-341
1,-29,79,-340
1,-7,63,-324
1,16,51,-301
1,31,51,-308
1,48,60,-329
1,57,81,-354
1,54,99,-357
1,39,112,-375
1,31,105,-360
1,7,83,-360
1,-8,62,-360
1,-16,55,-338
1,-7,56,-317
1,-4,71,-305
1,12,78,-311
1,24,79,-321
2,40,80,-338
2,48,79,-351
2,51,84,-365
2,40,83,-362
2,19,87,-367
2,11,88,-354
2,-1,70,-360
2,-1,60,-349
2,-1,67,-321
2,-8,76,-306
2,-8,83,-300
2,4,87,-312
2,24,83,-337
2,49,78,-360
2,65,65,-362
2,71,64,-367
2,40,71,-360
2,12,86,-360
2,-16,92,-353
2,-26,88,-343
2,-31,81,-320
2,-16,75,-303
2,6,67,-317
2,31,76,-328
2,56,84,-336
3,67,95,-340
3,56,96,-360
3,36,87,-365
3,12,79,-360
3,0,65,-361
3,-10,67,-353
3,-7,71,-336
3,-4,79,-316
3,-2,87,-314
3,15,94,-309
3,35,83,-336
3,51,81,-345
3,56,88,-346
3,48,108,-356
3,32,112,-352
3,8,108,-360
3,-4,89,-369
3,-5,57,-356
3,3,49,-313
3,11,48,-293
3,20,62,-309
3,27,99,-333
3,36,121,-332
3,46,126,-345
3,48,111,-357
4,38,92,-368
4,28,67,-367
4,14,67,-349
4,7,76,-345
4,-4,80,-333
4,-12,81,-313
4,3,87,-308
4,24,88,-321
4,39,94,-336
4,60,94,-338
4,56,87,-353
4,46,87,-370
4,31,79,-359
4,17,76,-369
4,7,83,-356
4,6,96,-346
4,-5,108,-328
4,-13,104,-296
4,-10,100,-305
4,12,87,-328
4,44,71,-344
4,70,60,-340
4,83,60,-362
4,67,73,-365
4,30,102,-368
5,-1,110,-351
5,-24,110,-349
5,-36,96,-336
5,-18,76,-306
5,7,75,-304
5,35,84,-316
5,51,88,-335
5,62,79,-338
5,57,81,-360
5,44,91,-372
5,28,89,-365
5,7,89,-353
5,-5,88,-353
5,-8,89,-344
5,7,79,-333
5,19,76,-314
5,24,96,-308
5,23,111,-313
5,15,107,-321
5,16,99,-336
5,31,84,-360
5,48,67,-377
5,56,55,-360
5,47,57,-360
5,24,83,-352
0,3,103,-336
0,-26,110,-343
0,-29,105,-313
0,-9,92,-306
0,15,83,-330
0,43,79,-336
0,60,88,-343
0,72,88,-360
0,60,81,-365
0,32,88,-364
0,-1,79,-362
0,-17,80,-345
0,-25,84,-317
0,-20,81,-305
0,1,84,-313
0,31,88,-333
0,56,88,-338
0,65,96,-349
0,51,110,-354
0,27,110,-362
0,-1,103,-362
0,-9,80,-368
0,-4,65,-340
0,7,52,-320
0,17,55,-314
1,24,76,-305
1,16,105,-327
1,19,120,-332
1,31,105,-340
1,33,96,-356
1,39,80,-372
1,41,70,-364
1,28,79,-356
1,11,84,-352
1,-8,88,-330
1,-20,83,-313
1,-16,81,-308
1,-1,87,-313
1,28,83,-321
1,44,94,-333
1,63,95,-353
1,67,94,-372
1,48,92,-369
1,15,99,-360
1,-8,96,-352
1,-24,95,-340
1,-32,83,-322
1,-9,71,-305
1,14,67,-312
1,40,70,-320
2,63,80,-344
2,68,103,-346
2,56,113,-365
2,31,115,-364
2,7,100,-365
2,-7,81,-359
2,-8,68,-344
2,-4,71,-324
2,6,79,-305
2,15,86,-311
2,24,88,-320
2,36,92,-324
2,41,88,-335
2,48,84,-356
2,49,92,-368
2,38,92,-370
2,24,88,-368
2,7,96,-349
2,-8,110,-336
2,-20,104,-320
2,-20,96,-309
2,8,83,-308
2,35,72,-319
2,52,62,-336
2,67,65,-343
3,68,83,-367
3,55,115,-373
3,19,124,-359
3,-1,112,-360
3,-13,89,-354
3,-17,71,-337
3,-4,67,-313
3,12,76,-300
3,25,86,-312
3,43,86,-321
3,56,88,-336
3,63,88,-356
3,57,94,-370
3,33,103,-365
3,12,105,-353
3,-10,112,-354
3,-24,104,-349
3,-13,83,-336
3,15,71,-311
3,31,65,-306
3,47,67,-314
3,54,79,-341
3,54,96,-338
3,39,112,-362
3,22,118,-368
4,23,104,-364
4,15,95,-362
4,8,79,-357
4,8,71,-336
4,1,73,-305
4,7,79,-296
4,15,81,-313
4,35,96,-328
4,48,108,-345
4,60,115,-351
4,64,118,-361
4,47,110,-354
4,14,87,-365
4,-10,72,-362
4,-20,71,-337
4,-16,71,-317
4,3,76,-305
4,28,83,-306
4,40,94,-330
4,51,105,-335
4,57,110,-344
4,57,111,-364
4,48,103,-368
4,11,94,-365
4,3,83,-360
5,-2,76,-337
5,-4,71,-327
5,-8,79,-317
5,7,80,-308
5,22,94,-328
5,38,108,-333
5,51,115,-340
5,56,103,-353
5,47,87,-356
5,24,88,-345
5,-13,76,-353
0,3,103,-344
0,-8,80,-320
0,-4,78,-327
0,19,73,-322
0,33,78,-304
0,44,80,-309
0,39,92,-322
0,30,94,-330
0,24,96,-338
0,16,96,-349
0,31,91,-369
0,39,81,-375
0,31,83,-369
0,15,88,-360
0,7,95,-352
0,6,94,-335
0,15,87,-309
0,31,88,-303
0,39,86,-312
0,39,80,-324
0,35,83,-335
0,31,94,-345
0,24,96,-360
0,31,99,-359
0,24,92,-357
1,16,91,-354
1,6,87,-340
1,3,79,-319
1,7,83,-305
1,16,87,-320
1,31,81,-333
1,43,88,-348
1,49,96,-354
1,48,99,-360
1,36,102,-360
1,16,96,-360
1,3,89,-353
1,-8,83,-327
1,-1,79,-301
1,3,78,-319
1,23,89,-327
1,41,103,-335
1,54,105,-345
1,55,103,-353
1,46,97,-349
1,24,88,-343
1,7,79,-336
1,3,76,-332
1,6,79,-327
1,19,87,-328
2,30,97,-329
2,47,105,-332
2,56,108,-335
2,51,108,-338
2,41,103,-353
2,31,95,-367
2,31,84,-367
2,28,80,-356
2,31,79,-353
2,31,78,-345
2,35,80,-330
2,35,83,-322
2,39,94,-321
2,43,100,-322
2,44,108,-321
2,44,118,-332
2,46,120,-336
2,43,111,-329
2,41,96,-336
2,35,79,-345
2,28,67,-345
2,33,60,-349
2,39,71,-356
2,48,92,-365
2,56,108,-356
3,60,120,-352
3,43,119,-352
3,31,76,-354
3,-13,56,-338
3,-13,60,-353
3,16,86,-338
3,63,97,-332
3,83,96,-336
3,64,81,-328
3,40,71,-330
3,22,83,-316
3,4,83,-330
3,-8,84,-353
3,-9,84,-325
3,7,71,-336
3,19,65,-352
3,38,71,-335
3,46,71,-354
3,46,87,-332
3,40,97,-320
3,32,103,-348
3,24,111,-340
3,-21,103,-320
3,-8,113,-336
3,15,103,-345
4,32,96,-349
4,32,87,-349
4,35,71,-344
4,33,51,-353
4,25,51,-353
4,-4,88,-345
4,9,99,-346
4,28,87,-336
4,38,63,-319
4,31,68,-313
4,11,79,-328
4,3,67,-353
4,14,60,-340
4,16,47,-336
4,9,49,-333
4,-4,76,-313
4,-8,102,-320
4,9,100,-333
4,35,97,-340
4,49,94,-349
4,56,81,-335
4,30,67,-336
4,-8,62,-361
4,-13,65,-357
4,11,70,-345
5,40,76,-360
5,67,75,-368
5,81,73,-346
5,60,72,-336
5,3,88,-351
5,-26,103,-337
5,-24,99,-308
5,-2,87,-325
5,19,67,-354
5,51,51,-337
5,63,51,-343
5,51,65,-324
5,28,88,-328
5,11,96,-356
5,9,112,-367
5,19,105,-349
5,24,84,-345
5,15,64,-349
5,-1,48,-340
5,3,39,-320
5,3,44,-320
5,8,56,-338
5,12,70,-352
5,27,80,-335
5,43,84,-343
0,60,86,-360
0,54,76,-330
0,0,84,-349
0,-23,88,-352
0,-17,73,-329
0,-18,65,-329
0,-2,63,-320
0,22,64,-317
0,35,79,-340
0,24,95,-351
0,27,87,-338
0,23,78,-353
0,7,71,-365
0,7,80,-368
0,20,88,-348
0,22,91,-330
0,12,92,-329
0,-7,83,-328
0,-15,71,-338
0,-9,70,-320
0,1,67,-317
0,15,73,-322
0,24,84,-335
0,30,94,-343
0,32,99,-352
1,23,96,-357
1,15,89,-365
1,15,80,-377
1,9,76,-368
1,15,79,-337
1,14,83,-324
1,7,92,-336
1,4,96,-333
1,1,103,-332
1,1,103,-313
1,-2,81,-305
1,-4,63,-320
1,7,52,-333
1,19,77,-345
1,41,91,-377
1,62,104,-353
1,59,108,-357
1,14,104,-360
1,-23,89,-359
1,-26,68,-348
1,-29,56,-317
1,-20,57,-317
1,1,72,-320
1,27,88,-308
1,41,99,-322
2,39,110,-332
2,35,105,-336
2,15,103,-352
2,6,92,-367
2,15,83,-372
2,24,76,-365
2,15,72,-356
2,7,73,-360
2,3,88,-343
2,-7,89,-324
2,-4,83,-306
2,-8,70,-288
2,-8,70,-317
2,3,87,-336
2,25,96,-336
2,47,100,-343
2,57,102,-351
2,48,97,-365
2,14,91,-369
2,-31,84,-369
2,-24,71,-354
2,-18,64,-328
2,-13,67,-336
2,3,73,-328
2,19,80,-303
3,24,88,-311
3,24,97,-328
3,20,102,-333
3,23,103,-345
3,24,96,-346
3,31,94,-360
3,24,87,-385
3,3,95,-375
3,-4,88,-362
3,-13,80,-343
3,-20,65,-319
3,-16,62,-316
3,-4,76,-324
3,12,96,-317
3,28,107,-313
3,35,105,-311
3,40,99,-324
3,28,88,-337
3,-9,80,-356
3,-12,76,-372
3,8,70,-353
3,6,80,-356
3,-4,92,-376
3,7,99,-348
3,3,96,-333
4,-1,88,-328
4,-8,79,-308
4,-2,76,-305
4,8,86,-313
4,19,83,-313
4,28,88,-328
4,28,96,-362
4,28,104,-377
4,17,97,-367
4,-1,76,-359
4,-16,65,-353
4,-29,78,-352
4,-18,86,-344
4,-1,95,-328
4,22,88,-317
4,31,88,-305
4,25,83,-301
4,9,86,-328
4,6,92,-328
4,7,89,-333
4,8,89,-351
4,12,97,-381
4,24,96,-369
4,20,91,-365
4,-2,83,-368
5,-9,83,-333
5,-16,83,-328
5,-16,79,-328
5,3,79,-296
5,15,83,-305
5,22,95,-328
5,25,104,-330
5,23,92,-324
5,9,73,-346
5,-1,67,-360
5,-2,83,-365
5,3,100,-372
5,3,112,-353
5,11,103,-343
5,7,94,-335
5,-7,75,-317
5,-13,63,-309
5,-8,60,-305
5,8,67,-317
5,19,79,-329
5,24,95,-341
5,27,104,-356
5,25,112,-360
5,15,103,-376
5,-1,92,-367
0,-15,88,-360
0,-16,57,-333
0,-4,70,-309
0,6,75,-328
0,4,83,-324
0,3,81,-304
0,-1,71,-312
0,-2,55,-321
0,-4,63,-328
0,22,83,-360
0,32,103,-383
0,39,111,-360
0,40,108,-360
0,15,99,-365
0,-24,88,-353
0,-33,76,-336
0,-29,60,-322
0,-15,51,-301
0,-4,56,-301
0,14,71,-328
0,32,81,-328
0,40,88,-329
0,41,99,-367
0,24,103,-369
0,3,111,-369
1,-8,99,-369
1,-10,89,-360
1,-7,83,-340
1,-4,78,-343
1,3,80,-322
1,-4,67,-308
1,-8,48,-301
1,-7,49,-305
1,4,76,-335
1,23,103,-360
1,39,119,-365
1,51,124,-365
1,52,116,-359
1,30,96,-362
1,-40,79,-369
1,-49,63,-345
1,-33,44,-309
1,-29,48,-292
1,-8,59,-313
1,17,79,-320
1,36,92,-333
1,51,105,-356
1,48,112,-351
1,31,118,-369
1,-8,118,-369
2,-24,94,-365
2,-20,78,-352
2,-16,73,-345
2,-8,71,-330
2,-4,67,-306
2,-1,57,-292
2,-1,60,-305
2,1,78,-333
2,16,103,-354
2,35,116,-362
2,51,123,-360
2,51,115,-352
2,30,94,-364
2,-36,79,-352
2,-49,68,-349
2,-41,56,-320
2,-32,52,-301
2,-8,65,-301
2,14,83,-324
2,35,94,-328
2,48,99,-335
2,56,112,-361
2,39,110,-369
2,6,103,-369
2,-25,94,-377
3,-24,78,-365
3,-23,70,-330
3,-9,56,-320
3,0,54,-303
3,7,68,-305
3,12,88,-328
3,15,105,-320
3,23,99,-324
3,22,88,-353
3,22,89,-370
3,15,88,-377
3,15,99,-367
3,6,100,-352
3,3,95,-340
3,-8,79,-336
3,-15,67,-320
3,-16,56,-312
3,-5,63,-305
3,14,71,-309
3,30,79,-324
3,31,96,-336
3,28,112,-372
3,31,111,-360
3,22,108,-367
3,4,96,-375
4,-10,83,-360
4,-17,76,-343
4,-17,64,-328
4,-10,64,-313
4,9,65,-296
4,23,76,-322
4,38,92,-337
4,40,112,-368
4,41,115,-364
4,24,113,-365
4,-2,97,-372
5,-16,83,-361
5,-28,71,-336
5,-25,60,-317
5,-5,55,-292
5,14,62,-297
5,27,76,-332
5,33,96,-346
5,39,112,-340
5,35,110,-359
5,27,96,-360
5,-13,81,-365
5,-20,78,-373
5,-9,83,-354
5,3,88,-335
5,9,80,-319
5,12,71,-303
5,-2,67,-304
5,-4,68,-324
5,9,75,-328
5,24,81,-330
5,33,92,-349
5,33,108,-373
5,28,103,-365
5,7,100,-370
5,-10,88,-368
0,-17,76,-344
0,-37,94,-324
0,-17,71,-314
0,6,65,-292
0,19,76,-306
0,31,83,-340
0,31,95,-336
0,32,87,-341
0,25,79,-361
0,-1,80,-368
0,-12,92,-365
0,-8,103,-360
0,6,102,-336
0,12,83,-333
0,1,71,-317
0,-8,63,-305
0,-16,56,-320
0,-8,65,-327
0,19,71,-317
0,31,87,-341
0,38,96,-377
0,40,108,-364
0,24,110,-367
0,-4,97,-369
0,-24,86,-353
1,-33,78,-332
1,-29,65,-322
1,-8,62,-292
1,14,67,-301
1,24,81,-335
1,31,88,-333
1,41,88,-324
1,24,83,-356
1,3,86,-385
1,3,95,-386
1,12,112,-368
1,16,108,-352
1,14,92,-340
1,-2,79,-322
1,-15,67,-324
1,-25,57,-301
1,-16,56,-296
1,7,60,-305
1,20,79,-335
1,35,89,-343
1,39,103,-352
1,31,112,-369
1,7,115,-375
1,-12,99,-377
1,-24,86,-370
2,-20,78,-344
2,-8,67,-325
2,7,56,-320
2,12,63,-304
2,12,76,-308
2,9,96,-328
2,7,107,-320
2,7,96,-317
2,1,83,-340
2,8,76,-369
2,12,88,-391
2,19,107,-378
2,27,99,-353
2,14,96,-340
2,-8,88,-335
2,-29,68,-325
2,-32,56,-311
2,-20,62,-295
2,7,68,-301
2,22,83,-319
2,31,96,-338
2,32,104,-343
2,36,115,-369
2,24,105,-372
2,-4,95,-372
3,-16,83,-369
3,-21,78,-345
3,-21,67,-333
3,-8,67,-330
3,8,70,-298
3,17,79,-296
3,15,94,-328
3,12,99,-313
3,11,92,-324
3,-1,83,-349
3,8,78,-385
3,19,88,-381
3,31,94,-369
3,27,97,-362
3,12,88,-345
3,-15,86,-330
3,-33,71,-317
3,-29,62,-298
3,-8,60,-296
3,12,70,-317
3,31,83,-340
3,41,96,-337
3,48,105,-360
3,39,105,-372
3,7,102,-368
4,-17,96,-375
4,-21,87,-353
4,-16,76,-335
4,-8,65,-328
4,7,67,-303
4,6,71,-305
4,7,79,-317
4,12,71,-314
4,16,67,-317
4,19,78,-352
4,20,92,-400
4,31,112,-372
4,31,116,-359
4,9,111,-353
4,-8,96,-346
4,-24,76,-335
4,-32,56,-317
4,-25,55,-301
4,-8,48,-298
4,15,63,-317
4,31,76,-336
4,44,92,-340
4,41,102,-368
4,32,115,-370
4,12,108,-367
5,-15,96,-372
5,-20,88,-364
5,-16,75,-343
5,-4,60,-328
5,-2,62,-305
5,3,71,-303
5,3,76,-313
5,12,71,-313
5,14,68,-320
5,15,81,-353
5,24,92,-388
5,38,105,-372
5,43,110,-354
5,12,104,-354
5,-28,94,-345
5,-37,71,-336
5,-40,56,-317
5,-28,51,-305
5,-4,52,-301
5,24,65,-324
5,35,80,-325
5,39,91,-344
5,31,104,-353
5,15,112,-361
5,-4,108,-372
0,-8,94,-368
0,-8,79,-388
0,-4,70,-345
0,-2,64,-321
0,-9,68,-325
0,-13,79,-312
0,-8,76,-303
0,-4,64,-305
0,-1,72,-330
0,16,95,-353
0,28,96,-372
0,44,105,-375
0,51,108,-359
0,33,100,-361
0,-31,88,-352
0,-41,76,-336
0,-36,65,-317
0,-34,56,-305
0,-13,60,-304
0,14,76,-324
0,30,88,-330
0,44,96,-336
0,46,102,-351
0,28,108,-368
0,-1,108,-369
1,-16,105,-362
1,-24,88,-362
1,-18,78,-344
1,-16,64,-333
1,-15,60,-320
1,-8,64,-301
1,9,71,-308
1,24,79,-308
1,30,92,-343
1,31,112,-353
1,28,116,-361
1,19,107,-362
1,-24,79,-362
1,-20,63,-365
1,-16,76,-345
1,-4,87,-340
1,14,84,-322
1,22,81,-308
1,7,78,-308
1,-4,76,-319
1,-4,76,-333
1,12,76,-328
1,27,84,-344
1,24,103,-383
1,28,111,-360
2,19,108,-356
2,-1,89,-364
2,-12,76,-343
2,-17,67,-321
2,-25,64,-311
2,-17,67,-305
2,-1,75,-321
2,19,79,-338
2,36,84,-333
2,44,92,-365
2,48,107,-377
2,32,104,-345
2,-20,102,-356
2,-41,75,-356
2,-32,65,-333
2,-21,71,-333
2,-1,79,-336
2,19,83,-319
2,39,83,-308
2,31,83,-313
2,12,76,-328
2,-2,76,-351
2,-1,79,-367
2,8,91,-359
2,14,99,-365
3,3,99,-356
3,3,96,-344
3,6,83,-336
3,6,71,-328
3,0,72,-317
3,0,79,-325
3,3,89,-336
3,14,89,-330
3,15,86,-332
3,8,81,-345
3,-4,79,-343
3,-13,83,-343
3,-8,81,-345
3,11,83,-348
3,28,86,-336
3,31,87,-340
3,11,100,-346
3,-9,108,-336
3,-21,88,-333
3,-21,70,-320
3,-7,78,-340
3,15,94,-353
3,35,99,-336
3,51,99,-336
3,51,92,-336
4,22,80,-327
4,-16,76,-332
4,-26,80,-344
4,-18,92,-336
4,-4,108,-336
4,14,113,-349
4,31,104,-338
4,38,112,-340
4,31,113,-332
4,15,121,-333
4,14,119,-340
4,24,104,-337
4,38,91,-336
4,39,81,-324
4,24,73,-327
4,14,79,-328
4,7,86,-336
4,11,103,-340
4,24,127,-346
4,31,144,-349
4,31,143,-344
4,36,124,-328
4,43,96,-335
4,47,83,-356
4,46,78,-354
5,44,72,-346
5,31,63,-344
5,20,91,-336
5,15,120,-345
5,16,136,-344
5,19,140,-312
5,31,124,-301
5,44,105,-319
5,52,86,-340
5,55,67,-353
5,49,64,-353
5,39,78,-352
5,24,103,-357
5,8,124,-345
5,7,131,-321
5,16,119,-314
5,24,104,-337
5,28,99,-352
5,35,91,-333
5,49,88,-340
5,63,87,-337
5,67,89,-346
5,54,96,-353
5,28,99,-333
5,16,103,-337
0,-4,103,-341
0,24,113,-330
0,28,115,-338
0,44,115,-345
0,63,115,-341
0,56,96,-340
0,39,67,-336
0,15,64,-330
0,-1,92,-332
0,-1,112,-317
0,16,123,-316
0,41,119,-336
0,67,107,-340
0,81,88,-351
0,60,83,-370
0,27,94,-362
0,22,89,-353
0,11,103,-356
0,-1,112,-340
0,14,112,-324
0,23,105,-313
0,30,94,-306
0,43,88,-317
0,47,87,-328
0,59,81,-336
1,63,92,-356
1,54,111,-370
1,38,120,-361
1,28,105,-356
1,8,78,-346
1,-3,73,-336
1,3,92,-336
1,12,110,-322
1,31,120,-301
1,51,120,-308
1,71,107,-322
1,75,89,-344
1,57,76,-360
1,31,60,-356
1,24,83,-349
1,14,104,-367
1,11,124,-359
1,15,126,-345
1,27,113,-328
1,30,96,-308
1,30,92,-302
1,35,88,-314
1,44,89,-328
1,56,84,-330
1,63,88,-352
2,63,99,-372
2,48,115,-369
2,22,115,-354
2,7,94,-346
2,7,80,-337
2,7,88,-337
2,19,99,-333
2,31,104,-313
2,44,108,-303
2,60,99,-317
2,67,92,-332
2,56,81,-345
2,44,84,-361
2,38,96,-360
2,40,97,-360
2,24,115,-360
2,19,115,-353
2,15,108,-349
2,16,97,-325
2,23,88,-301
2,30,88,-298
2,38,88,-317
2,55,89,-328
2,75,88,-336
2,81,97,-360
3,62,110,-369
3,39,108,-368
3,8,89,-359
3,-4,83,-351
3,7,96,-343
3,15,105,-341
3,32,112,-320
3,44,108,-304
3,56,95,-305
3,63,81,-321
3,54,71,-333
3,48,63,-345
3,36,79,-353
3,46,97,-356
3,48,124,-367
3,30,140,-362
3,27,127,-353
3,24,108,-340
3,24,88,-336
3,24,80,-313
3,24,80,-301
3,31,81,-308
3,48,83,-320
3,72,91,-345
3,79,104,-356
4,67,118,-359
4,51,97,-353
4,22,87,-362
4,-8,91,-360
4,6,97,-356
4,48,71,-328
4,44,55,-330
5,40,83,-360
5,48,105,-378
5,54,123,-375
5,46,135,-362
5,44,124,-353
5,24,96,-333
5,7,75,-335
5,9,68,-327
5,14,68,-298
5,28,67,-296
5,38,83,-328
5,44,95,-330
5,54,108,-345
5,64,113,-349
5,56,103,-354
5,48,103,-369
5,35,96,-365
5,19,96,-365
5,12,99,-353
5,22,97,-330
5,16,78,-317
5,8,63,-300
5,12,79,-304
5,24,91,-336
5,47,103,-343
0,70,112,-353
0,95,104,-365
0,94,99,-360
0,52,94,-368
0,-1,89,-356
0,-23,88,-354
0,-16,81,-336
0,-12,87,-328
0,6,88,-306
0,0,92,-311
0,48,95,-329
0,63,96,-338
0,88,103,-353
0,88,110,-360
0,60,108,-356
0,32,91,-356
0,-20,79,-345
0,-16,79,-345
0,3,88,-343
0,19,92,-337
0,31,99,-311
0,44,103,-308
0,48,99,-320
0,48,94,-330
0,44,76,-328
1,35,73,-349
1,30,78,-368
1,28,86,-367
1,40,102,-360
1,35,110,-345
1,9,112,-340
1,6,111,-336
1,7,99,-319
1,12,88,-312
1,27,79,-324
1,35,68,-332
1,38,75,-336
1,39,80,-346
1,44,92,-353
1,39,108,-349
1,28,112,-360
1,24,111,-360
1,7,96,-338
1,6,88,-337
1,15,80,-340
1,31,78,-333
1,48,78,-345
1,44,84,-336
1,31,95,-317
1,15,102,-338
2,9,110,-340
2,15,112,-337
2,25,103,-345
2,31,87,-349
2,31,71,-353
2,23,65,-333
2,14,76,-328
2,3,86,-328
2,15,102,-320
2,24,108,-325
2,31,105,-335
2,36,94,-333
2,39,81,-341
2,44,76,-356
2,39,88,-370
2,31,92,-361
2,19,96,-353
2,8,97,-349
2,6,96,-333
3,40,91,-346
3,31,97,-360
3,22,95,-367
3,15,92,-359
3,8,92,-354
3,12,92,-346
3,15,89,-324
3,15,88,-305
3,15,88,-305
3,23,86,-325
3,39,78,-332
3,48,78,-349
3,51,86,-362
3,44,88,-362
3,24,96,-353
3,4,102,-354
3,-9,96,-345
3,-8,84,-322
3,-1,79,-305
3,15,80,-311
3,28,81,-333
3,51,80,-345
3,63,92,-351
3,63,102,-364
3,35,102,-356
4,3,102,-359
4,-13,89,-335
4,-16,83,-319
4,-7,79,-328
4,17,76,-333
4,39,79,-317
4,48,86,-333
4,51,99,-337
4,41,99,-340
4,28,99,-343
4,9,94,-353
4,12,86,-360
4,16,80,-356
4,28,87,-372
4,28,87,-365
4,22,92,-336
4,16,92,-328
4,19,88,-336
4,23,89,-340
4,28,92,-338
4,31,96,-333
4,31,96,-333
4,19,92,-338
4,11,73,-336
4,-13,71,-328
5,-4,86,-335
5,16,108,-336
5,38,108,-337
5,44,108,-337
5,44,89,-343
5,24,79,-338
5,6,72,-336
5,-1,79,-333
5,-4,79,-333
5,-5,89,-359
5,15,87,-340
5,33,102,-336
5,32,126,-349
5,39,112,-336
5,24,105,-345
5,12,97,-336
5,7,79,-338
5,4,73,-343
5,11,78,-337
5,27,79,-337
5,31,86,-336
5,20,96,-336
5,12,97,-335
5,9,94,-328
5,17,94,-330
0,24,94,-344
0,28,88,-365
0,24,97,-346
0,15,105,-348
0,7,103,-349
0,10,96,-353
0,22,88,-344
0,31,84,-301
0,20,83,-340
0,0,87,-360
0,31,99,-329
0,30,110,-333
0,28,79,-336
0,22,54,-324
0,19,76,-345
0,19,100,-365
0,32,127,-352
0,31,120,-360
0,24,97,-365
0,16,67,-349
0,7,54,-332
0,3,59,-317
0,8,70,-320
0,14,80,-317
0,24,96,-313
1,32,96,-330
1,31,88,-348
1,28,81,-360
1,24,73,-356
1,24,71,-349
1,6,79,-356
1,17,78,-353
1,24,79,-345
1,24,76,-327
1,15,79,-336
1,3,76,-348
1,3,87,-316
1,6,83,-321
1,12,55,-329
1,19,32,-325
1,23,41,-353
1,22,60,-388
1,35,76,-368
1,48,83,-362
1,32,88,-361
1,-4,92,-340
1,-16,79,-320
1,-26,59,-324
1,-20,44,-322
1,-1,43,-320
2,17,49,-333
2,35,70,-329
2,39,80,-338
2,24,88,-344
2,15,88,-332
2,8,79,-344
2,7,70,-365
2,12,79,-368
2,19,88,-368
2,19,87,-361
2,12,72,-333
2,-2,63,-313
2,-13,51,-345
2,-13,62,-348
2,16,68,-328
2,35,70,-313
2,36,75,-311
2,16,80,-330
2,-8,86,-337
2,-9,71,-333
2,1,70,-340
2,16,70,-359
2,32,78,-351
2,39,86,-369
2,31,99,-368
3,24,103,-345
3,22,97,-327
3,14,97,-333
3,7,103,-338
3,15,112,-340
3,30,105,-322
3,31,79,-329
3,17,72,-364
3,15,67,-367
3,17,48,-345
3,9,35,-329
3,30,40,-336
3,40,56,-356
3,40,72,-354
3,39,86,-324
3,28,86,-333
3,14,83,-325
3,-24,80,-324
3,-18,71,-320
3,-8,91,-321
3,7,111,-345
3,28,104,-353
3,39,108,-340
3,41,99,-335
3,39,91,-345
4,35,73,-360
4,28,67,-348
4,-4,63,-336
4,-7,44,-345
4,7,47,-314
4,3,62,-340
4,-1,75,-364
4,17,83,-324
4,25,86,-333
4,31,88,-356
4,33,96,-354
4,31,104,-365
4,23,103,-359
4,7,92,-338
4,7,83,-336
4,16,79,-340
4,24,71,-320
4,17,62,-330
4,9,59,-338
4,6,57,-325
4,8,62,-328
4,16,67,-341
4,31,76,-329
4,35,84,-353
4,40,104,-377
5,44,124,-345
5,35,127,-333
5,27,112,-330
5,15,88,-344
5,-16,55,-349
5,11,56,-348
5,35,46,-332
5,36,44,-321
5,24,60,-320
5,6,79,-335
5,-1,103,-343
5,14,110,-335
5,28,120,-352
5,40,131,-354
5,56,108,-346
5,56,99,-354
5,31,88,-341
5,-13,71,-337
5,-8,64,-336
5,3,75,-319
5,7,87,-328
5,23,104,-328
5,28,103,-324
5,28,79,-336
5,23,62,-329
0,22,83,-345
0,19,110,-375
0,35,124,-357
0,44,118,-341
0,39,103,-351
0,17,70,-344
0,-8,56,-324
0,-20,44,-324
0,-16,57,-311
0,-4,83,-308
0,19,102,-338
0,31,112,-346
0,48,113,-336
0,56,115,-360
0,44,103,-356
0,31,71,-365
0,1,68,-345
0,-7,76,-351
0,7,84,-349
0,1,79,-336
0,-2,60,-333
0,-1,60,-298
0,3,81,-313
0,14,105,-322
0,31,113,-336
1,56,112,-344
1,72,96,-348
1,63,76,-360
1,31,60,-376
1,-23,51,-353
1,-16,60,-333
1,-23,67,-362
1,-10,83,-340
1,12,89,-328
1,25,92,-327
1,35,92,-320
1,44,88,-328
1,41,89,-328
1,41,92,-349
1,32,99,-349
1,27,103,-354
1,14,64,-362
1,7,30,-346
1,1,28,-337
1,-4,39,-361
1,7,60,-352
1,24,73,-322
1,36,81,-319
1,41,92,-328
1,47,96,-333
2,46,96,-344
2,35,91,-340
2,24,71,-343
2,19,62,-349
2,24,41,-357
2,31,39,-349
2,33,44,-351
2,31,63,-349
2,19,73,-328
2,15,78,-320
2,22,88,-333
2,27,96,-345
2,44,108,-336
2,48,92,-346
2,36,51,-345
2,35,39,-344
2,36,41,-359
2,27,62,-359
2,7,88,-335
2,20,80,-330
2,22,70,-319
2,15,59,-313
2,15,51,-333
2,22,56,-336
2,35,75,-321
3,35,103,-360
3,44,104,-367
3,62,95,-372
3,62,73,-362
3,47,60,-359
3,14,68,-346
3,1,86,-340
3,12,100,-340
3,15,103,-335
3,28,87,-327
3,30,39,-320
3,30,32,-296
3,31,72,-351
3,32,108,-365
3,44,121,-352
3,60,123,-348
3,72,108,-349
3,67,79,-340
3,35,71,-340
3,-29,73,-324
3,-40,76,-311
3,-23,79,-313
3,-7,91,-345
3,24,100,-336
3,55,112,-362
4,78,108,-356
4,83,108,-360
4,67,99,-360
4,47,89,-354
4,24,83,-353
4,-13,83,-340
4,3,88,-330
4,-1,79,-324
4,-4,76,-296
4,-5,79,-311
4,8,96,-340
4,28,103,-349
4,57,108,-346
4,79,102,-359
4,83,96,-360
4,63,80,-362
4,31,76,-359
4,-45,71,-336
4,-32,76,-320
4,-16,81,-320
4,-5,99,-329
4,23,99,-312
4,41,99,-328
4,56,96,-338
4,54,88,-340
5,47,86,-361
5,41,79,-356
5,39,81,-349
5,31,87,-373
5,9,104,-341
5,7,104,-338
5,1,75,-329
5,-10,76,-305
5,-7,83,-308
5,9,92,-328
5,31,97,-333
5,56,100,-343
5,71,92,-348
5,76,80,-360
5,46,76,-368
0,54,91,-361
0,43,103,-372
0,31,95,-368
0,-16,92,-360
0,-25,73,-333
0,-15,65,-328
0,-9,72,-337
0,7,86,-314
0,28,84,-308
0,55,87,-308
0,54,92,-322
0,63,92,-345
0,52,96,-349
0,30,89,-362
0,-7,76,-356
0,-9,78,-367
0,1,78,-372
0,4,83,-341
0,6,83,-333
0,7,88,-311
0,14,92,-305
0,27,92,-314
0,32,89,-324
0,40,83,-335
0,48,83,-350
1,48,94,-367
1,35,79,-361
1,24,67,-356
1,-32,87,-356
1,-16,83,-353
1,-10,94,-336
1,19,96,-322
1,28,94,-304
1,36,89,-308
1,44,86,-328
1,44,81,-343
1,48,76,-354
1,39,78,-353
1,12,87,-360
1,-4,88,-386
1,-1,92,-353
1,-2,92,-351
1,1,83,-338
1,3,88,-304
1,12,86,-305
1,23,88,-319
1,39,83,-320
1,48,81,-338
1,48,88,-369
1,48,86,-362
2,35,63,-359
2,-9,70,-354
2,-29,75,-365
2,-13,92,-351
2,7,88,-328
2,17,95,-320
2,31,92,-308
2,38,92,-313
2,33,86,-336
2,32,83,-335
2,36,67,-332
2,28,65,-360
2,28,73,-377
2,28,84,-353
2,14,88,-365
2,3,96,-360
2,-2,92,-333
2,-8,88,-317
2,0,86,-305
2,23,76,-308
2,41,71,-328
2,51,70,-345
2,56,75,-353
2,51,88,-376
2,38,83,-360
3,9,79,-348
3,-25,80,-368
3,-13,81,-349
3,-1,88,-329
3,12,88,-324
3,35,88,-298
3,39,88,-313
3,33,88,-340
3,32,80,-336
3,38,70,-335
3,31,59,-356
3,28,64,-376
3,24,76,-364
3,15,84,-362
3,7,94,-360
3,-2,103,-336
3,-2,96,-322
3,4,87,-308
3,19,83,-305
3,38,71,-321
3,47,67,-340
3,54,73,-356
3,51,68,-370
3,46,63,-346
3,32,73,-356
4,-31,88,-377
4,-20,99,-353
4,-1,92,-330
4,15,89,-312
4,27,91,-306
4,38,84,-313
4,31,79,-322
4,35,67,-336
4,33,63,-336
4,28,67,-356
4,31,75,-377
4,39,87,-351
4,24,92,-369
4,9,99,-353
4,-4,100,-336
4,-17,92,-330
4,-9,83,-305
4,15,73,-308
4,43,63,-321
4,55,63,-333
4,62,63,-359
4,57,71,-370
4,44,71,-360
4,28,76,-349
4,-31,87,-372
5,-25,88,-356
5,-4,92,-336
5,12,86,-330
5,35,80,-306
5,46,76,-305
5,41,70,-328
5,36,71,-328
5,27,63,-330
5,19,64,-354
5,23,73,-376
5,31,79,-368
5,31,84,-365
5,19,89,-357
5,6,92,-344
5,-4,88,-333
5,-4,86,-313
5,7,75,-305
5,25,65,-313
5,43,60,-330
5,47,56,-338
5,47,60,-353
5,35,63,-368
5,24,76,-344
5,6,89,-364
5,-8,103,-367
0,-4,105,-344
0,11,94,-309
0,25,87,-316
0,31,63,-306
0,30,56,-321
0,22,56,-333
0,27,56,-328
0,28,63,-329
0,28,73,-370
0,35,87,-370
0,36,99,-360
0,25,110,-359
0,8,110,-349
0,-1,95,-340
0,-4,83,-328
0,3,71,-313
0,24,59,-305
0,33,55,-314
0,35,60,-333
0,40,64,-346
0,31,64,-360
0,24,81,-354
0,17,97,-360
0,9,104,-370
0,11,118,-354
1,17,107,-340
1,24,86,-335
1,17,76,-324
1,14,62,-308
1,14,62,-317
1,15,60,-327
1,30,63,-328
1,35,72,-353
1,40,79,-362
1,40,87,-365
1,30,92,-365
1,14,103,-360
1,-2,103,-348
1,-7,99,-330
1,6,87,-335
1,11,73,-320
1,24,67,-303
1,31,60,-327
1,33,62,-335
1,39,54,-340
1,39,52,-333
1,24,73,-362
1,19,96,-376
1,12,112,-367
1,15,118,-359
2,25,97,-338
2,19,81,-330
2,6,70,-317
2,7,62,-308
2,14,56,-319
2,17,48,-322
2,33,56,-338
2,44,72,-345
2,44,88,-365
2,39,96,-367
2,24,111,-360
2,8,118,-360
2,-1,95,-353
2,-4,81,-343
2,3,71,-327
2,14,60,-314
2,24,55,-304
2,31,52,-317
2,38,60,-337
2,31,73,-350
2,31,76,-345
2,22,97,-349
2,15,103,-370
2,9,104,-367
2,12,105,-360
3,24,96,-340
3,28,81,-333
3,15,71,-324
3,7,63,-314
3,1,63,-317
3,14,63,-322
3,27,67,-324
3,39,79,-345
3,48,88,-356
3,47,97,-365
3,33,108,-367
3,15,112,-359
3,-2,108,-346
3,-8,89,-343
3,-5,76,-336
3,4,71,-316
3,15,60,-309
3,40,56,-308
3,56,63,-320
3,55,76,-356
3,40,102,-357
3,32,107,-351
3,9,103,-360
3,-4,95,-365
3,1,92,-361
4,16,89,-353
4,28,80,-336
4,41,79,-317
4,30,79,-308
4,19,76,-320
4,12,78,-317
4,14,71,-333
4,24,71,-338
4,35,86,-354
4,48,96,-369
4,47,103,-368
4,24,111,-361
4,3,107,-353
4,-16,92,-336
4,-18,79,-317
4,-10,71,-336
4,19,65,-333
4,41,63,-319
4,55,63,-345
4,70,72,-341
4,71,87,-349
4,19,110,-343
4,-16,112,-337
4,-32,105,-343
4,-33,88,-329
5,-13,76,-314
5,17,70,-321
5,48,70,-344
5,67,72,-376
5,71,96,-360
5,54,89,-354
5,31,88,-354
5,-29,94,-354
5,-23,92,-353
5,-12,89,-328
5,11,86,-322
5,31,83,-313
5,43,71,-306
5,32,71,-320
5,22,76,-338
5,15,83,-333
5,15,87,-328
5,19,88,-362
5,31,89,-372
5,39,88,-365
5,30,92,-364
5,15,95,-349
5,3,91,-340
5,-4,92,-336
5,0,81,-313
0,15,81,-301
0,24,79,-337
0,35,79,-333
0,39,73,-336
0,38,59,-338
0,20,71,-353
0,15,96,-381
0,17,115,-372
0,22,121,-356
0,56,96,-353
0,24,86,-336
0,3,79,-328
0,-8,70,-320
0,-4,67,-305
0,15,65,-316
0,28,71,-334
0,43,81,-329
0,47,90,-345
0,44,95,-361
0,31,103,-365
0,15,107,-369
0,-4,100,-356
0,1,88,-356
0,15,86,-328
0,23,86,-330
1,15,79,-329
1,8,62,-306
1,12,48,-292
1,12,60,-313
1,19,91,-353
1,40,105,-360
1,56,120,-362
1,64,120,-361
1,56,108,-361
1,-4,91,-356
1,-32,75,-353
1,-31,67,-324
1,-20,57,-312
1,-2,60,-285
1,24,76,-320
1,48,86,-324
1,60,97,-349
1,63,103,-344
1,46,112,-349
1,24,108,-361
1,-2,96,-368
1,3,88,-365
1,14,80,-340
1,15,78,-336
1,12,79,-340
2,1,67,-313
2,0,60,-288
2,-2,67,-312
2,14,88,-335
2,39,99,-353
2,51,105,-349
2,71,103,-360
2,65,96,-369
2,35,94,-369
2,-32,92,-369
2,-32,81,-338
2,-21,71,-313
2,-15,71,-333
2,9,68,-308
2,31,73,-306
2,44,78,-343
2,46,91,-328
2,44,97,-333
2,35,99,-360
2,31,103,-356
2,15,105,-372
2,7,105,-362
2,7,89,-349
2,-8,54,-351
2,-13,41,-316
3,-8,56,-330
3,7,87,-333
3,27,103,-308
3,46,112,-306
3,55,112,-328
3,51,96,-336
3,35,78,-360
3,-1,71,-365
3,-4,71,-354
3,3,76,-357
3,-4,91,-373
3,9,96,-340
3,15,92,-329
3,11,88,-320
3,9,81,-301
3,12,80,-314
3,19,79,-333
3,35,79,-327
3,47,76,-333
3,47,87,-385
3,35,97,-361
3,28,88,-356
3,-23,83,-357
3,-25,78,-356
3,-15,79,-343
4,-1,83,-333
4,22,81,-312
4,41,84,-305
4,39,81,-317
4,31,79,-337
4,23,78,-338
4,22,73,-333
4,14,83,-351
4,16,92,-377
4,19,103,-360
4,16,100,-357
4,7,89,-348
4,1,84,-336
4,3,79,-333
4,12,71,-309
4,24,68,-301
4,28,71,-328
4,30,73,-329
4,35,59,-337
4,35,59,-346
4,30,88,-365
4,32,103,-360
4,32,111,-349
4,33,103,-346
4,31,87,-341
5,23,70,-338
5,23,47,-343
5,16,35,-330
5,24,41,-333
5,19,55,-348
5,28,76,-362
5,35,92,-349
5,41,102,-348
5,44,104,-351
5,39,104,-346
5,35,94,-349
5,36,83,-329
5,28,76,-338
5,12,75,-333
5,15,73,-314
5,16,56,-313
5,19,47,-330
5,24,62,-354
5,48,83,-381
5,79,95,-354
5,95,96,-353
5,88,97,-352
5,54,80,-345
5,28,62,-340
5,-34,39,-324
0,-20,35,-305
0,16,46,-328
0,20,67,-336
0,38,92,-345
0,65,115,-356
0,84,124,-349
0,89,126,-356
0,79,124,-361
0,51,100,-353
0,12,35,-352
0,-26,-1,-317
0,-8,27,-306
0,7,64,-336
0,28,103,-325
0,54,112,-317
0,78,126,-335
0,89,108,-349
0,83,88,-360
0,62,71,-349
0,39,64,-348
0,4,79,-357
0,23,83,-345
0,35,92,-340
0,36,105,-335
0,39,100,-322
1,39,94,-324
1,43,99,-338
1,54,88,-333
1,62,60,-329
1,62,47,-340
1,60,72,-349
1,54,102,-360
1,60,110,-365
1,59,113,-345
1,56,108,-337
1,39,92,-336
1,19,76,-328
1,24,60,-319
1,30,92,-308
1,35,56,-330
1,51,65,-343
1,73,87,-349
1,99,103,-344
1,103,112,-345
1,92,123,-361
1,63,120,-359
1,27,94,-345
1,12,47,-330
1,16,15,-306
1,19,28,-317
2,30,62,-328
2,63,88,-343
2,103,111,-351
2,126,113,-356
2,115,103,-360
2,83,99,-352
2,52,79,-346
2,24,56,-367
2,20,38,-341
2,25,31,-337
2,44,48,-324
2,56,78,-320
2,72,103,-333
2,81,126,-333
2,94,123,-330
2,96,96,-336
2,81,70,-356
2,57,41,-353
2,41,31,-353
2,28,39,-353
2,30,55,-333
2,43,73,-338
2,48,88,-353
2,51,89,-338
2,57,95,-343
3,70,96,-351
3,92,83,-340
3,113,62,-353
3,102,46,-345
3,27,31,-324
3,30,39,-340
3,19,57,-336
3,7,76,-313
3,35,88,-313
3,71,103,-327
3,102,108,-353
3,120,88,-345
3,108,79,-361
3,70,65,-369
3,35,56,-364
3,28,49,-349
3,38,63,-344
3,57,79,-340
3,76,91,-330
3,76,96,-317
3,62,99,-322
3,48,99,-325
3,46,92,-330
3,60,89,-340
3,71,80,-346
4,80,78,-351
4,73,80,-359
4,63,89,-349
4,51,96,-340
4,40,96,-335
4,28,92,-320
4,24,87,-317
4,24,87,-328
4,39,86,-337
4,60,86,-343
4,80,86,-349
4,88,86,-354
4,80,83,-353
4,56,92,-349
4,32,97,-345
4,19,94,-328
4,14,91,-317
4,15,83,-322
4,31,81,-340
4,56,78,-344
4,79,86,-352
4,89,89,-356
4,86,83,-359
4,60,88,-360
4,32,87,-349
5,24,86,-332
5,19,80,-317
5,15,79,-317
5,24,79,-332
5,46,78,-340
5,65,86,-336
5,81,86,-330
5,79,88,-330
5,54,88,-340
5,33,86,-336
5,28,79,-333
5,27,80,-336
5,31,79,-345
5,39,79,-345
5,49,79,-345
5,63,81,-356
5,64,88,-361
5,60,88,-361
5,48,89,-360
5,39,89,-356
5,35,83,-352
5,33,81,-336
5,31,79,-329
5,32,73,-324
5,35,68,-317
0,35,76,-335
0,64,81,-340
0,67,92,-333
0,63,111,-341
0,60,103,-338
0,48,83,-349
0,35,78,-349
0,28,79,-330
0,-16,73,-341
0,16,80,-353
0,36,76,-316
0,44,83,-353
0,47,108,-340
0,54,111,-335
0,48,107,-338
0,41,107,-338
0,39,94,-341
0,39,70,-349
0,32,75,-337
0,35,76,-336
0,33,83,-338
0,32,96,-330
0,31,102,-327
0,33,102,-328
0,39,97,-332
1,46,92,-344
1,47,96,-353
1,41,92,-340
1,39,95,-346
1,36,89,-345
1,35,89,-349
1,39,73,-336
1,38,79,-320
1,32,89,-345
1,32,96,-328
1,38,96,-317
1,39,89,-330
1,32,54,-327
1,28,60,-336
1,31,95,-377
1,57,110,-380
1,68,107,-361
1,71,105,-352
1,54,88,-351
1,35,71,-351
1,19,57,-335
1,-34,51,-296
1,4,60,-317
1,28,67,-328
1,38,79,-320
2,48,88,-333
2,49,99,-346
2,51,105,-351
2,57,108,-345
2,59,96,-349
2,49,73,-353
2,35,62,-356
2,35,35,-352
2,24,44,-313
2,16,57,-359
2,28,87,-359
2,35,112,-319
2,47,120,-326
2,44,92,-335
2,60,63,-332
2,64,56,-356
2,65,67,-365
2,56,80,-361
2,51,81,-354
3,47,76,-333
3,38,94,-340
3,44,103,-349
3,55,102,-354
3,63,110,-362
3,56,97,-362
4,39,92,-351
4,31,88,-327
4,28,95,-337
4,25,108,-341
4,24,112,-324
4,24,103,-311
4,28,71,-313
4,30,60,-314
4,28,73,-336
4,40,100,-360
4,62,113,-353
4,80,112,-346
4,86,112,-353
4,57,103,-360
4,25,92,-343
4,-30,71,-316
4,-13,63,-316
4,19,62,-330
4,38,67,-329
4,54,79,-317
4,63,87,-356
4,62,105,-349
4,60,112,-352
4,56,108,-349
4,49,103,-367
5,44,96,-372
5,39,92,-370
5,31,95,-356
5,24,79,-338
5,12,51,-317
5,23,63,-309
5,23,96,-314
5,28,113,-320
5,39,116,-327
5,48,121,-335
5,59,113,-345
5,57,104,-351
5,49,94,-349
5,41,68,-345
5,31,57,-341
5,31,67,-338
5,35,83,-338
5,36,104,-344
5,32,115,-329
5,28,119,-319
5,31,103,-325
5,39,83,-337
5,41,78,-348
0,44,81,-344
0,59,76,-340
0,30,89,-345
0,19,112,-344
0,19,120,-332
0,19,115,-324
0,31,104,-317
0,40,88,-324
0,39,70,-337
0,14,60,-321
0,31,73,-324
0,24,88,-361
0,38,115,-356
0,51,126,-361
0,51,135,-360
0,41,121,-353
0,31,94,-343
0,25,78,-340
0,1,79,-333
0,15,78,-324
0,16,79,-311
0,20,63,-316
0,24,72,-314
0,30,100,-346
0,33,127,-353
1,56,124,-352
1,63,129,-352
1,63,121,-360
1,46,102,-360
1,-13,79,-348
1,-17,63,-330
1,-1,67,-319
1,0,71,-325
1,14,87,-335
1,39,97,-317
1,49,111,-336
1,62,112,-335
1,63,103,-337
1,55,94,-346
1,41,94,-372
1,28,100,-369
1,3,103,-360
1,14,86,-356
1,7,62,-327
1,6,65,-329
1,12,86,-333
1,30,108,-314
1,41,113,-305
1,51,108,-320
1,60,92,-349
2,59,76,-345
2,43,71,-361
2,28,75,-357
2,8,83,-349
2,15,97,-359
2,12,112,-345
2,15,112,-335
2,23,104,-329
2,24,95,-314
2,24,87,-317
2,31,75,-320
2,43,67,-320
2,48,75,-345
2,48,96,-376
2,51,116,-360
2,47,112,-351
2,28,97,-349
2,-13,83,-349
2,-13,83,-349
2,7,88,-336
2,30,92,-316
2,41,88,-304
2,48,86,-313
2,48,79,-336
2,44,76,-345
3,38,81,-330
3,24,92,-344
3,24,115,-376
3,31,115,-365
4,15,65,-305
4,22,76,-336
4,39,102,-357
4,55,115,-353
4,71,124,-353
4,72,118,-356
4,41,95,-360
4,-20,84,-345
4,-36,72,-343
4,-13,57,-313
4,-2,60,-309
4,15,76,-327
4,39,79,-324
5,59,92,-328
5,65,108,-345
5,63,108,-349
5,44,110,-356
5,27,100,-359
5,15,88,-353
5,8,87,-360
5,15,83,-353
5,24,88,-333
5,9,79,-328
5,6,63,-298
5,7,67,-298
5,16,71,-338
5,32,88,-346
5,55,104,-345
5,71,103,-352
5,83,107,-356
5,56,99,-365
5,20,96,-364
5,-41,76,-337
5,-26,71,-325
5,-8,73,-325
5,6,71,-320
5,35,75,-305
5,48,79,-336
0,60,87,-337
0,79,95,-349
0,54,103,-368
0,36,99,-356
0,24,95,-352
0,3,92,-360
0,-1,100,-353
0,9,97,-336
0,7,76,-336
0,11,56,-311
0,3,65,-305
0,19,80,-328
0,32,91,-332
0,46,97,-328
0,64,96,-344
0,78,89,-362
0,54,92,-364
0,22,95,-360
0,-20,80,-353
0,-23,83,-345
0,-13,83,-345
0,1,78,-322
0,15,80,-308
0,31,83,-319
0,36,99,-333
1,46,88,-343
1,46,89,-330
1,44,86,-349
1,39,88,-361
1,31,94,-372
1,3,103,-360
1,-13,108,-354
1,3,79,-345
1,-9,67,-320
1,-5,63,-330
1,4,76,-327
1,24,86,-313
1,35,86,-314
1,43,88,-328
1,48,103,-335
1,44,86,-353
1,30,88,-367
1,9,83,-353
1,-13,87,-360
1,-8,97,-368
1,7,95,-337
1,1,89,-338
1,3,80,-325
1,12,81,-304
1,19,83,-317
2,32,79,-320
2,40,79,-321
2,48,80,-360
2,46,104,-372
2,31,104,-353
2,24,88,-360
2,-33,75,-352
2,-18,78,-351
2,-2,84,-337
2,12,92,-330
2,25,88,-313
2,39,81,-305
2,39,83,-320
2,24,76,-336
2,23,70,-335
2,27,71,-337
2,22,88,-370
2,24,103,-377
2,25,115,-353
2,8,113,-360
2,3,95,-346
2,-7,83,-333
2,-13,76,-320
2,-4,73,-301
2,19,71,-306
3,43,75,-321
3,49,79,-340
3,54,92,-356
3,46,96,-349
3,31,92,-356
3,-13,100,-361
3,-24,97,-369
3,-9,96,-349
3,3,96,-333
3,22,91,-328
3,35,84,-317
3,32,71,-308
3,19,71,-327
3,15,76,-329
3,22,76,-327
3,24,88,-338
3,33,97,-370
3,39,108,-362
3,24,113,-367
3,9,105,-360
3,-1,96,-352
3,-9,87,-340
3,-2,83,-328
3,14,78,-312
3,25,69,-305
4,35,78,-319
4,31,88,-328
4,32,76,-327
4,27,72,-326
4,15,83,-360
4,19,96,-381
4,24,116,-372
4,24,123,-362
4,23,111,-344
4,12,92,-340
4,-2,79,-336
4,-2,67,-319
4,3,63,-306
4,14,62,-305
4,24,79,-330
4,38,88,-340
4,51,99,-330
4,54,112,-367
4,43,116,-365
4,9,113,-361
4,-7,102,-364
4,-8,83,-354
4,3,78,-327
4,9,73,-328
4,14,76,-328
5,15,76,-309
5,24,67,-312
5,15,76,-314
5,24,83,-335
5,32,96,-360
5,43,113,-364
5,55,115,-360
5,49,107,-356
5,12,94,-354
5,-25,87,-353
5,-23,73,-330
5,-16,71,-320
5,-4,67,-312
5,19,79,-324
5,39,88,-313
5,51,92,-329
5,57,92,-338
5,48,96,-351
5,27,103,-367
5,0,107,-359
5,-1,99,-361
5,3,88,-357
5,7,89,-345
5,14,83,-346
5,12,84,-328
0,7,71,-305
0,1,57,-287
0,9,70,-322
0,27,88,-336
0,44,95,-345
0,60,105,-353
0,65,111,-361
0,48,104,-365
0,15,89,-368
0,-32,92,-352
0,-26,75,-336
0,-15,76,-328
0,1,80,-324
0,28,79,-305
0,40,83,-317
0,44,88,-336
0,51,91,-333
0,39,95,-349
0,28,103,-362
0,19,103,-364
0,15,96,-356
0,7,92,-360
0,7,95,-351
0,6,91,-337
0,-4,81,-329
1,-7,63,-296
1,3,70,-297
1,14,75,-338
1,31,86,-344
1,48,88,-341
1,63,96,-354
1,62,103,-369
1,38,96,-367
1,-8,100,-348
1,-32,91,-340
1,-16,79,-330
1,-13,76,-335
1,3,71,-308
1,24,71,-311
1,33,73,-324
1,41,83,-333
1,39,88,-332
1,31,88,-348
1,27,97,-367
1,24,99,-351
1,19,97,-367
1,0,111,-364
1,1,102,-349
1,4,87,-333
1,-4,67,-321
2,-2,62,-312
2,4,67,-313
2,23,72,-328
2,39,76,-328
2,55,83,-330
2,59,89,-353
2,47,103,-372
2,30,111,-357
2,-1,103,-356
2,-25,99,-362
2,-15,88,-353
2,1,83,-329
2,7,76,-324
2,22,76,-309
2,31,79,-320
2,30,87,-333
2,28,89,-333
2,35,88,-333
2,41,95,-353
2,41,105,-373
2,38,111,-360
2,25,104,-357
2,-15,97,-353
2,-16,71,-338
2,-13,71,-322
3,-4,73,-324
3,20,76,-313
3,35,79,-319
3,47,87,-336
3,51,88,-337
3,44,88,-349
3,30,99,-356
3,24,96,-352
3,-4,99,-367
3,7,97,-360
3,14,96,-340
3,15,92,-336
3,12,79,-327
3,8,78,-312
3,12,81,-314
3,19,80,-324
3,31,79,-320
3,39,78,-333
3,44,83,-345
3,44,92,-381
3,43,107,-365
3,28,112,-353
3,-10,104,-338
3,-24,89,-343
3,-9,76,-345
4,7,76,-329
4,24,76,-320
4,44,73,-308
4,56,80,-320
4,48,88,-345
4,39,94,-337
4,35,92,-338
4,19,94,-360
4,19,94,-369
4,19,99,-354
4,17,99,-356
4,17,97,-340
4,14,92,-336
4,7,88,-319
4,11,81,-308
4,24,79,-317
4,43,76,-324
4,44,79,-333
4,44,83,-359
4,46,84,-359
4,41,83,-341
4,19,95,-370
4,-16,103,-357
4,3,108,-345
4,12,104,-333
5,24,92,-324
5,30,78,-308
5,35,65,-320
5,33,63,-336
5,39,65,-328
5,39,68,-330
5,31,88,-360
5,35,105,-370
5,35,118,-356
5,24,120,-354
5,16,112,-343
5,12,94,-343
5,12,83,-333
5,12,76,-313
5,25,63,-313
5,39,56,-305
5,44,57,-328
5,44,70,-349
5,39,87,-354
5,39,102,-354
5,25,112,-349
5,15,113,-369
5,11,116,-362
5,22,107,-344
5,31,88,-333
0,39,72,-328
0,30,67,-324
0,24,63,-320
0,16,67,-320
0,19,71,-322
0,28,83,-330
0,35,96,-360
0,48,108,-354
0,44,115,-362
0,32,113,-356
0,15,97,-352
0,7,95,-345
0,6,80,-340
0,22,72,-319
0,33,67,-329
0,35,72,-329
0,30,88,-314
0,24,76,-319
0,17,76,-333
0,22,80,-344
0,31,88,-377
0,46,110,-373
0,49,112,-353
0,44,113,-349
0,25,102,-338
1,9,87,-340
1,3,71,-333
1,3,62,-322
1,16,56,-313
1,28,63,-328
1,39,73,-319
1,41,86,-324
1,38,97,-353
1,35,116,-353
1,35,120,-360
1,22,113,-360
1,19,104,-353
1,15,88,-349
1,24,70,-340
1,40,63,-327
1,54,67,-341
1,47,92,-356
1,30,116,-332
1,22,120,-317
1,15,115,-317
1,23,111,-340
1,32,113,-353
1,44,111,-344
1,56,99,-341
1,49,87,-356
3,33,78,-328
3,35,71,-338
3,39,68,-345
3,43,76,-357
3,54,84,-353
3,60,88,-356
3,48,94,-353
3,33,105,-340
3,28,102,-352
3,22,99,-336
3,24,95,-325
3,48,80,-335
3,79,72,-340
3,92,71,-352
3,79,73,-329
3,46,83,-328
3,9,88,-330
3,6,88,-316
3,25,86,-333
3,51,89,-349
3,76,108,-360
3,83,108,-357
3,76,76,-354
3,59,56,-341
3,35,65,-352
4,17,86,-345
4,14,95,-328
4,24,97,-320
4,46,83,-309
4,63,75,-320
4,63,71,-333
4,63,71,-338
4,55,83,-329
4,46,89,-360
4,44,96,-354
4,56,95,-356
4,60,96,-354
4,49,95,-349
4,39,88,-345
4,35,79,-336
4,30,78,-324
4,35,72,-319
4,51,63,-324
4,76,65,-336
4,84,83,-349
4,86,94,-356
4,71,94,-353
4,55,80,-349
4,32,96,-344
4,31,108,-349
5,33,112,-340
5,44,113,-340
5,57,99,-333
5,68,76,-322
5,71,57,-325
5,83,124,-353
0,52,96,-348
0,63,67,-345
0,40,48,-335
0,27,62,-306
0,31,78,-312
0,39,99,-328
0,55,102,-328
0,73,110,-338
0,88,100,-336
0,96,83,-345
0,68,71,-349
0,55,75,-357
0,44,83,-365
0,44,96,-353
0,46,104,-351
0,44,103,-353
0,49,76,-340
0,39,55,-333
0,32,52,-321
0,31,71,-314
0,41,86,-320
0,56,95,-328
0,71,92,-336
0,83,88,-340
0,79,76,-357
1,62,70,-361
1,48,78,-356
1,39,81,-346
1,31,88,-353
1,25,81,-349
1,35,71,-338
1,44,71,-338
1,44,73,-327
1,48,79,-317
1,54,87,-330
1,60,80,-336
1,65,73,-328
1,64,60,-343
1,62,47,-369
1,59,60,-368
1,41,67,-359
1,44,88,-353
1,44,102,-349
1,44,104,-340
1,46,103,-341
1,49,95,-336
1,57,76,-324
1,63,57,-325
1,60,49,-330
1,57,51,-328
2,57,59,-322
2,49,79,-328
2,54,86,-340
2,63,86,-362
2,71,89,-376
2,67,95,-360
2,57,113,-356
2,54,120,-359
2,49,121,-351
2,41,115,-357
2,44,95,-369
2,47,67,-335
2,36,44,-308
2,25,44,-296
2,25,63,-312
2,32,88,-324
2,44,115,-328
2,56,134,-336
2,62,119,-337
2,56,80,-344
2,31,56,-345
2,8,51,-338
2,-1,64,-335
2,7,80,-337
2,15,92,-345
3,41,76,-328
3,56,60,-335
3,59,51,-333
3,46,63,-337
3,31,73,-345
3,23,79,-349
3,28,91,-349
3,31,92,-353
3,44,86,-346
3,48,81,-352
3,31,71,-343
3,15,70,-340
3,3,60,-322
3,11,51,-317
3,27,60,-333
3,43,72,-336
3,65,79,-343
3,75,95,-343
3,63,99,-356
3,39,83,-361
3,12,71,-360
3,3,62,-345
3,-1,68,-344
3,6,81,-346
3,25,83,-333
4,40,83,-329
4,52,75,-328
4,51,73,-328
4,40,73,-336
4,33,71,-349
4,35,73,-345
4,40,76,-354
4,36,76,-368
4,31,83,-353
4,15,79,-344
4,4,73,-332
4,7,71,-336
4,19,72,-338
4,36,81,-324
4,56,89,-324
4,67,88,-320
4,60,86,-328
4,32,65,-343
4,14,54,-345
4,8,48,-349
4,15,71,-351
4,23,96,-365
4,39,103,-353
4,48,96,-343
4,51,88,-336
5,39,92,-335
5,25,80,-324
5,28,71,-325
5,33,64,-336
5,38,57,-333
5,33,63,-341
5,28,70,-345
5,31,76,-349
5,41,87,-353
5,52,94,-349
5,60,112,-345
5,60,112,-344
5,48,103,-340
5,39,72,-333
5,28,54,-324
5,27,43,-322
5,35,55,-317
5,39,78,-332
5,39,96,-340
5,48,79,-346
5,60,65,-348
5,68,73,-348
5,71,80,-345
5,67,84,-349
5,57,88,-360
0,40,75,-361
0,27,65,-317
0,16,71,-321
0,31,60,-308
0,43,65,-320
0,63,84,-336
0,72,103,-343
0,76,103,-356
0,78,89,-360
0,64,68,-359
0,46,56,-365
0,31,57,-353
0,24,83,-336
0,28,87,-319
0,25,88,-333
0,35,87,-325
0,48,70,-328
0,60,57,-340
0,72,67,-337
0,72,84,-338
0,47,99,-360
0,28,103,-353
0,19,102,-346
0,15,76,-337
0,12,67,-338
1,22,73,-317
1,33,78,-322
1,48,86,-333
1,64,92,-330
1,67,92,-349
1,54,94,-349
1,33,103,-345
1,28,111,-348
1,28,103,-340
1,24,92,-353
1,19,71,-348
1,24,65,-313
1,23,72,-311
1,24,94,-346
1,31,110,-316
1,51,112,-328
1,55,112,-338
1,40,96,-349
1,32,83,-352
1,31,79,-357
1,28,83,-353
1,25,92,-336
1,25,92,-338
1,28,87,-341
1,25,89,-322
2,23,96,-336
2,38,96,-336
2,59,89,-336
2,71,83,-356
2,48,83,-340
2,31,92,-320
2,15,103,-344
2,-1,107,-335
2,0,96,-320
2,17,79,-329
2,41,68,-345
2,63,67,-353
2,80,89,-362
2,76,110,-361
2,54,116,-349
2,28,112,-345
2,7,95,-343
2,3,72,-335
2,9,65,-321
2,25,60,-309
2,39,71,-319
2,51,88,-333
2,60,104,-335
2,52,105,-337
2,46,102,-349
3,43,95,-359
3,38,88,-362
3,35,80,-353
3,28,79,-349
3,28,83,-337
3,27,88,-330
3,19,88,-320
3,24,92,-314
3,31,88,-317
3,44,87,-336
3,57,81,-338
3,63,86,-352
3,56,95,-360
3,48,92,-354
3,31,96,-354
3,12,96,-352
3,12,83,-346
3,9,76,-322
3,16,72,-305
3,31,76,-317
3,49,86,-345
3,70,96,-338
3,71,105,-354
3,60,107,-359
3,48,97,-357
4,24,92,-356
4,7,79,-353
4,1,72,-328
4,3,71,-313
4,16,67,-328
4,35,72,-327
4,56,86,-337
4,67,99,-335
4,65,112,-330
4,41,112,-333
4,25,105,-337
